3.3
3.3
3.3
3.3
3.084834
3.070332
3.062275
3.054218
3.047773
3.03891
3.035688
3.02602
3.026825
3.013934
3.017157
3.001849
3.006683
2.992181
2.997821
2.988959
2.983319
2.984124
2.970428
2.978485
2.963177
2.971234
2.956731
2.962371
2.953509
2.953509
2.947063
2.947063
2.941424
2.939812
2.938201
2.934978
2.93095
2.928533
2.924504
2.924504
2.918865
2.921282
2.914836
2.915642
2.908391
2.914031
2.902751
2.912419
2.897111
2.908391
2.896306
2.898723
2.896306
2.890666
2.897111
2.88417
2.8955
2.882559
2.891472
2.880948
2.885781
2.878531
2.881753
2.876919
2.876919
2.874502
2.875308
2.872085
2.872085
2.87128
2.869668
2.868057
2.868057
2.86564
2.866445
2.862417
2.864028
2.859194
2.864834
2.85436
2.861611
2.851137
2.862417
2.850332
2.857583
2.853555
2.850332
2.85436
2.843886
2.855166
2.843886
2.852749
2.843081
2.850332
2.842275
2.846303
2.843081
2.843081
2.841469
2.841469
2.840664
2.839052
2.839052
2.836635
2.837441
2.837441
2.834218
2.837441
2.831801
2.836635
2.828578
2.837441
2.826162
2.83583
2.823745
2.833413
2.826967
2.826967
2.829384
2.822939
2.83019
2.821327
2.830996
2.81891
2.826967
2.819716
2.826967
2.819716
2.822939
2.819716
2.821327
2.818105
2.81891
2.818105
2.817299
2.818105
2.816494
2.814882
2.814882
2.814076
2.813271
2.813271
2.814882
2.809242
2.814882
2.806825
2.814882
2.806825
2.814076
2.804408
2.814076
2.805214
2.809242
2.809242
2.802797
2.811659
2.801186
2.811659
2.801186
2.808437
2.801991
2.807631
2.80038
2.804408
2.802797
2.801991
2.801186
2.80038
2.80038
2.80038
2.80038
2.80038
2.798769
2.798769
2.797157
2.799574
2.796351
2.799574
2.793129
2.799574
2.790712
2.801186
2.7891
2.797963
2.791517
2.79474
2.793934
2.790712
2.797157
2.786683
2.797157
2.787489
2.796351
2.786683
2.79474
2.787489
2.791517
2.7891
2.789906
2.788295
2.788295
2.786683
2.787489
2.788295
2.785878
2.787489
2.785878
2.785878
2.786683
2.785072
2.785072
2.782655
2.787489
2.781044
2.785878
2.780238
2.787489
2.777821
2.786683
2.778627
2.785072
2.778627
2.782655
2.781849
2.779432
2.782655
2.775404
2.785072
2.773793
2.784266
2.773793
2.782655
2.774598
2.781849
2.774598
2.778627
2.77621
2.778627
2.775404
2.777821
2.77621
2.775404
2.774598
2.774598
2.77621
2.775404
2.773793
2.772987
2.772987
2.772987
2.772181
2.773793
2.77057
2.775404
2.768959
2.777015
2.767347
2.77621
2.767347
2.774598
2.768959
2.771375
2.772987
2.769764
2.773793
2.765736
2.774598
2.763319
2.773793
2.767347
2.77057
2.766541
2.768959
2.767347
2.767347
2.765736
2.766541
2.766541
2.765736
2.766541
2.764124
2.766541
2.766541
2.764124
2.768959
2.763319
2.766541
2.760902
2.769764
2.760096
2.768959
2.760096
2.762513
2.762513
2.760096
2.767347
2.758485
2.766541
2.75929
2.766541
2.757679
2.763319
2.760096
2.760902
2.75929
2.760902
2.760096
2.760096
2.760096
2.760096
2.760096
2.760096
2.75929
2.760902
2.756068
2.762513
2.755262
2.764124
2.754456
2.762513
2.756873
2.756873
2.760096
2.755262
2.761707
2.751234
2.75929
2.755262
2.75929
2.754456
2.756068
2.756068
2.756873
2.756068
2.756068
2.755262
2.754456
2.756068
2.755262
2.753651
2.756068
2.751234
2.757679
2.750428
2.758485
2.749622
2.758485
2.751234
2.753651
2.756873
2.750428
2.756873
2.748011
2.756873
2.748011
2.755262
2.750428
2.753651
2.751234
2.752845
2.751234
2.752039
2.752039
2.751234
2.750428
2.752845
2.750428
2.751234
2.748816
2.752039
2.747205
2.752039
2.7464
2.752845
2.744788
2.751234
2.7464
2.749622
2.748011
2.747205
2.751234
2.743983
2.753651
2.743177
2.751234
2.7464
2.748816
2.744788
2.748816
2.7464
2.747205
2.745594
2.747205
2.745594
2.745594
2.7464
2.745594
2.743983
2.745594
2.743983
2.747205
2.744788
2.747205
2.741565
2.748011
2.739954
2.748011
2.739954
2.748816
2.74076
2.745594
2.742371
2.742371
2.744788
2.74076
2.7464
2.738343
2.747205
2.737537
2.7464
2.738343
2.744788
2.739954
2.744788
2.739954
2.743177
2.739954
2.742371
2.74076
2.741565
2.739148
2.741565
2.739148
2.739954
2.74076
2.739954
2.739148
2.739954
2.739954
2.739954
2.738343
2.739954
2.738343
2.739954
2.73512
2.74076
2.733509
2.742371
2.733509
2.743177
2.733509
2.74076
2.733509
2.74076
2.731897
2.736732
2.734314
2.735926
2.739148
2.733509
2.739954
2.731897
2.739954
2.731897
2.739148
2.732703
2.737537
2.732703
2.735926
2.734314
2.736732
2.733509
2.736732
2.734314
2.734314
2.734314
2.733509
2.732703
2.734314
2.733509
2.733509
2.734314
2.733509
2.731897
2.734314
2.731092
2.73512
2.730286
2.73512
2.731092
2.73512
2.727063
2.735926
2.727869
2.73512
2.728675
2.732703
2.730286
2.72948
2.733509
2.727063
2.734314
2.726258
2.73512
2.725452
2.734314
2.727063
2.733509
2.727869
2.731897
2.727869
2.730286
2.727869
2.730286
2.72948
2.730286
2.728675
2.728675
2.72948
2.727869
2.728675
2.728675
2.728675
2.728675
2.726258
2.727869
2.725452
2.727869
2.725452
2.728675
2.724646
2.72948
2.724646
2.731092
2.723035
2.731092
2.723841
2.72948
2.723035
2.727063
2.723841
2.724646
2.726258
2.721424
2.72948
2.723035
2.72948
2.721424
2.727869
2.722229
2.727869
2.722229
2.725452
2.723035
2.723841
2.722229
2.723035
2.723841
2.723035
2.723035
2.722229
2.722229
2.723035
2.722229
2.723035
2.721424
2.723841
2.720618
2.723841
2.719007
2.727063
2.717395
2.726258
2.718201
2.723841
2.720618
2.721424
2.722229
2.718201
2.724646
2.717395
2.724646
2.717395
2.723035
2.718201
2.722229
2.718201
2.721424
2.718201
2.720618
2.717395
2.718201
2.719007
2.719812
2.719007
2.719007
2.719007
2.719007
2.719007
2.718201
2.717395
2.719007
2.719007
2.719007
2.717395
2.721424
2.715784
2.719812
2.714978
2.720618
2.713367
2.721424
2.712561
2.720618
2.712561
2.720618
2.714978
2.717395
2.715784
2.714173
2.722229
2.712561
2.719812
2.711756
2.721424
2.713367
2.719007
2.713367
2.717395
2.711756
2.716589
2.714173
2.716589
2.714173
2.715784
2.714173
2.714173
2.714173
2.713367
2.713367
2.715784
2.714173
2.714173
2.715784
2.714173
2.713367
2.714173
2.714173
2.714173
2.71095
2.715784
2.71095
2.714978
2.709338
2.715784
2.709338
2.716589
2.708533
2.714978
2.71095
2.712561
2.713367
2.708533
2.714978
2.707727
2.715784
2.707727
2.712561
2.708533
2.712561
2.709338
2.711756
2.711756
2.712561
2.71095
2.71095
2.71095
2.71095
2.711756
2.710144
2.709338
2.709338
2.709338
2.71095
2.708533
2.711756
2.706921
2.711756
2.706921
2.713367
2.704504
2.712561
2.70531
2.71095
2.706921
2.709338
2.709338
2.707727
2.71095
2.704504
2.71095
2.704504
2.711756
2.704504
2.71095
2.70531
2.709338
2.70531
2.709338
2.706116
2.709338
2.707727
2.707727
2.706921
2.706921
2.706921
2.706921
2.707727
2.706921
2.706921
2.706921
2.706921
2.70531
2.706116
2.706921
2.706116
2.706921
2.70531
2.70531
2.704504
2.70531
2.704504
2.708533
2.703699
2.707727
2.702087
2.708533
2.701282
2.707727
2.702087
2.709338
2.701282
2.707727
2.701282
2.707727
2.702087
2.706921
2.702893
2.707727
2.703699
2.702893
2.70531
2.702893
2.706116
2.702087
2.706116
2.69967
2.706116
2.69967
2.706921
2.698059
2.706921
2.69967
2.706921
2.697253
2.706116
2.700476
2.706116
2.702087
2.70531
2.700476
2.703699
2.700476
2.704504
2.702893
2.702893
2.702087
2.702087
2.702087
2.702087
2.702087
2.702893
2.702087
2.702087
2.69967
2.702087
2.702087
2.701282
2.701282
2.702087
2.702087
2.701282
2.701282
2.701282
2.701282
2.702087
2.702087
2.700476
2.698865
2.702087
2.700476
2.702893
2.698865
2.701282
2.698865
2.702893
2.698059
2.702893
2.697253
2.702087
2.696448
2.702893
2.697253
2.702893
2.695642
2.702893
2.696448
2.702893
2.695642
2.703699
2.696448
2.702087
2.695642
2.702087
2.696448
2.703699
2.696448
2.701282
2.696448
2.701282
2.696448
2.698059
2.69967
2.697253
2.69967
2.696448
2.701282
2.695642
2.702087
2.694836
2.702087
2.693225
2.702087
2.693225
2.701282
2.692419
2.700476
2.694836
2.701282
2.694836
2.700476
2.695642
2.698865
2.694031
2.698865
2.694836
2.698865
2.695642
2.697253
2.696448
2.696448
2.696448
2.698865
2.696448
2.698059
2.696448
2.696448
2.694836
2.697253
2.697253
2.696448
2.695642
2.696448
2.697253
2.696448
2.697253
2.696448
2.694836
2.694836
2.694836
2.696448
2.694031
2.696448
2.694836
2.695642
2.694836
2.695642
2.694031
2.697253
2.694031
2.696448
2.693225
2.697253
2.693225
2.698865
2.693225
2.698059
2.691614
2.697253
2.690002
2.698865
2.691614
2.698059
2.692419
2.696448
2.694031
2.695642
2.694836
2.694836
2.694836
2.692419
2.695642
2.691614
2.698059
2.690002
2.698059
2.690002
2.698059
2.691614
2.696448
2.690808
2.696448
2.691614
2.694836
2.690002
2.695642
2.690808
2.694836
2.690808
2.694031
2.692419
2.693225
2.692419
2.692419
2.692419
2.692419
2.690808
2.691614
2.692419
2.691614
2.693225
2.693225
2.691614
2.692419
2.692419
2.692419
2.691614
2.693225
2.690808
2.692419
2.690002
2.693225
2.690808
2.694031
2.690002
2.694836
2.689197
2.694031
2.688391
2.695642
2.690002
2.695642
2.686779
2.694836
2.689197
2.695642
2.689197
2.694031
2.690002
2.691614
2.693225
2.689197
2.694031
2.689197
2.694836
2.686779
2.695642
2.685974
2.695642
2.686779
2.696448
2.688391
2.694836
2.686779
2.694031
2.686779
2.694836
2.687585
2.693225
2.689197
2.692419
2.688391
2.692419
2.690002
2.692419
2.689197
2.691614
2.689197
2.691614
2.691614
2.691614
2.690808
2.690808
2.690808
2.690808
2.690002
2.690002
2.691614
2.690808
2.690808
2.690808
2.689197
2.689197
2.688391
2.690808
2.690808
2.690808
2.690808
2.690808
2.689197
2.691614
2.689197
2.690808
2.688391
2.690808
2.689197
2.692419
2.687585
2.691614
2.687585
2.693225
2.686779
2.690808
2.687585
2.692419
2.685974
2.691614
2.685974
2.692419
2.685974
2.693225
2.684362
2.693225
2.684362
2.692419
2.685168
2.692419
2.685168
2.692419
2.684362
2.691614
2.686779
2.691614
2.685974
2.691614
2.686779
2.691614
2.688391
2.688391
2.688391
2.689197
2.689197
2.686779
2.691614
2.685974
2.691614
2.686779
2.691614
2.684362
2.693225
2.683557
2.693225
2.684362
2.692419
2.684362
2.692419
2.685974
2.691614
2.685974
2.690808
2.685974
2.690808
2.685974
2.690808
2.687585
2.689197
2.688391
2.690002
2.687585
2.688391
2.686779
2.688391
2.685974
2.689197
2.687585
2.688391
2.688391
2.689197
2.686779
2.688391
2.688391
2.690808
2.688391
2.687585
2.686779
2.688391
2.686779
2.688391
2.685974
2.688391
2.685974
2.688391
2.688391
2.686779
2.687585
2.688391
2.687585
2.688391
2.685168
2.689197
2.685974
2.688391
2.685168
2.691614
2.685974
2.690002
2.685168
2.689197
2.685974
2.690808
2.684362
2.692419
2.684362
2.690808
2.683557
2.690808
2.683557
2.691614
2.683557
2.689197
2.685168
2.690808
2.685168
2.689197
2.686779
2.689197
2.685974
2.686779
2.685974
2.688391
2.685974
2.687585
2.686779
2.686779
2.685974
2.686779
2.685974
2.686779
2.687585
2.687585
2.688391
2.687585
2.687585
2.685974
2.688391
2.685974
2.689197
2.685974
2.686779
2.686779
2.686779
2.685974
2.687585
2.685168
2.688391
2.685974
2.688391
2.685974
2.686779
2.684362
2.685974
2.685974
2.685974
2.686779
2.687585
2.685168
2.685974
2.687585
2.686779
2.686779
2.686779
2.687585
2.685168
2.686779
2.687585
2.686779
2.686779
2.683557
2.685974
2.685168
2.686779
2.685974
2.686779
2.685974
2.686779
2.684362
2.688391
2.685168
2.687585
2.684362
2.688391
2.684362
2.689197
2.684362
2.690002
2.683557
2.689197
2.683557
2.689197
2.683557
2.688391
2.683557
2.690002
2.683557
2.690002
2.683557
2.690002
2.682751
2.689197
2.682751
2.690808
2.683557
2.690002
2.683557
2.689197
2.682751
2.689197
2.682751
2.690002
2.683557
2.689197
2.682751
2.689197
2.682751
2.690002
2.683557
2.689197
2.684362
2.690002
2.682751
2.690808
2.683557
2.690002
2.682751
2.690808
2.682751
2.688391
2.683557
2.689197
2.683557
2.688391
2.684362
2.690002
2.682751
2.689197
2.684362
2.688391
2.684362
2.688391
2.684362
2.689197
2.683557
2.689197
2.684362
2.689197
2.683557
2.689197
2.683557
2.688391
2.684362
2.689197
2.683557
2.690002
2.684362
2.689197
2.683557
2.688391
2.682751
2.690808
2.683557
2.690002
2.683557
2.689197
2.681946
2.690002
2.681946
2.690002
2.683557
2.690002
2.681946
2.690002
2.684362
2.690002
2.681946
2.690002
2.684362
2.690002
2.683557
2.689197
2.683557
2.689197
2.684362
2.689197
2.683557
2.687585
2.683557
2.691614
2.682751
2.688391
2.684362
2.688391
2.683557
2.688391
2.683557
2.686779
2.685168
2.686779
2.685168
2.689197
2.685168
2.686779
2.684362
2.685974
2.685168
2.687585
2.685168
2.686779
2.684362
2.686779
2.686779
2.684362
2.685974
2.687585
2.685974
2.687585
2.685168
2.688391
2.685974
2.685974
2.685168
2.688391
2.686779
2.686779
2.686779
2.686779
2.686779
2.685974
2.685974
2.686779
2.685168
2.685974
2.685974
2.685974
2.686779
2.686779
2.687585
2.687585
2.685974
2.686779
2.687585
2.686779
2.685974
2.685974
2.686779
2.686779
2.686779
2.686779
2.687585
2.686779
2.686779
2.688391
2.685974
2.686779
2.685168
2.686779
2.685974
2.686779
2.685974
2.688391
2.685974
2.686779
2.688391
2.686779
2.685974
2.686779
2.686779
2.688391
2.685168
2.688391
2.685168
2.685974
2.685168
2.688391
2.686779
2.688391
2.685168
2.688391
2.684362
2.689197
2.684362
2.688391
2.684362
2.690002
2.684362
2.690002
2.682751
2.690002
2.682751
2.689197
2.683557
2.691614
2.683557
2.690002
2.684362
2.689197
2.683557
2.686779
2.685974
2.687585
2.686779
2.686779
2.689197
2.685168
2.688391
2.684362
2.691614
2.684362
2.690002
2.681946
2.691614
2.682751
2.690808
2.684362
2.690002
2.685168
2.690002
2.684362
2.688391
2.686779
2.688391
2.685168
2.689197
2.685168
2.688391
2.685974
2.690002
2.686779
2.688391
2.686779
2.687585
2.687585
2.687585
2.688391
2.685974
2.687585
2.686779
2.687585
2.688391
2.687585
2.686779
2.686779
2.688391
2.687585
2.688391
2.685974
2.688391
2.685974
2.688391
2.684362
2.690002
2.684362
2.690808
2.685168
2.690808
2.683557
2.692419
2.683557
2.691614
2.682751
2.691614
2.684362
2.690808
2.683557
2.690002
2.685168
2.689197
2.685974
2.686779
2.689197
2.685974
2.690808
2.684362
2.690808
2.683557
2.690808
2.684362
2.692419
2.683557
2.691614
2.684362
2.690002
2.685168
2.690002
2.686779
2.689197
2.686779
2.689197
2.685974
2.688391
2.688391
2.688391
2.688391
2.688391
2.687585
2.687585
2.689197
2.689197
2.686779
2.689197
2.689197
2.687585
2.686779
2.688391
2.687585
2.688391
2.688391
2.688391
2.688391
2.688391
2.689197
2.688391
2.688391
2.687585
2.685168
2.689197
2.686779
2.690808
2.685974
2.690002
2.686779
2.690808
2.685168
2.691614
2.685168
2.690808
2.684362
2.692419
2.685168
2.692419
2.685168
2.692419
2.685168
2.692419
2.684362
2.690002
2.683557
2.695642
2.684362
2.690808
2.685168
2.690002
2.685974
2.692419
2.685974
2.690808
2.685974
2.689197
2.686779
2.689197
2.688391
2.688391
2.688391
2.687585
2.690002
2.686779
2.691614
2.685168
2.691614
2.683557
2.693225
2.684362
2.693225
2.684362
2.690808
2.684362
2.691614
2.685974
2.691614
2.685974
2.690002
2.686779
2.690808
2.687585
2.690808
2.687585
2.689197
2.688391
2.690808
2.686779
2.690002
2.689197
2.688391
2.688391
2.688391
2.689197
2.689197
2.689197
2.690002
2.688391
2.690002
2.689197
2.689197
2.689197
2.689197
2.690002
2.689197
2.688391
2.690002
2.687585
2.690808
2.688391
2.690808
2.685974
2.692419
2.687585
2.690808
2.686779
2.693225
2.685168
2.693225
2.685168
2.693225
2.686779
2.692419
2.685974
2.692419
2.685974
2.693225
2.686779
2.690808
2.689197
2.689197
2.690808
2.687585
2.691614
2.686779
2.692419
2.686779
2.692419
2.685168
2.693225
2.685168
2.691614
2.686779
2.693225
2.685974
2.692419
2.686779
2.691614
2.689197
2.692419
2.689197
2.690002
2.690002
2.690808
2.688391
2.690808
2.690002
2.689197
2.688391
2.689197
2.689197
2.691614
2.689197
2.689197
2.689197
2.689197
2.690002
2.689197
2.690002
2.689197
2.690002
2.690002
2.689197
2.689197
2.689197
2.689197
2.689197
2.690808
2.688391
2.692419
2.688391
2.691614
2.687585
2.694031
2.688391
2.692419
2.686779
2.692419
2.688391
2.691614
2.686779
2.692419
2.686779
2.694031
2.685974
2.694031
2.685974
2.694031
2.685974
2.693225
2.686779
2.694031
2.688391
2.691614
2.689197
2.690002
2.691614
2.686779
2.694031
2.688391
2.694836
2.687585
2.694836
2.685974
2.694031
2.686779
2.693225
2.688391
2.693225
2.688391
2.690808
2.690002
2.691614
2.689197
2.690808
2.691614
2.690002
2.691614
2.690808
2.690002
2.691614
2.690808
2.690808
2.690808
2.690808
2.690808
2.690808
2.690808
2.690808
2.690002
2.691614
2.690808
2.690808
2.690002
2.691614
2.689197
2.692419
2.687585
2.692419
2.688391
2.692419
2.685168
2.695642
2.685974
2.694031
2.686779
2.694836
2.688391
2.694031
2.689197
2.693225
2.690002
2.692419
2.691614
2.690808
2.693225
2.690002
2.694031
2.688391
2.693225
2.688391
2.695642
2.688391
2.694031
2.687585
2.694836
2.689197
2.694031
2.690002
2.693225
2.690002
2.693225
2.691614
2.692419
2.691614
2.693225
2.691614
2.690808
2.690808
2.690002
2.691614
2.692419
2.691614
2.691614
2.693225
2.691614
2.690808
2.690808
2.692419
2.691614
2.690808
2.692419
2.691614
2.690808
2.691614
2.693225
2.691614
2.692419
2.691614
2.692419
2.691614
2.694031
2.690002
2.692419
2.692419
2.693225
2.690808
2.693225
2.690808
2.693225
2.690002
2.694836
2.690002
2.694836
2.688391
2.695642
2.689197
2.694836
2.688391
2.696448
2.688391
2.696448
2.689197
2.696448
2.689197
2.695642
2.690002
2.694836
2.691614
2.694031
2.692419
2.690002
2.692419
2.690808
2.695642
2.691614
2.695642
2.690002
2.696448
2.689197
2.694836
2.690002
2.695642
2.689197
2.695642
2.690808
2.694836
2.689197
2.697253
2.690808
2.694836
2.690808
2.694836
2.691614
2.694031
2.691614
2.694031
2.691614
2.693225
2.691614
2.691614
2.692419
2.692419
2.693225
2.693225
2.693225
2.691614
2.692419
2.693225
2.692419
2.693225
2.691614
2.694836
2.692419
2.694031
2.690808
2.695642
2.690808
2.694836
2.691614
2.696448
2.688391
2.697253
2.689197
2.696448
2.689197
2.694836
2.692419
2.694836
2.693225
2.692419
2.695642
2.691614
2.695642
2.690808
2.696448
2.690808
2.695642
2.690808
2.694836
2.692419
2.695642
2.691614
2.695642
2.693225
2.694836
2.692419
2.694836
2.694031
2.694836
2.694031
2.694836
2.693225
2.694031
2.693225
2.694836
2.694836
2.694031
2.693225
2.694836
2.691614
2.694031
2.693225
2.694031
2.692419
2.694836
2.692419
2.695642
2.691614
2.696448
2.692419
2.695642
2.691614
2.698059
2.690808
2.698059
2.690002
2.698059
2.691614
2.698059
2.691614
2.694836
2.694836
2.692419
2.696448
2.690808
2.697253
2.690002
2.698059
2.691614
2.698865
2.690808
2.697253
2.692419
2.696448
2.691614
2.695642
2.694031
2.696448
2.694031
2.694836
2.693225
2.695642
2.692419
2.694031
2.694031
2.694031
2.696448
2.694031
2.694836
2.694836
2.696448
2.694836
2.694031
2.696448
2.694836
2.695642
2.694836
2.695642
2.694031
2.695642
2.692419
2.694836
2.692419
2.696448
2.692419
2.697253
2.692419
2.697253
2.690808
2.698865
2.690002
2.697253
2.690808
2.698059
2.691614
2.698059
2.694031
2.697253
2.694836
2.695642
2.694836
2.694031
2.696448
2.691614
2.696448
2.694031
2.698059
2.693225
2.698865
2.691614
2.698865
2.691614
2.698865
2.690808
2.698059
2.692419
2.698059
2.692419
2.698865
2.693225
2.697253
2.692419
2.697253
2.693225
2.696448
2.695642
2.697253
2.696448
2.694836
2.696448
2.695642
2.694836
2.696448
2.696448
2.695642
2.693225
2.696448
2.696448
2.695642
2.696448
2.694836
2.694031
2.696448
2.693225
2.696448
2.693225
2.698059
2.692419
2.697253
2.693225
2.697253
2.691614
2.69967
2.692419
2.700476
2.692419
2.698865
2.694836
2.697253
2.695642
2.695642
2.696448
2.694031
2.698059
2.693225
2.701282
2.692419
2.698865
2.692419
2.69967
2.694836
2.698865
2.694031
2.69967
2.694836
2.696448
2.694031
2.697253
2.695642
2.698865
2.696448
2.697253
2.695642
2.696448
2.696448
2.695642
2.696448
2.697253
2.698059
2.697253
2.697253
2.698865
2.696448
2.697253
2.696448
2.697253
2.694836
2.698865
2.696448
2.69967
2.694836
2.700476
2.694031
2.69967
2.694836
2.701282
2.690808
2.700476
2.693225
2.698059
2.695642
2.698059
2.698059
2.695642
2.700476
2.693225
2.69967
2.692419
2.69967
2.694836
2.701282
2.694836
2.698865
2.695642
2.698865
2.696448
2.697253
2.696448
2.697253
2.696448
2.697253
2.698059
2.697253
2.696448
2.696448
2.698059
2.697253
2.697253
2.698059
2.697253
2.698865
2.696448
2.698865
2.696448
2.701282
2.694031
2.701282
2.692419
2.702893
2.693225
2.701282
2.696448
2.698059
2.697253
2.696448
2.701282
2.693225
2.701282
2.694836
2.701282
2.695642
2.700476
2.696448
2.69967
2.697253
2.698059
2.698059
2.698865
2.698059
2.695642
2.698059
2.698059
2.696448
2.698865
2.697253
2.69967
2.696448
2.69967
2.695642
2.702087
2.693225
2.702893
2.694836
2.701282
2.696448
2.698865
2.698865
2.696448
2.700476
2.694836
2.702893
2.694836
2.702087
2.696448
2.702087
2.697253
2.698865
2.698865
2.69967
2.69967
2.698059
2.69967
2.698865
2.698059
2.698059
2.698865
2.698059
2.698059
2.698059
2.698865
2.698865
2.698059
2.69967
2.696448
2.700476
2.696448
2.702087
2.694031
2.703699
2.694031
2.703699
2.696448
2.702893
2.695642
2.69967
2.698059
2.698059
2.702087
2.696448
2.702893
2.694836
2.703699
2.695642
2.703699
2.697253
2.702087
2.696448
2.701282
2.698865
2.700476
2.69967
2.701282
2.698059
2.69967
2.698865
2.701282
2.700476
2.69967
2.69967
2.69967
2.698865
2.700476
2.698865
2.69967
2.698865
2.700476
2.698059
2.700476
2.698865
2.702087
2.696448
2.701282
2.696448
2.704504
2.697253
2.703699
2.695642
2.702893
2.696448
2.702087
2.698059
2.701282
2.69967
2.698865
2.702893
2.696448
2.704504
2.695642
2.703699
2.698059
2.703699
2.698059
2.702087
2.698865
2.69967
2.69967
2.701282
2.69967
2.701282
2.701282
2.69967
2.700476
2.702087
2.69967
2.701282
2.701282
2.701282
2.701282
2.702893
2.698059
2.703699
2.698059
2.704504
2.697253
2.704504
2.695642
2.704504
2.697253
2.703699
2.698865
2.701282
2.701282
2.698865
2.703699
2.696448
2.704504
2.697253
2.704504
2.698059
2.704504
2.698059
2.702087
2.700476
2.702893
2.700476
2.701282
2.701282
2.702087
2.702087
2.702893
2.701282
2.701282
2.702087
2.701282
2.702087
2.702087
2.701282
2.703699
2.700476
2.703699
2.698865
2.704504
2.69967
2.704504
2.698059
2.706116
2.698865
2.706116
2.69967
2.702087
2.703699
2.69967
2.704504
2.698865
2.704504
2.698059
2.70531
2.69967
2.703699
2.69967
2.703699
2.701282
2.703699
2.702893
2.702893
2.702087
2.702893
2.702893
2.702087
2.702087
2.702087
2.702087
2.703699
2.702893
2.702893
2.701282
2.704504
2.700476
2.706921
2.69967
2.70531
2.697253
2.706116
2.701282
2.706116
2.701282
2.703699
2.70531
2.701282
2.706921
2.698865
2.706116
2.701282
2.70531
2.700476
2.704504
2.701282
2.70531
2.703699
2.702087
2.703699
2.702087
2.703699
2.703699
2.702893
2.702893
2.702087
2.704504
2.700476
2.703699
2.69967
2.706921
2.698059
2.706921
2.700476
2.706116
2.702893
2.700476
2.706116
2.698865
2.706921
2.69967
2.706116
2.701282
2.704504
2.702087
2.704504
2.702893
2.704504
2.702893
2.703699
2.704504
2.702087
2.702893
2.704504
2.703699
2.703699
2.702087
2.704504
2.702087
2.704504
2.702087
2.70531
2.702087
2.706116
2.701282
2.706116
2.69967
2.707727
2.700476
2.706116
2.702087
2.704504
2.70531
2.701282
2.707727
2.700476
2.706921
2.69967
2.70531
2.702087
2.707727
2.701282
2.704504
2.703699
2.706116
2.703699
2.703699
2.70531
2.704504
2.704504
2.70531
2.704504
2.702893
2.70531
2.704504
2.704504
2.703699
2.704504
2.706116
2.704504
2.70531
2.702087
2.706116
2.701282
2.706116
2.701282
2.706921
2.698865
2.708533
2.701282
2.706921
2.702087
2.706116
2.703699
2.703699
2.706116
2.701282
2.707727
2.701282
2.707727
2.701282
2.707727
2.703699
2.706116
2.702087
2.706921
2.702893
2.706116
2.702893
2.70531
2.70531
2.70531
2.704504
2.704504
2.704504
2.704504
2.704504
2.70531
2.70531
2.704504
2.703699
2.70531
2.702893
2.706116
2.703699
2.706116
2.702087
2.70531
2.702893
2.707727
2.701282
2.708533
2.701282
2.707727
2.702087
2.708533
2.702893
2.706921
2.703699
2.706116
2.70531
2.703699
2.706921
2.701282
2.708533
2.702087
2.708533
2.702087
2.708533
2.702087
2.708533
2.702087
2.707727
2.702087
2.707727
2.702893
2.706921
2.704504
2.706116
2.70531
2.706116
2.706116
2.70531
2.706116
2.70531
2.70531
2.704504
2.703699
2.706116
2.706116
2.70531
2.70531
2.704504
2.704504
2.706116
2.704504
2.706921
2.703699
2.707727
2.702893
2.708533
2.704504
2.707727
2.702087
2.707727
2.702893
2.709338
2.702087
2.710144
2.702087
2.709338
2.702893
2.707727
2.704504
2.707727
2.706116
2.706116
2.707727
2.703699
2.707727
2.702087
2.709338
2.702087
2.709338
2.702893
2.708533
2.703699
2.708533
2.702893
2.708533
2.703699
2.707727
2.70531
2.706921
2.706116
2.706921
2.706116
2.70531
2.706116
2.706116
2.706116
2.706921
2.706116
2.707727
2.706921
2.706921
2.706116
2.706921
2.70531
2.708533
2.703699
2.707727
2.704504
2.708533
2.704504
2.710144
2.70531
2.709338
2.703699
2.709338
2.702893
2.709338
2.704504
2.708533
2.706921
2.70531
2.709338
2.704504
2.710144
2.702087
2.709338
2.702893
2.709338
2.704504
2.709338
2.704504
2.71095
2.706116
2.707727
2.706116
2.706921
2.706921
2.706921
2.706921
2.707727
2.706921
2.707727
2.706116
2.707727
2.707727
2.706116
2.707727
2.707727
2.706921
2.706921
2.706116
2.707727
2.706921
2.71095
2.706116
2.709338
2.70531
2.709338
2.70531
2.709338
2.704504
2.710144
2.704504
2.710144
2.704504
2.71095
2.703699
2.710144
2.702893
2.71095
2.702893
2.71095
2.702893
2.709338
2.70531
2.710144
2.70531
2.709338
2.706116
2.709338
2.706116
2.709338
2.707727
2.707727
2.707727
2.708533
2.707727
2.707727
2.706921
2.707727
2.707727
2.704504
2.706921
2.707727
2.708533
2.706116
2.708533
2.70531
2.709338
2.706921
2.710144
2.70531
2.709338
2.70531
2.709338
2.703699
2.71095
2.704504
2.710144
2.704504
2.71095
2.703699
2.711756
2.70531
2.710144
2.704504
2.71095
2.70531
2.711756
2.704504
2.71095
2.703699
2.711756
2.70531
2.71095
2.704504
2.71095
2.70531
2.71095
2.70531
2.711756
2.70531
2.709338
2.70531
2.710144
2.70531
2.710144
2.70531
2.71095
2.706921
2.708533
2.706116
2.709338
2.706921
2.709338
2.706116
2.709338
2.706116
2.708533
2.706921
2.709338
2.707727
2.707727
2.706921
2.706921
2.706921
2.708533
2.706921
2.707727
2.707727
2.706921
2.709338
2.708533
2.706921
2.707727
2.708533
2.708533
2.707727
2.708533
2.707727
2.707727
2.706921
2.707727
2.708533
2.708533
2.707727
2.709338
2.708533
2.707727
2.707727
2.708533
2.708533
2.709338
2.706116
2.708533
2.706116
2.71095
2.70531
2.71095
2.70531
2.712561
2.70531
2.71095
2.706921
2.710144
2.70531
2.712561
2.70531
2.711756
2.70531
2.711756
2.70531
2.71095
2.706921
2.710144
2.707727
2.707727
2.709338
2.707727
2.71095
2.706921
2.711756
2.70531
2.711756
2.706921
2.712561
2.704504
2.712561
2.706921
2.712561
2.706921
2.711756
2.707727
2.71095
2.706921
2.709338
2.707727
2.711756
2.70531
2.710144
2.707727
2.710144
2.708533
2.709338
2.707727
2.709338
2.707727
2.708533
2.707727
2.71095
2.707727
2.710144
2.707727
2.709338
2.708533
2.710144
2.709338
2.709338
2.708533
2.709338
2.708533
2.708533
2.709338
2.708533
2.708533
2.71095
2.709338
2.709338
2.709338
2.708533
2.709338
2.708533
2.709338
2.708533
2.709338
2.707727
2.709338
2.710144
2.708533
2.710144
2.709338
2.709338
2.707727
2.710144
2.708533
2.71095
2.708533
2.71095
2.706921
2.710144
2.707727
2.71095
2.707727
2.712561
2.706921
2.711756
2.707727
2.711756
2.706116
2.713367
2.707727
2.712561
2.706116
2.713367
2.706116
2.712561
2.706116
2.712561
2.706921
2.712561
2.70531
2.713367
2.706921
2.711756
2.706921
2.713367
2.706921
2.711756
2.70531
2.711756
2.706116
2.711756
2.708533
2.711756
2.706921
2.711756
2.709338
2.711756
2.708533
2.711756
2.708533
2.71095
2.708533
2.711756
2.708533
2.711756
2.707727
2.711756
2.707727
2.71095
2.706921
2.715784
2.709338
2.712561
2.708533
2.711756
2.707727
2.71095
2.709338
2.710144
2.707727
2.71095
2.709338
2.711756
2.708533
2.712561
2.709338
2.711756
2.709338
2.711756
2.709338
2.711756
2.709338
2.711756
2.708533
2.71095
2.709338
2.71095
2.710144
2.71095
2.710144
2.71095
2.709338
2.711756
2.708533
2.710144
2.709338
2.712561
2.708533
2.71095
2.709338
2.712561
2.710144
2.711756
2.708533
2.712561
2.708533
2.712561
2.709338
2.715784
2.708533
2.711756
2.706921
2.713367
2.707727
2.714173
2.707727
2.713367
2.707727
2.713367
2.706921
2.714173
2.706116
2.714173
2.706921
2.714173
2.706921
2.714173
2.707727
2.714173
2.707727
2.714173
2.706921
2.711756
2.707727
2.714173
2.706921
2.712561
2.707727
2.711756
2.707727
2.714173
2.707727
2.712561
2.709338
2.712561
2.709338
2.712561
2.706921
2.71095
2.708533
2.711756
2.710144
2.713367
2.709338
2.712561
2.710144
2.71095
2.71095
2.711756
2.714978
2.710144
2.709338
2.711756
2.710144
2.712561
2.71095
2.711756
2.71095
2.711756
2.71095
2.71095
2.71095
2.711756
2.710144
2.710144
2.710144
2.712561
2.711756
2.711756
2.71095
2.71095
2.71095
2.71095
2.711756
2.712561
2.712561
2.71095
2.711756
2.711756
2.71095
2.711756
2.711756
2.71095
2.711756
2.711756
2.71095
2.712561
2.711756
2.711756
2.712561
2.712561
2.711756
2.71095
2.711756
2.71095
2.711756
2.711756
2.711756
2.711756
2.71095
2.712561
2.71095
2.712561
2.709338
2.711756
2.712561
2.71095
2.711756
2.711756
2.712561
2.711756
2.711756
2.712561
2.711756
2.711756
2.711756
2.71095
2.71095
2.711756
2.711756
2.711756
2.71095
2.712561
2.713367
2.711756
2.710144
2.71095
2.71095
2.712561
2.711756
2.712561
2.711756
2.712561
2.711756
2.714173
2.711756
2.711756
2.711756
2.712561
2.711756
2.714173
2.712561
2.712561
2.712561
2.713367
2.711756
2.711756
2.712561
2.712561
2.711756
2.711756
2.71095
2.714173
2.71095
2.714173
2.711756
2.714173
2.71095
2.714173
2.71095
2.714978
2.710144
2.714978
2.709338
2.716589
2.709338
2.715784
2.71095
2.715784
2.71095
2.715784
2.710144
2.715784
2.709338
2.716589
2.708533
2.715784
2.709338
2.717395
2.710144
2.715784
2.708533
2.714978
2.710144
2.716589
2.710144
2.716589
2.711756
2.713367
2.713367
2.711756
2.714173
2.71095
2.714978
2.71095
2.715784
2.71095
2.715784
2.710144
2.715784
2.709338
2.716589
2.710144
2.715784
2.709338
2.715784
2.710144
2.714978
2.711756
2.714978
2.71095
2.714173
2.71095
2.712561
2.713367
2.714978
2.710144
2.713367
2.712561
2.714173
2.712561
2.714173
2.714173
2.714173
2.714978
2.711756
2.712561
2.712561
2.714173
2.714173
2.714978
2.714173
2.713367
2.714173
2.714173
2.712561
2.712561
2.712561
2.714173
2.713367
2.714978
2.714173
2.712561
2.714173
2.711756
2.714173
2.713367
2.714978
2.714173
2.714173
2.714173
2.713367
2.711756
2.714978
2.711756
2.715784
2.708533
2.714978
2.712561
2.716589
2.711756
2.717395
2.71095
2.717395
2.709338
2.719007
2.710144
2.717395
2.71095
2.715784
2.71095
2.717395
2.712561
2.714978
2.711756
2.714978
2.713367
2.714173
2.715784
2.712561
2.716589
2.711756
2.717395
2.710144
2.718201
2.710144
2.717395
2.71095
2.717395
2.710144
2.717395
2.71095
2.716589
2.71095
2.717395
2.711756
2.716589
2.71095
2.715784
2.712561
2.715784
2.711756
2.716589
2.712561
2.715784
2.714978
2.714978
2.713367
2.714978
2.714173
2.715784
2.714978
2.714173
2.714173
2.714978
2.714173
2.714173
2.712561
2.715784
2.714978
2.714173
2.712561
2.714978
2.714173
2.714978
2.713367
2.714978
2.713367
2.714978
2.714978
2.715784
2.714173
2.715784
2.715784
2.714978
2.714173
2.714978
2.715784
2.715784
2.712561
2.715784
2.714173
2.714978
2.713367
2.715784
2.713367
2.716589
2.712561
2.714978
2.713367
2.715784
2.713367
2.714173
2.714173
2.714978
2.714173
2.715784
2.713367
2.717395
2.712561
2.717395
2.713367
2.717395
2.714978
2.716589
2.714173
2.716589
2.714978
2.715784
2.712561
2.717395
2.712561
2.715784
2.713367
2.716589
2.714173
2.716589
2.713367
2.717395
2.714173
2.715784
2.714173
2.716589
2.714173
2.715784
2.714978
2.716589
2.713367
2.717395
2.714173
2.718201
2.714173
2.714978
2.714173
2.715784
2.714173
2.716589
2.714173
2.716589
2.714173
2.716589
2.714978
2.715784
2.714173
2.716589
2.714173
2.715784
2.714978
2.716589
2.714978
2.715784
2.714978
2.716589
2.714173
2.715784
2.713367
2.715784
2.714978
2.714173
2.715784
2.714978
2.715784
2.717395
2.714173
2.715784
2.714978
2.719007
2.714173
2.716589
2.714978
2.717395
2.712561
2.715784
2.714173
2.716589
2.712561
2.718201
2.713367
2.718201
2.714978
2.718201
2.714173
2.718201
2.713367
2.718201
2.714173
2.718201
2.713367
2.718201
2.712561
2.717395
2.712561
2.717395
2.713367
2.718201
2.712561
2.718201
2.713367
2.717395
2.712561
2.719007
2.714173
2.719812
2.712561
2.717395
2.713367
2.719007
2.712561
2.719812
2.711756
2.719812
2.711756
2.720618
2.712561
2.719812
2.711756
2.719007
2.71095
2.720618
2.713367
2.719007
2.712561
2.719007
2.713367
2.719812
2.71095
2.720618
2.712561
2.719812
2.711756
2.721424
2.712561
2.719007
2.712561
2.719812
2.712561
2.720618
2.714978
2.720618
2.712561
2.720618
2.712561
2.719007
2.712561
2.720618
2.713367
2.719812
2.712561
2.719007
2.714173
2.720618
2.714173
2.719812
2.712561
2.719812
2.711756
2.717395
2.712561
2.719007
2.713367
2.719007
2.713367
2.719812
2.713367
2.718201
2.714173
2.719007
2.714173
2.721424
2.713367
2.719812
2.712561
2.719812
2.713367
2.719007
2.714978
2.719007
2.713367
2.720618
2.713367
2.719812
2.712561
2.720618
2.713367
2.719812
2.712561
2.719812
2.711756
2.719812
2.714978
2.719812
2.712561
2.720618
2.714173
2.720618
2.714173
2.721424
2.712561
2.720618
2.713367
2.719007
2.714978
2.720618
2.714173
2.719007
2.714173
2.719007
2.713367
2.719007
2.714173
2.717395
2.714173
2.719812
2.713367
2.720618
2.715784
2.720618
2.713367
2.719007
2.714173
2.719812
2.714978
2.720618
2.714173
2.719812
2.713367
2.720618
2.714173
2.720618
2.714978
2.719812
2.714173
2.720618
2.714978
2.720618
2.714978
2.721424
2.714978
2.720618
2.714173
2.721424
2.713367
2.721424
2.714173
2.719812
2.714173
2.720618
2.713367
2.720618
2.714173
2.721424
2.714173
2.720618
2.714173
2.723841
2.714978
2.721424
2.714978
2.720618
2.714978
2.721424
2.712561
2.720618
2.714173
2.721424
2.714978
2.721424
2.714173
2.720618
2.713367
2.720618
2.715784
2.720618
2.714978
2.720618
2.713367
2.721424
2.714978
2.720618
2.713367
2.721424
2.714978
2.719812
2.714173
2.719812
2.715784
2.719812
2.716589
2.719812
2.715784
2.719007
2.718201
2.719812
2.717395
2.717395
2.718201
2.717395
2.720618
2.715784
2.720618
2.716589
2.719812
2.714978
2.721424
2.714978
2.721424
2.714978
2.721424
2.714978
2.722229
2.714173
2.720618
2.716589
2.720618
2.714978
2.720618
2.714978
2.719007
2.715784
2.719007
2.717395
2.721424
2.718201
2.719007
2.716589
2.720618
2.718201
2.720618
2.717395
2.719007
2.718201
2.719007
2.718201
2.718201
2.719007
2.719007
2.719007
2.719007
2.719007
2.717395
2.719007
2.719007
2.718201
2.719812
2.717395
2.719007
2.718201
2.719007
2.718201
2.719007
2.719007
2.718201
2.717395
2.718201
2.717395
2.719007
2.719007
2.719812
2.719007
2.718201
2.718201
2.719007
2.719007
2.718201
2.717395
2.719007
2.719007
2.718201
2.719007
2.717395
2.719812
2.718201
2.716589
2.719007
2.716589
2.718201
2.719007
2.719007
2.719007
2.722229
2.718201
2.718201
2.717395
2.719007
2.718201
2.719812
2.718201
2.718201
2.717395
2.720618
2.715784
2.720618
2.716589
2.720618
2.717395
2.722229
2.715784
2.720618
2.716589
2.723035
2.716589
2.723035
2.715784
2.721424
2.717395
2.722229
2.715784
2.722229
2.714978
2.722229
2.718201
2.721424
2.718201
2.719812
2.719007
2.719812
2.719007
2.719007
2.720618
2.717395
2.719812
2.717395
2.722229
2.717395
2.722229
2.715784
2.723035
2.714978
2.722229
2.714978
2.721424
2.715784
2.720618
2.715784
2.722229
2.717395
2.722229
2.717395
2.722229
2.717395
2.720618
2.717395
2.720618
2.717395
2.721424
2.717395
2.720618
2.719007
2.719812
2.720618
2.719007
2.720618
2.719007
2.719007
2.719812
2.721424
2.719812
2.719812
2.720618
2.719812
2.718201
2.719812
2.719812
2.718201
2.720618
2.718201
2.719812
2.719007
2.719007
2.719007
2.721424
2.718201
2.722229
2.715784
2.721424
2.715784
2.722229
2.714978
2.723035
2.715784
2.723841
2.715784
2.721424
2.715784
2.723035
2.717395
2.721424
2.718201
2.722229
2.719007
2.720618
2.719007
2.719812
2.719812
2.717395
2.722229
2.718201
2.723841
2.718201
2.723035
2.716589
2.723035
2.716589
2.723841
2.716589
2.723841
2.717395
2.723841
2.716589
2.723035
2.715784
2.722229
2.716589
2.722229
2.717395
2.722229
2.718201
2.723035
2.717395
2.722229
2.718201
2.722229
2.719812
2.721424
2.720618
2.721424
2.718201
2.720618
2.720618
2.720618
2.721424
2.719812
2.720618
2.719007
2.720618
2.720618
2.719812
2.719812
2.720618
2.719812
2.719812
2.719007
2.721424
2.719812
2.719007
2.719812
2.719812
2.719812
2.719812
2.720618
2.720618
2.720618
2.720618
2.720618
2.719812
2.719812
2.719812
2.720618
2.719812
2.719812
2.719812
2.721424
2.719812
2.721424
2.719812
2.720618
2.721424
2.720618
2.719812
2.722229
2.719812
2.720618
2.720618
2.721424
2.719007
2.721424
2.720618
2.720618
2.720618
2.720618
2.720618
2.721424
2.719812
2.721424
2.721424
2.719812
2.719007
2.723035
2.720618
2.722229
2.720618
2.723035
2.719812
2.721424
2.719812
2.721424
2.718201
2.723035
2.719007
2.722229
2.719812
2.722229
2.719007
2.723035
2.719007
2.723035
2.718201
2.723035
2.718201
2.723035
2.717395
2.723035
2.718201
2.723841
2.719007
2.722229
2.719007
2.723035
2.719007
2.723841
2.718201
2.722229
2.717395
2.724646
2.718201
2.723841
2.719812
2.724646
2.716589
2.725452
2.717395
2.725452
2.718201
2.723841
2.716589
2.724646
2.717395
2.723841
2.719007
2.723841
2.719007
2.723035
2.719812
2.722229
2.721424
2.720618
2.721424
2.719007
2.723841
2.718201
2.723035
2.717395
2.723841
2.718201
2.724646
2.718201
2.724646
2.719007
2.723841
2.719812
2.723841
2.719812
2.723035
2.721424
2.722229
2.719812
2.722229
2.721424
2.722229
2.720618
2.720618
2.721424
2.723841
2.720618
2.722229
2.722229
2.719812
2.722229
2.720618
2.721424
2.720618
2.720618
2.721424
2.720618
2.721424
2.721424
2.722229
2.720618
2.722229
2.719812
2.724646
2.718201
2.723841
2.719812
2.726258
2.718201
2.725452
2.719007
2.724646
2.717395
2.723841
2.719007
2.723035
2.721424
2.723035
2.722229
2.721424
2.723035
2.720618
2.723035
2.718201
2.727063
2.717395
2.725452
2.718201
2.725452
2.718201
2.725452
2.718201
2.725452
2.719007
2.724646
2.719812
2.723841
2.719812
2.724646
2.720618
2.723841
2.719812
2.721424
2.720618
2.723841
2.719812
2.722229
2.721424
2.723841
2.721424
2.723841
2.721424
2.722229
2.721424
2.722229
2.722229
2.722229
2.722229
2.723035
2.723035
2.721424
2.723841
2.721424
2.720618
2.721424
2.720618
2.723035
2.720618
2.721424
2.722229
2.723841
2.720618
2.723841
2.720618
2.723035
2.719812
2.723035
2.717395
2.724646
2.718201
2.724646
2.718201
2.725452
2.718201
2.724646
2.719812
2.723035
2.721424
2.723841
2.721424
2.720618
2.723841
2.720618
2.725452
2.719007
2.726258
2.718201
2.725452
2.719007
2.724646
2.719812
2.723841
2.719812
2.723035
2.720618
2.725452
2.721424
2.724646
2.721424
2.723841
2.721424
2.723841
2.722229
2.723035
2.722229
2.720618
2.723035
2.722229
2.722229
2.721424
2.722229
2.722229
2.722229
2.722229
2.723841
2.723841
2.722229
2.722229
2.722229
2.723841
2.720618
2.723841
2.721424
2.724646
2.719812
2.724646
2.721424
2.727063
2.719007
2.724646
2.719812
2.723841
2.719812
2.723841
2.720618
2.722229
2.722229
2.720618
2.725452
2.719007
2.726258
2.719007
2.727063
2.719007
2.725452
2.720618
2.725452
2.723035
2.724646
2.723841
2.723035
2.722229
2.723841
2.722229
2.722229
2.722229
2.723035
2.723035
2.723841
2.722229
2.723841
2.721424
2.723841
2.721424
2.724646
2.721424
2.726258
2.721424
2.724646
2.720618
2.727869
2.719812
2.727063
2.719812
2.727063
2.719812
2.723841
2.723035
2.722229
2.725452
2.721424
2.727063
2.719812
2.728675
2.719007
2.725452
2.719812
2.725452
2.720618
2.726258
2.721424
2.723841
2.721424
2.723841
2.722229
2.723841
2.723035
2.722229
2.723035
2.723035
2.723035
2.723841
2.721424
2.723841
2.723841
2.722229
2.725452
2.723841
2.723035
2.725452
2.722229
2.723035
2.723035
2.725452
2.721424
2.725452
2.721424
2.726258
2.721424
2.726258
2.721424
2.727063
2.720618
2.727063
2.719812
2.727063
2.719812
2.725452
2.720618
2.723841
2.725452
2.722229
2.725452
2.720618
2.727063
2.719007
2.726258
2.720618
2.725452
2.717395
2.726258
2.722229
2.725452
2.722229
2.724646
2.722229
2.724646
2.723035
2.724646
2.723035
2.724646
2.723841
2.723841
2.723841
2.723035
2.723841
2.723841
2.723841
2.724646
2.722229
2.723841
2.723841
2.724646
2.723035
2.724646
2.723035
2.725452
2.723035
2.724646
2.722229
2.726258
2.721424
2.727063
2.721424
2.725452
2.720618
2.727063
2.719812
2.727869
2.719007
2.726258
2.721424
2.727063
2.722229
2.725452
2.723841
2.724646
2.723841
2.721424
2.727063
2.720618
2.727869
2.720618
2.728675
2.719812
2.728675
2.719812
2.727063
2.722229
2.727063
2.721424
2.727063
2.719812
2.725452
2.721424
2.726258
2.724646
2.723841
2.723841
2.724646
2.724646
2.723841
2.725452
2.723841
2.724646
2.723841
2.724646
2.723841
2.723841
2.723035
2.723841
2.723841
2.723841
2.724646
2.723841
2.724646
2.724646
2.723841
2.723035
2.726258
2.722229
2.725452
2.721424
2.727869
2.722229
2.727869
2.721424
2.727869
2.720618
2.728675
2.720618
2.727869
2.721424
2.727063
2.721424
2.726258
2.723035
2.726258
2.723841
2.724646
2.726258
2.721424
2.724646
2.722229
2.727869
2.721424
2.727869
2.720618
2.727869
2.722229
2.727869
2.721424
2.726258
2.723035
2.726258
2.723035
2.725452
2.723035
2.725452
2.723841
2.724646
2.723841
2.724646
2.723841
2.726258
2.725452
2.725452
2.723841
2.724646
2.723841
2.723035
2.724646
2.723841
2.724646
2.725452
2.724646
2.725452
2.723841
2.726258
2.723841
2.724646
2.723841
2.725452
2.722229
2.727063
2.722229
2.726258
2.722229
2.727869
2.721424
2.72948
2.721424
2.728675
2.722229
2.726258
2.723841
2.725452
2.726258
2.723035
2.72948
2.721424
2.727869
2.722229
2.727063
2.721424
2.727869
2.723035
2.727063
2.723841
2.726258
2.723035
2.725452
2.725452
2.724646
2.725452
2.725452
2.725452
2.725452
2.725452
2.725452
2.723841
2.724646
2.723841
2.725452
2.723841
2.726258
2.723035
2.727063
2.723841
2.727869
2.722229
2.728675
2.721424
2.727869
2.723035
2.727869
2.724646
2.723841
2.727869
2.722229
2.72948
2.721424
2.728675
2.722229
2.727063
2.722229
2.726258
2.723035
2.727063
2.723841
2.727063
2.724646
2.726258
2.724646
2.724646
2.727063
2.723841
2.725452
2.725452
2.723841
2.727063
2.725452
2.727063
2.723841
2.728675
2.723035
2.727869
2.720618
2.72948
2.723035
2.727869
2.723035
2.725452
2.725452
2.722229
2.727869
2.722229
2.727869
2.722229
2.727869
2.723035
2.727869
2.722229
2.727063
2.724646
2.726258
2.725452
2.724646
2.724646
2.723841
2.726258
2.723841
2.724646
2.726258
2.725452
2.726258
2.723841
2.726258
2.724646
2.727063
2.723035
2.727869
2.723841
2.727869
2.721424
2.728675
2.721424
2.728675
2.721424
2.727869
2.724646
2.723841
2.727063
2.722229
2.727869
2.722229
2.728675
2.723035
2.728675
2.722229
2.728675
2.723035
2.727063
2.725452
2.727063
2.724646
2.726258
2.725452
2.725452
2.726258
2.725452
2.727063
2.726258
2.725452
2.727063
2.724646
2.728675
2.723841
2.727869
2.723035
2.728675
2.723035
2.727869
2.721424
2.72948
2.723035
2.72948
2.723841
2.724646
2.727869
2.723841
2.727063
2.723035
2.72948
2.723035
2.728675
2.723841
2.728675
2.723841
2.727869
2.723841
2.726258
2.725452
2.727063
2.724646
2.725452
2.726258
2.726258
2.725452
2.725452
2.725452
2.724646
2.727063
2.725452
2.727063
2.725452
2.723841
2.726258
2.715784
2.727063
2.724646
2.727869
2.724646
2.728675
2.723841
2.72948
2.722229
2.728675
2.723035
2.728675
2.721424
2.72948
2.723841
2.728675
2.722229
2.727869
2.724646
2.727063
2.725452
2.725452
2.727869
2.723035
2.728675
2.722229
2.72948
2.723035
2.728675
2.721424
2.728675
2.723035
2.72948
2.724646
2.727869
2.724646
2.727869
2.724646
2.728675
2.724646
2.727063
2.725452
2.727063
2.723841
2.725452
2.725452
2.725452
2.726258
2.727063
2.724646
2.726258
2.726258
2.725452
2.724646
2.727063
2.727063
2.727063
2.723841
2.727063
2.725452
2.727063
2.723841
2.727063
2.723841
2.728675
2.723035
2.727869
2.721424
2.731897
2.722229
2.728675
2.723841
2.727869
2.726258
2.727063
2.728675
2.723035
2.728675
2.722229
2.72948
2.722229
2.72948
2.722229
2.72948
2.723841
2.727063
2.724646
2.726258
2.724646
2.727063
2.726258
2.725452
2.726258
2.725452
2.725452
2.727063
2.726258
2.725452
2.727063
2.726258
2.725452
2.726258
2.727063
2.726258
2.724646
2.727063
2.724646
2.725452
2.723035
2.728675
2.723035
2.72948
2.723035
2.72948
2.721424
2.72948
2.723035
2.728675
2.724646
2.727063
2.727063
2.725452
2.728675
2.723035
2.72948
2.722229
2.730286
2.722229
2.72948
2.723035
2.728675
2.723841
2.727869
2.723035
2.727869
2.724646
2.727063
2.724646
2.727063
2.725452
2.725452
2.725452
2.727063
2.726258
2.726258
2.725452
2.727869
2.725452
2.725452
2.725452
2.727063
2.727063
2.727063
2.724646
2.727869
2.723841
2.72948
2.723841
2.72948
2.723035
2.72948
2.722229
2.72948
2.723841
2.728675
2.724646
2.725452
2.727063
2.725452
2.72948
2.722229
2.730286
2.723035
2.728675
2.723841
2.728675
2.723841
2.727869
2.723841
2.72948
2.726258
2.728675
2.724646
2.726258
2.725452
2.725452
2.727063
2.726258
2.726258
2.725452
2.725452
2.727063
2.725452
2.726258
2.724646
2.727063
2.725452
2.727063
2.725452
2.727869
2.725452
2.728675
2.723035
2.728675
2.723035
2.730286
2.723841
2.731897
2.721424
2.731092
2.723841
2.72948
2.723035
2.727869
2.727063
2.725452
2.728675
2.723035
2.72948
2.724646
2.730286
2.724646
2.727869
2.725452
2.728675
2.724646
2.728675
2.727063
2.727063
2.725452
2.726258
2.728675
2.727063
2.727063
2.727869
2.727063
2.727063
2.727063
2.727063
2.727063
2.728675
2.727063
2.728675
2.727063
2.728675
2.726258
2.728675
2.724646
2.728675
2.724646
2.730286
2.723841
2.728675
2.722229
2.730286
2.723841
2.72948
2.723841
2.72948
2.724646
2.726258
2.727869
2.725452
2.728675
2.723841
2.730286
2.723841
2.731092
2.723841
2.72948
2.724646
2.72948
2.724646
2.72948
2.727869
2.730286
2.725452
2.728675
2.727063
2.727063
2.727869
2.726258
2.727063
2.727063
2.726258
2.726258
2.727869
2.727063
2.727869
2.727869
2.726258
2.728675
2.725452
2.728675
2.725452
2.72948
2.725452
2.728675
2.724646
2.730286
2.723035
2.731092
2.723035
2.72948
2.727869
2.727063
2.727869
2.723841
2.730286
2.724646
2.730286
2.723841
2.731092
2.726258
2.72948
2.725452
2.730286
2.726258
2.727063
2.727869
2.727869
2.725452
2.727063
2.727063
2.727869
2.728675
2.727063
2.725452
2.728675
2.726258
2.72948
2.724646
2.730286
2.725452
2.728675
2.723841
2.731092
2.723841
2.72948
2.723841
2.727869
2.727869
2.726258
2.728675
2.723841
2.730286
2.723035
2.731092
2.724646
2.728675
2.724646
2.728675
2.725452
2.728675
2.727869
2.727869
2.727869
2.727063
2.726258
2.727869
2.727063
2.726258
2.727869
2.727063
2.726258
2.728675
2.727063
2.72948
2.726258
2.730286
2.725452
2.730286
2.725452
2.730286
2.723841
2.731897
2.723035
2.731092
2.722229
2.731092
2.724646
2.72948
2.728675
2.725452
2.731092
2.723841
2.731897
2.724646
2.731092
2.724646
2.730286
2.725452
2.730286
2.727063
2.728675
2.726258
2.72948
2.727063
2.727063
2.727063
2.727063
2.727063
2.726258
2.727869
2.727063
2.727869
2.727869
2.726258
2.728675
2.726258
2.72948
2.726258
2.730286
2.725452
2.72948
2.723841
2.731092
2.724646
2.731092
2.724646
2.731092
2.725452
2.728675
2.727869
2.727063
2.731092
2.725452
2.72948
2.723841
2.731897
2.725452
2.731897
2.725452
2.731092
2.726258
2.72948
2.727063
2.72948
2.727063
2.728675
2.727869
2.727869
2.727869
2.72948
2.727869
2.727869
2.727869
2.728675
2.727869
2.727869
2.727869
2.728675
2.727063
2.728675
2.727063
2.72948
2.724646
2.72948
2.724646
2.731897
2.724646
2.731897
2.723841
2.731897
2.725452
2.731092
2.727063
2.727063
2.728675
2.726258
2.731897
2.723841
2.731092
2.723841
2.731092
2.723841
2.72948
2.723841
2.72948
2.727063
2.72948
2.726258
2.72948
2.727869
2.727869
2.727063
2.728675
2.727869
2.72948
2.727869
2.728675
2.728675
2.727869
2.728675
2.727869
2.728675
2.728675
2.727063
2.72948
2.727869
2.728675
2.724646
2.731897
2.723841
2.730286
2.725452
2.730286
2.723841
2.731092
2.724646
2.731092
2.725452
2.728675
2.727869
2.727869
2.730286
2.725452
2.732703
2.725452
2.730286
2.723841
2.731092
2.725452
2.730286
2.726258
2.72948
2.727063
2.72948
2.727869
2.727869
2.728675
2.727869
2.728675
2.727063
2.728675
2.727869
2.727063
2.728675
2.727869
2.728675
2.727063
2.728675
2.727869
2.727869
2.725452
2.730286
2.725452
2.732703
2.725452
2.732703
2.724646
2.731092
2.726258
2.731092
2.728675
2.727063
2.731897
2.725452
2.731092
2.724646
2.731092
2.724646
2.731092
2.727063
2.731092
2.726258
2.730286
2.727063
2.728675
2.728675
2.730286
2.728675
2.728675
2.728675
2.730286
2.727869
2.727869
2.72948
2.72948
2.726258
2.730286
2.725452
2.731092
2.726258
2.731897
2.723841
2.731092
2.724646
2.731092
2.725452
2.72948
2.727869
2.727063
2.731092
2.725452
2.731092
2.724646
2.732703
2.725452
2.730286
2.726258
2.730286
2.726258
2.72948
2.727869
2.72948
2.72948
2.728675
2.728675
2.728675
2.728675
2.728675
2.727869
2.72948
2.727869
2.72948
2.727063
2.72948
2.725452
2.72948
2.725452
2.733509
2.724646
2.731092
2.725452
2.730286
2.728675
2.730286
2.730286
2.724646
2.732703
2.725452
2.731897
2.724646
2.731897
2.725452
2.731897
2.727063
2.72948
2.727869
2.72948
2.72948
2.727869
2.727869
2.72948
2.727869
2.728675
2.728675
2.728675
2.727063
2.728675
2.727869
2.730286
2.725452
2.730286
2.726258
2.731092
2.725452
2.733509
2.725452
2.731092
2.727063
2.730286
2.727869
2.727869
2.730286
2.724646
2.730286
2.725452
2.732703
2.726258
2.731092
2.726258
2.731092
2.727063
2.72948
2.727869
2.72948
2.727869
2.728675
2.727869
2.72948
2.72948
2.72948
2.728675
2.727869
2.727869
2.728675
2.728675
2.730286
2.730286
2.730286
2.727869
2.730286
2.728675
2.731092
2.728675
2.731897
2.727063
2.731897
2.726258
2.732703
2.725452
2.731897
2.725452
2.731897
2.725452
2.732703
2.725452
2.72948
2.72948
2.728675
2.72948
2.727063
2.730286
2.727063
2.731897
2.725452
2.732703
2.725452
2.732703
2.726258
2.731092
2.727063
2.730286
2.726258
2.731092
2.72948
2.730286
2.727869
2.730286
2.727869
2.730286
2.727869
2.72948
2.72948
2.727063
2.72948
2.72948
2.730286
2.72948
2.728675
2.728675
2.730286
2.72948
2.727869
2.72948
2.728675
2.72948
2.728675
2.72948
2.728675
2.731092
2.726258
2.730286
2.726258
2.731092
2.725452
2.731092
2.724646
2.733509
2.725452
2.732703
2.727063
2.731092
2.727869
2.72948
2.72948
2.727063
2.731897
2.727063
2.730286
2.725452
2.732703
2.727063
2.730286
2.725452
2.730286
2.727063
2.730286
2.727063
2.730286
2.728675
2.72948
2.72948
2.730286
2.728675
2.730286
2.72948
2.728675
2.728675
2.727869
2.728675
2.72948
2.72948
2.72948
2.727869
2.731092
2.726258
2.731092
2.726258
2.731897
2.725452
2.733509
2.724646
2.732703
2.726258
2.731092
2.727869
2.72948
2.730286
2.727869
2.732703
2.725452
2.732703
2.725452
2.733509
2.725452
2.732703
2.727063
2.731092
2.727063
2.72948
2.728675
2.730286
2.728675
2.730286
2.727869
2.72948
2.72948
2.728675
2.727869
2.730286
2.728675
2.728675
2.727869
2.72948
2.72948
2.731092
2.728675
2.730286
2.727063
2.731897
2.726258
2.731897
2.725452
2.732703
2.725452
2.732703
2.724646
2.732703
2.728675
2.730286
2.728675
2.727063
2.731092
2.728675
2.733509
2.725452
2.731897
2.727063
2.733509
2.727063
2.731092
2.726258
2.731897
2.727063
2.72948
2.72948
2.730286
2.728675
2.728675
2.72948
2.72948
2.728675
2.72948
2.72948
2.72948
2.730286
2.72948
2.72948
2.728675
2.72948
2.730286
2.728675
2.730286
2.728675
2.731092
2.727869
2.731092
2.728675
2.732703
2.727869
2.732703
2.727063
2.732703
2.726258
2.733509
2.727063
2.734314
2.725452
2.731897
2.724646
2.730286
2.728675
2.731092
2.72948
2.727063
2.731897
2.727869
2.732703
2.726258
2.733509
2.727063
2.733509
2.725452
2.733509
2.726258
2.731897
2.727063
2.732703
2.727063
2.731897
2.727869
2.731092
2.72948
2.731092
2.727869
2.730286
2.728675
2.731897
2.730286
2.731897
2.728675
2.72948
2.728675
2.730286
2.728675
2.730286
2.728675
2.730286
2.730286
2.72948
2.72948
2.730286
2.72948
2.730286
2.72948
2.731092
2.72948
2.730286
2.730286
2.730286
2.728675
2.72948
2.728675
2.72948
2.730286
2.730286
2.728675
2.731092
2.72948
2.731897
2.727063
2.732703
2.727063
2.732703
2.727063
2.731092
2.727869
2.733509
2.726258
2.734314
2.725452
2.732703
2.727869
2.733509
2.727869
2.732703
2.72948
2.730286
2.730286
2.727869
2.733509
2.727063
2.733509
2.727063
2.733509
2.727063
2.733509
2.727869
2.73512
2.728675
2.733509
2.728675
2.72948
2.72948
2.731092
2.72948
2.731092
2.731897
2.730286
2.730286
2.730286
2.72948
2.730286
2.72948
2.731092
2.728675
2.731092
2.72948
2.730286
2.728675
2.731897
2.727869
2.733509
2.727063
2.732703
2.728675
2.733509
2.727869
2.736732
2.725452
2.733509
2.727869
2.732703
2.72948
2.72948
2.731092
2.727869
2.733509
2.727063
2.734314
2.726258
2.733509
2.727063
2.734314
2.728675
2.732703
2.72948
2.734314
2.72948
2.731092
2.731092
2.72948
2.731092
2.72948
2.731092
2.731092
2.72948
2.730286
2.72948
2.731092
2.72948
2.731897
2.728675
2.732703
2.727063
2.731897
2.728675
2.733509
2.727063
2.733509
2.728675
2.731897
2.728675
2.731092
2.731092
2.730286
2.731092
2.727869
2.733509
2.727063
2.734314
2.727063
2.731897
2.728675
2.733509
2.730286
2.732703
2.728675
2.731092
2.731092
2.731092
2.731092
2.730286
2.731092
2.730286
2.730286
2.72948
2.731092
2.731092
2.731092
2.731092
2.72948
2.731092
2.72948
2.732703
2.72948
2.731092
2.72948
2.732703
2.728675
2.732703
2.728675
2.734314
2.727869
2.733509
2.726258
2.734314
2.727063
2.733509
2.726258
2.732703
2.727869
2.731897
2.728675
2.731092
2.732703
2.72948
2.733509
2.728675
2.732703
2.727063
2.734314
2.727869
2.733509
2.727869
2.731897
2.728675
2.732703
2.728675
2.732703
2.730286
2.733509
2.728675
2.731897
2.72948
2.731092
2.730286
2.731897
2.731092
2.730286
2.731897
2.731897
2.731092
2.731092
2.728675
2.730286
2.731092
2.731092
2.730286
2.731092
2.730286
2.731897
2.730286
2.730286
2.72948
2.732703
2.727063
2.734314
2.727063
2.734314
2.727063
2.734314
2.727063
2.733509
2.72948
2.734314
2.727869
2.731092
2.72948
2.731092
2.731092
2.727869
2.73512
2.728675
2.732703
2.727063
2.733509
2.726258
2.73512
2.727869
2.732703
2.728675
2.732703
2.728675
2.734314
2.72948
2.731092
2.731092
2.732703
2.730286
2.730286
2.730286
2.731897
2.731092
2.72948
2.732703
2.731897
2.731897
2.731897
2.72948
2.72948
2.731092
2.730286
2.730286
2.731092
2.730286
2.731897
2.72948
2.732703
2.727869
2.733509
2.727063
2.734314
2.727869
2.73512
2.728675
2.734314
2.726258
2.734314
2.728675
2.731897
2.731092
2.72948
2.732703
2.728675
2.732703
2.728675
2.73512
2.727869
2.734314
2.727063
2.734314
2.728675
2.733509
2.727869
2.733509
2.72948
2.732703
2.730286
2.730286
2.72948
2.732703
2.730286
2.731897
2.732703
2.731897
2.731092
2.730286
2.731897
2.731092
2.731092
2.731092
2.72948
2.731897
2.72948
2.731092
2.730286
2.731897
2.730286
2.731897
2.730286
2.731897
2.728675
2.731897
2.72948
2.73512
2.728675
2.733509
2.727869
2.73512
2.728675
2.734314
2.728675
2.73512
2.727063
2.734314
2.727869
2.734314
2.727869
2.733509
2.728675
2.732703
2.730286
2.731092
2.731092
2.730286
2.731897
2.72948
2.733509
2.72948
2.734314
2.727869
2.734314
2.728675
2.734314
2.727869
2.733509
2.727869
2.734314
2.728675
2.73512
2.72948
2.733509
2.730286
2.733509
2.72948
2.731897
2.730286
2.731897
2.730286
2.731092
2.730286
2.731897
2.731092
2.731092
2.731092
2.731092
2.731092
2.731092
2.731092
2.731092
2.731092
2.731092
2.731897
2.731897
2.731092
2.731897
2.730286
2.732703
2.727869
2.732703
2.72948
2.733509
2.727869
2.733509
2.72948
2.73512
2.727063
2.734314
2.727869
2.734314
2.72948
2.734314
2.730286
2.731092
2.731897
2.730286
2.732703
2.72948
2.73512
2.728675
2.734314
2.728675
2.733509
2.728675
2.733509
2.728675
2.734314
2.730286
2.733509
2.730286
2.733509
2.731092
2.733509
2.731092
2.731897
2.730286
2.731897
2.731092
2.733509
2.731092
2.731897
2.731092
2.731897
2.730286
2.731897
2.731092
2.730286
2.731092
2.730286
2.731092
2.731092
2.731092
2.730286
2.731092
2.731092
2.731092
2.731092
2.731092
2.732703
2.72948
2.732703
2.731092
2.731897
2.728675
2.733509
2.72948
2.733509
2.730286
2.733509
2.730286
2.733509
2.728675
2.73512
2.727063
2.73512
2.727869
2.734314
2.727063
2.734314
2.728675
2.733509
2.727869
2.734314
2.730286
2.734314
2.731092
2.731092
2.731092
2.731092
2.731897
2.72948
2.734314
2.727869
2.734314
2.728675
2.73512
2.727869
2.734314
2.727869
2.73512
2.727869
2.733509
2.728675
2.733509
2.72948
2.733509
2.72948
2.732703
2.730286
2.732703
2.731092
2.731897
2.730286
2.731897
2.731897
2.731897
2.731092
2.731092
2.732703
2.732703
2.731897
2.731897
2.731897
2.731897
2.731092
2.732703
2.730286
2.732703
2.730286
2.733509
2.730286
2.731897
2.731092
2.732703
2.728675
2.734314
2.727869
2.734314
2.727869
2.734314
2.727063
2.73512
2.727869
2.735926
2.727869
2.733509
2.72948
2.731897
2.730286
2.72948
2.732703
2.730286
2.734314
2.727869
2.73512
2.727869
2.73512
2.727869
2.733509
2.728675
2.733509
2.728675
2.732703
2.72948
2.731897
2.730286
2.731092
2.730286
2.732703
2.730286
2.732703
2.731092
2.731092
2.731092
2.731092
2.731092
2.731897
2.731897
2.731092
2.731092
2.731092
2.732703
2.731897
2.731092
2.731897
2.731897
2.731897
2.731897
2.732703
2.731897
2.731092
2.72948
2.731897
2.730286
2.733509
2.72948
2.733509
2.728675
2.733509
2.728675
2.733509
2.728675
2.734314
2.728675
2.73512
2.72948
2.734314
2.72948
2.733509
2.72948
2.733509
2.730286
2.732703
2.731897
2.731092
2.731897
2.72948
2.734314
2.728675
2.73512
2.727063
2.734314
2.728675
2.73512
2.728675
2.733509
2.728675
2.732703
2.730286
2.734314
2.72948
2.733509
2.731092
2.731897
2.730286
2.731092
2.731092
2.731092
2.731897
2.731092
2.731092
2.733509
2.730286
2.731897
2.731897
2.731092
2.731897
2.731092
2.730286
2.731897
2.732703
2.732703
2.731092
2.731897
2.731092
2.731897
2.730286
2.733509
2.730286
2.733509
2.727869
2.733509
2.728675
2.734314
2.728675
2.73512
2.72948
2.733509
2.728675
2.735926
2.727869
2.734314
2.727869
2.73512
2.728675
2.736732
2.727869
2.73512
2.727063
2.734314
2.728675
2.735926
2.728675
2.734314
2.728675
2.734314
2.728675
2.735926
2.727869
2.735926
2.727869
2.73512
2.727869
2.735926
2.728675
2.73512
2.727063
2.735926
2.727063
2.735926
2.728675
2.735926
2.727869
2.73512
2.727869
2.735926
2.728675
2.735926
2.727869
2.735926
2.72948
2.734314
2.728675
2.732703
2.728675
2.735926
2.727869
2.73512
2.728675
2.732703
2.727063
2.734314
2.727063
2.733509
2.72948
2.734314
2.72948
2.734314
2.72948
2.733509
2.728675
2.734314
2.730286
2.733509
2.72948
2.732703
2.72948
2.734314
2.728675
2.733509
2.728675
2.733509
2.72948
2.734314
2.728675
2.73512
2.72948
2.734314
2.728675
2.733509
2.72948
2.733509
2.730286
2.732703
2.72948
2.731897
2.731092
2.733509
2.731897
2.732703
2.730286
2.732703
2.730286
2.732703
2.731092
2.732703
2.731092
2.731092
2.730286
2.732703
2.731897
2.733509
2.730286
2.731897
2.72948
2.731092
2.731897
2.731897
2.72948
2.733509
2.730286
2.731897
2.730286
2.732703
2.730286
2.732703
2.72948
2.731897
2.732703
2.731897
2.731092
2.731897
2.730286
2.730286
2.731092
2.731897
2.730286
2.732703
2.731897
2.731897
2.731092
2.731092
2.730286
2.732703
2.730286
2.731092
2.730286
2.731092
2.730286
2.731897
2.731092
2.731092
2.731092
2.731897
2.731092
2.731092
2.733509
2.731092
2.72948
2.731092
2.731092
2.731897
2.732703
2.731897
2.731092
2.732703
2.731092
2.731897
2.730286
2.731897
2.732703
2.731897
2.731092
2.731092
2.731092
2.731092
2.731092
2.731897
2.732703
2.731897
2.731092
2.731092
2.730286
2.731092
2.732703
2.731897
2.731897
2.731897
2.731897
2.731092
2.731092
2.731897
2.731897
2.731092
2.730286
2.731092
2.730286
2.732703
2.730286
2.731897
2.731092
2.731897
2.731092
2.732703
2.730286
2.732703
2.72948
2.732703
2.72948
2.731897
2.730286
2.734314
2.72948
2.734314
2.730286
2.733509
2.72948
2.733509
2.72948
2.73512
2.727869
2.73512
2.72948
2.73512
2.727869
2.734314
2.728675
2.733509
2.730286
2.733509
2.730286
2.731092
2.732703
2.730286
2.733509
2.731092
2.734314
2.72948
2.734314
2.728675
2.735926
2.728675
2.73512
2.728675
2.734314
2.72948
2.733509
2.728675
2.734314
2.72948
2.732703
2.730286
2.731897
2.730286
2.733509
2.731897
2.731092
2.730286
2.733509
2.731092
2.731897
2.732703
2.732703
2.731897
2.732703
2.730286
2.731897
2.731092
2.732703
2.731897
2.731897
2.731897
2.731092
2.731092
2.732703
2.731897
2.732703
2.730286
2.733509
2.730286
2.732703
2.730286
2.733509
2.730286
2.734314
2.728675
2.733509
2.728675
2.734314
2.730286
2.73512
2.72948
2.734314
2.728675
2.734314
2.728675
2.734314
2.728675
2.73512
2.727063
2.73512
2.727869
2.73512
2.728675
2.734314
2.727869
2.733509
2.72948
2.733509
2.730286
2.733509
2.731092
2.733509
2.731897
2.731092
2.733509
2.730286
2.73512
2.728675
2.734314
2.728675
2.735926
2.727869
2.734314
2.727869
2.735926
2.727869
2.73512
2.72948
2.733509
2.730286
2.733509
2.730286
2.734314
2.730286
2.733509
2.730286
2.733509
2.72948
2.732703
2.731897
2.732703
2.731092
2.732703
2.731092
2.731897
2.731897
2.733509
2.731897
2.731897
2.732703
2.732703
2.731897
2.731897
2.731897
2.730286
2.731092
2.731897
2.731092
2.731897
2.731897
2.731897
2.731092
2.732703
2.731092
2.732703
2.731897
2.732703
2.731897
2.732703
2.731092
2.733509
2.731092
2.73512
2.731092
2.733509
2.730286
2.733509
2.72948
2.734314
2.728675
2.732703
2.730286
2.73512
2.728675
2.734314
2.730286
2.734314
2.728675
2.73512
2.72948
2.735926
2.728675
2.735926
2.728675
2.735926
2.72948
2.734314
2.730286
2.73512
2.72948
2.734314
2.730286
2.733509
2.731092
2.732703
2.731092
2.732703
2.731897
2.731897
2.732703
2.732703
2.733509
2.730286
2.733509
2.728675
2.733509
2.72948
2.73512
2.72948
2.735926
2.728675
2.735926
2.730286
2.735926
2.727869
2.73512
2.72948
2.73512
2.728675
2.73512
2.727869
2.735926
2.727869
2.735926
2.727869
2.73512
2.727869
2.73512
2.730286
2.734314
2.730286
2.732703
2.72948
2.732703
2.728675
2.73512
2.72948
2.734314
2.730286
2.734314
2.732703
2.732703
2.731092
2.731092
2.731092
2.731897
2.731092
2.732703
2.732703
2.731092
2.731092
2.731092
2.732703
2.732703
2.732703
2.731897
2.731092
2.731092
2.731897
2.733509
2.732703
2.72948
2.731897
2.731092
2.732703
2.732703
2.731897
2.730286
2.732703
2.731897
2.731092
2.733509
2.731092
2.732703
2.731092
2.734314
2.730286
2.734314
2.730286
2.73512
2.730286
2.733509
2.730286
2.733509
2.72948
2.734314
2.728675
2.73512
2.72948
2.73512
2.731092
2.73512
2.727869
2.73512
2.728675
2.736732
2.728675
2.73512
2.730286
2.73512
2.730286
2.73512
2.72948
2.73512
2.730286
2.733509
2.732703
2.734314
2.731092
2.732703
2.730286
2.733509
2.731092
2.731897
2.731092
2.731897
2.733509
2.731897
2.733509
2.731897
2.733509
2.730286
2.734314
2.730286
2.73512
2.730286
2.734314
2.728675
2.73512
2.730286
2.735926
2.72948
2.73512
2.72948
2.735926
2.728675
2.734314
2.727869
2.734314
2.730286
2.73512
2.72948
2.73512
2.730286
2.734314
2.72948
2.734314
2.730286
2.734314
2.72948
2.73512
2.72948
2.73512
2.730286
2.73512
2.730286
2.733509
2.730286
2.734314
2.730286
2.734314
2.731092
2.73512
2.731897
2.733509
2.731897
2.733509
2.732703
2.731897
2.732703
2.732703
2.731092
2.733509
2.731897
2.731897
2.732703
2.731897
2.731092
2.732703
2.731897
2.733509
2.732703
2.731897
2.731897
2.733509
2.732703
2.731897
2.731092
2.731897
2.732703
2.732703
2.732703
2.731897
2.732703
2.733509
2.730286
2.732703
2.731092
2.731092
2.731897
2.733509
2.730286
2.733509
2.730286
2.733509
2.730286
2.733509
2.72948
2.73512
2.72948
2.73512
2.727869
2.734314
2.731092
2.736732
2.728675
2.735926
2.728675
2.73512
2.730286
2.73512
2.728675
2.733509
2.731897
2.731092
2.731897
2.731092
2.733509
2.731092
2.733509
2.72948
2.734314
2.728675
2.735926
2.728675
2.73512
2.72948
2.735926
2.728675
2.73512
2.72948
2.734314
2.730286
2.73512
2.72948
2.734314
2.730286
2.734314
2.72948
2.734314
2.730286
2.73512
2.730286
2.734314
2.72948
2.734314
2.731092
2.733509
2.731092
2.731897
2.730286
2.733509
2.732703
2.731897
2.731897
2.733509
2.732703
2.731897
2.731897
2.731897
2.731092
2.732703
2.731092
2.731897
2.732703
2.731897
2.733509
2.732703
2.732703
2.730286
2.731092
2.731092
2.732703
2.731092
2.732703
2.731897
2.733509
2.731897
2.732703
2.733509
2.731897
2.731897
2.731092
2.733509
2.730286
2.733509
2.731897
2.732703
2.731092
2.732703
2.731092
2.731092
2.731092
2.734314
2.731092
2.734314
2.731092
2.733509
2.731092
2.734314
2.731092
2.734314
2.72948
2.73512
2.730286
2.73512
2.728675
2.736732
2.72948
2.73512
2.730286
2.736732
2.72948
2.737537
2.728675
2.73512
2.731897
2.734314
2.727869
2.73512
2.730286
2.73512
2.731897
2.733509
2.731092
2.733509
2.732703
2.731092
2.734314
2.730286
2.734314
2.72948
2.73512
2.72948
2.735926
2.728675
2.73512
2.728675
2.736732
2.72948
2.735926
2.730286
2.735926
2.72948
2.73512
2.730286
2.734314
2.731092
2.735926
2.731897
2.73512
2.732703
2.732703
2.731897
2.733509
2.731897
2.731897
2.731897
2.732703
2.731897
2.732703
2.732703
2.732703
2.732703
2.732703
2.731897
2.732703
2.73512
2.732703
2.732703
2.731092
2.733509
2.731092
2.731897
2.732703
2.732703
2.733509
2.733509
2.733509
2.732703
2.732703
2.731897
2.733509
2.731897
2.732703
2.731897
2.733509
2.730286
2.734314
2.730286
2.734314
2.730286
2.733509
2.730286
2.733509
2.72948
2.735926
2.728675
2.734314
2.728675
2.73512
2.72948
2.736732
2.72948
2.736732
2.72948
2.736732
2.727869
2.734314
2.72948
2.73512
2.72948
2.733509
2.731092
2.731897
2.731092
2.731897
2.732703
2.731092
2.73512
2.730286
2.734314
2.72948
2.73512
2.728675
2.736732
2.72948
2.73512
2.728675
2.734314
2.72948
2.735926
2.72948
2.734314
2.732703
2.734314
2.731897
2.733509
2.730286
2.732703
2.731092
2.732703
2.731092
2.731092
2.732703
2.732703
2.732703
2.733509
2.731897
2.731897
2.731092
2.731897
2.731897
2.731897
2.731092
2.731897
2.732703
2.732703
2.730286
2.733509
2.731897
2.733509
2.730286
2.733509
2.731092
2.733509
2.731092
2.734314
2.72948
2.734314
2.731092
2.733509
2.72948
2.734314
2.731092
2.736732
2.730286
2.735926
2.727869
2.73512
2.72948
2.735926
2.72948
2.736732
2.72948
2.73512
2.72948
2.734314
2.731092
2.733509
2.730286
2.733509
2.732703
2.731897
2.733509
2.731897
2.73512
2.730286
2.73512
2.728675
2.736732
2.730286
2.735926
2.727063
2.73512
2.728675
2.736732
2.72948
2.73512
2.730286
2.735926
2.730286
2.73512
2.730286
2.735926
2.730286
2.734314
2.731897
2.73512
2.730286
2.73512
2.730286
2.73512
2.731897
2.733509
2.731897
2.733509
2.731897
2.732703
2.731897
2.733509
2.731092
2.732703
2.731897
2.732703
2.731897
2.731897
2.732703
2.733509
2.732703
2.732703
2.732703
2.732703
2.733509
2.730286
2.732703
2.731897
2.734314
2.732703
2.732703
2.732703
2.732703
2.733509
2.731897
2.731897
2.733509
2.733509
2.731897
2.733509
2.731092
2.732703
2.730286
2.734314
2.72948
2.73512
2.731897
2.734314
2.731092
2.73512
2.728675
2.735926
2.728675
2.736732
2.72948
2.734314
2.730286
2.73512
2.733509
2.734314
2.731897
2.732703
2.732703
2.732703
2.73512
2.730286
2.73512
2.728675
2.733509
2.730286
2.737537
2.730286
2.735926
2.72948
2.736732
2.731092
2.73512
2.730286
2.735926
2.730286
2.73512
2.730286
2.733509
2.730286
2.733509
2.734314
2.733509
2.731897
2.733509
2.731092
2.733509
2.734314
2.733509
2.732703
2.731897
2.731897
2.733509
2.731897
2.732703
2.731897
2.731897
2.731092
2.733509
2.733509
2.731092
2.731897
2.731897
2.731092
2.731897
2.731897
2.733509
2.731897
2.731897
2.732703
2.733509
2.731897
2.733509
2.731897
2.734314
2.731897
2.734314
2.730286
2.733509
2.731092
2.734314
2.730286
2.73512
2.72948
2.734314
2.72948
2.734314
2.728675
2.737537
2.72948
2.73512
2.727869
2.735926
2.730286
2.73512
2.72948
2.735926
2.730286
2.733509
2.731897
2.731897
2.734314
2.732703
2.733509
2.731092
2.733509
2.730286
2.735926
2.72948
2.734314
2.728675
2.735926
2.72948
2.736732
2.728675
2.73512
2.72948
2.734314
2.72948
2.734314
2.730286
2.735926
2.730286
2.734314
2.730286
2.733509
2.731092
2.733509
2.731897
2.733509
2.731897
2.732703
2.731092
2.732703
2.732703
2.733509
2.732703
2.732703
2.732703
2.731897
2.732703
2.731897
2.731897
2.732703
2.731897
2.731897
2.732703
2.732703
2.731092
2.731092
2.731897
2.735926
2.730286
2.734314
2.730286
2.734314
2.730286
2.73512
2.730286
2.73512
2.728675
2.736732
2.727869
2.73512
2.730286
2.736732
2.731092
2.734314
2.731092
2.733509
2.731897
2.731897
2.731897
2.72948
2.735926
2.72948
2.73512
2.72948
2.736732
2.728675
2.736732
2.730286
2.736732
2.730286
2.73512
2.730286
2.73512
2.731092
2.733509
2.731092
2.734314
2.730286
2.73512
2.730286
2.733509
2.730286
2.732703
2.731092
2.732703
2.731897
2.731897
2.730286
2.731092
2.731092
2.732703
2.732703
2.732703
2.731897
2.731897
2.732703
2.731897
2.733509
2.731897
2.733509
2.732703
2.732703
2.731897
2.731092
2.731897
2.733509
2.733509
2.732703
2.732703
2.731897
2.734314
2.732703
2.733509
2.732703
2.734314
2.731092
2.734314
2.730286
2.733509
2.730286
2.73512
2.72948
2.73512
2.730286
2.734314
2.72948
2.734314
2.730286
2.735926
2.731092
2.73512
2.728675
2.734314
2.731897
2.732703
2.731092
2.731897
2.734314
2.731897
2.73512
2.730286
2.735926
2.730286
2.736732
2.727869
2.735926
2.72948
2.735926
2.72948
2.73512
2.728675
2.73512
2.72948
2.734314
2.730286
2.73512
2.730286
2.734314
2.731092
2.734314
2.730286
2.731897
2.731092
2.732703
2.731897
2.731897
2.731092
2.73512
2.732703
2.733509
2.731897
2.732703
2.731897
2.733509
2.731897
2.731897
2.733509
2.731897
2.732703
2.732703
2.732703
2.733509
2.733509
2.732703
2.732703
2.733509
2.731092
2.733509
2.730286
2.734314
2.730286
2.734314
2.731897
2.734314
2.730286
2.734314
2.72948
2.734314
2.72948
2.736732
2.72948
2.733509
2.727869
2.735926
2.728675
2.735926
2.730286
2.734314
2.730286
2.73512
2.730286
2.733509
2.732703
2.732703
2.731897
2.731897
2.733509
2.731092
2.734314
2.72948
2.735926
2.728675
2.73512
2.728675
2.735926
2.728675
2.735926
2.72948
2.735926
2.727869
2.734314
2.728675
2.735926
2.728675
2.73512
2.72948
2.735926
2.731092
2.73512
2.731092
2.734314
2.728675
2.734314
2.730286
2.734314
2.730286
2.733509
2.731092
2.734314
2.731897
2.732703
2.731897
2.732703
2.731897
2.733509
2.731897
2.734314
2.731897
2.730286
2.732703
2.731897
2.731897
2.731897
2.733509
2.731897
2.731092
2.731897
2.731897
2.731092
2.731897
2.732703
2.731092
2.731897
2.733509
2.733509
2.731092
2.732703
2.732703
2.733509
2.730286
2.731092
2.731897
2.731092
2.731897
2.733509
2.730286
2.732703
2.731897
2.733509
2.731897
2.731897
2.730286
2.733509
2.730286
2.732703
2.730286
2.733509
2.730286
2.734314
2.730286
2.73512
2.72948
2.734314
2.730286
2.733509
2.730286
2.735926
2.730286
2.733509
2.730286
2.735926
2.728675
2.733509
2.728675
2.735926
2.72948
2.735926
2.72948
2.735926
2.727063
2.735926
2.72948
2.734314
2.728675
2.735926
2.728675
2.737537
2.728675
2.734314
2.728675
2.73512
2.72948
2.734314
2.730286
2.73512
2.72948
2.734314
2.728675
2.735926
2.730286
2.73512
2.730286
2.734314
2.727869
2.736732
2.728675
2.73512
2.72948
2.734314
2.728675
2.732703
2.730286
2.734314
2.730286
2.733509
2.731897
2.732703
2.732703
2.731897
2.732703
2.732703
2.731897
2.731897
2.732703
2.732703
2.732703
2.730286
2.733509
2.731092
2.733509
2.731897
2.733509
2.731092
2.732703
2.730286
2.732703
2.72948
2.734314
2.730286
2.733509
2.728675
2.733509
2.730286
2.733509
2.730286
2.73512
2.728675
2.73512
2.730286
2.734314
2.728675
2.734314
2.72948
2.734314
2.72948
2.73512
2.731897
2.734314
2.72948
2.73512
2.730286
2.733509
2.72948
2.73512
2.730286
2.733509
2.72948
2.733509
2.731092
2.733509
2.731092
2.733509
2.730286
2.733509
2.731092
2.731897
2.733509
2.732703
2.731897
2.730286
2.732703
2.730286
2.734314
2.730286
2.732703
2.730286
2.734314
2.72948
2.734314
2.728675
2.734314
2.72948
2.734314
2.72948
2.733509
2.727869
2.735926
2.728675
2.73512
2.727869
2.73512
2.72948
2.73512
2.72948
2.73512
2.731092
2.73512
2.72948
2.733509
2.72948
2.734314
2.72948
2.734314
2.730286
2.731897
2.730286
2.733509
2.730286
2.731897
2.731897
2.732703
2.731092
2.733509
2.730286
2.732703
2.731092
2.731092
2.731897
2.731092
2.731092
2.732703
2.732703
2.731897
2.731897
2.732703
2.733509
2.731897
2.731897
2.730286
2.731092
2.730286
2.731897
2.730286
2.731897
2.731897
2.72948
2.732703
2.730286
2.730286
2.731897
2.731897
2.732703
2.733509
2.730286
2.731897
2.731092
2.734314
2.731092
2.732703
2.730286
2.734314
2.72948
2.734314
2.728675
2.73512
2.728675
2.735926
2.727869
2.735926
2.727869
2.73512
2.728675
2.734314
2.72948
2.733509
2.730286
2.733509
2.731897
2.731897
2.732703
2.731092
2.732703
2.727869
2.734314
2.728675
2.73512
2.728675
2.73512
2.728675
2.734314
2.72948
2.734314
2.728675
2.73512
2.72948
2.733509
2.730286
2.734314
2.72948
2.734314
2.731092
2.732703
2.730286
2.734314
2.730286
2.734314
2.730286
2.732703
2.72948
2.731092
2.731092
2.733509
2.730286
2.732703
2.730286
2.731897
2.731092
2.732703
2.730286
2.732703
2.731897
2.732703
2.731897
2.731092
2.731897
2.731897
2.732703
2.733509
2.731897
2.731092
2.730286
2.732703
2.731897
2.731092
2.731897
2.731897
2.730286
2.731897
2.731092
2.732703
2.731092
2.734314
2.731897
2.731897
2.732703
2.731897
2.731897
2.731897
2.730286
2.732703
2.731092
2.732703
2.731092
2.733509
2.728675
2.73512
2.730286
2.734314
2.72948
2.734314
2.727869
2.734314
2.727869
2.734314
2.727869
2.735926
2.728675
2.733509
2.72948
2.733509
2.72948
2.733509
2.730286
2.733509
2.731897
2.731092
2.732703
2.730286
2.732703
2.728675
2.734314
2.72948
2.736732
2.728675
2.733509
2.727869
2.73512
2.727869
2.734314
2.72948
2.733509
2.728675
2.734314
2.72948
2.732703
2.728675
2.732703
2.72948
2.733509
2.731092
2.732703
2.730286
2.733509
2.731092
2.731897
2.731092
2.731092
2.731092
2.733509
2.732703
2.731092
2.730286
2.731897
2.732703
2.731897
2.731092
2.731897
2.731092
2.731092
2.732703
2.733509
2.731092
2.731897
2.732703
2.733509
2.731897
2.731897
2.731092
2.732703
2.731092
2.731897
2.731897
2.733509
2.730286
2.731092
2.730286
2.731897
2.731897
2.732703
2.730286
2.731897
2.731092
2.732703
2.72948
2.732703
2.730286
2.733509
2.730286
2.733509
2.728675
2.734314
2.728675
2.733509
2.728675
2.734314
2.728675
2.733509
2.728675
2.734314
2.72948
2.73512
2.727869
2.73512
2.727063
2.734314
2.727063
2.73512
2.72948
2.733509
2.72948
2.734314
2.72948
2.733509
2.730286
2.731897
2.731897
2.731092
2.731092
2.731897
2.732703
2.731897
2.732703
2.728675
2.733509
2.72948
2.73512
2.728675
2.734314
2.730286
2.73512
2.728675
2.734314
2.728675
2.733509
2.727869
2.735926
2.72948
2.732703
2.728675
2.733509
2.728675
2.732703
2.728675
2.734314
2.730286
2.732703
2.72948
2.732703
2.730286
2.732703
2.730286
2.732703
2.730286
2.731897
2.72948
2.731897
2.730286
2.731092
2.731092
2.731092
2.731897
2.731897
2.731092
2.730286
2.731092
2.731092
2.732703
2.730286
2.731092
2.731092
2.731897
2.731092
2.731897
2.731897
2.731092
2.731092
2.72948
2.731092
2.732703
2.731897
2.731092
2.732703
2.730286
2.731092
2.731092
2.733509
2.731897
2.732703
2.730286
2.732703
2.72948
2.731897
2.730286
2.733509
2.72948
2.733509
2.72948
2.731897
2.730286
2.732703
2.727869
2.734314
2.728675
2.734314
2.72948
2.734314
2.728675
2.73512
2.727869
2.73512
2.72948
2.732703
2.730286
2.732703
2.731897
2.730286
2.732703
2.72948
2.733509
2.728675
2.73512
2.727869
2.734314
2.727869
2.73512
2.728675
2.734314
2.731092
2.733509
2.728675
2.732703
2.728675
2.731897
2.72948
2.731897
2.730286
2.730286
2.731092
2.731092
2.731092
2.731092
2.731092
2.731897
2.731897
2.731092
2.732703
2.731897
2.731092
2.730286
2.731897
2.731092
2.731092
2.731897
2.731092
2.730286
2.732703
2.731897
2.731092
2.731897
2.72948
2.732703
2.72948
2.732703
2.728675
2.733509
2.730286
2.733509
2.727869
2.733509
2.727869
2.735926
2.728675
2.734314
2.72948
2.733509
2.731092
2.733509
2.731092
2.730286
2.731092
2.727869
2.733509
2.727063
2.734314
2.727063
2.733509
2.728675
2.733509
2.728675
2.732703
2.727869
2.731897
2.728675
2.733509
2.730286
2.732703
2.728675
2.731092
2.72948
2.731092
2.730286
2.731897
2.731092
2.730286
2.732703
2.72948
2.731897
2.731897
2.731092
2.730286
2.731092
2.730286
2.731092
2.731092
2.730286
2.731092
2.731897
2.731897
2.730286
2.733509
2.72948
2.731897
2.728675
2.733509
2.72948
2.732703
2.727063
2.733509
2.728675
2.73512
2.727869
2.734314
2.727869
2.734314
2.727869
2.734314
2.730286
2.731092
2.732703
2.731092
2.732703
2.728675
2.731897
2.728675
2.73512
2.728675
2.734314
2.727869
2.733509
2.728675
2.732703
2.728675
2.734314
2.730286
2.732703
2.72948
2.731897
2.731092
2.731092
2.731092
2.733509
2.731092
2.731897
2.731092
2.731092
2.730286
2.731897
2.731092
2.728675
2.731897
2.731092
2.731897
2.732703
2.730286
2.732703
2.727869
2.731897
2.728675
2.734314
2.728675
2.734314
2.727869
2.734314
2.727869
2.734314
2.728675
2.733509
2.727869
2.731897
2.731092
2.731092
2.733509
2.727869
2.734314
2.728675
2.734314
2.725452
2.73512
2.728675
2.733509
2.72948
2.731092
2.728675
2.733509
2.72948
2.732703
2.728675
2.732703
2.72948
2.732703
2.731897
2.731092
2.731092
2.730286
2.730286
2.730286
2.731092
2.731092
2.730286
2.730286
2.731897
2.731092
2.731092
2.731897
2.730286
2.731092
2.731092
2.72948
2.731092
2.731092
2.72948
2.731897
2.732703
2.732703
2.72948
2.731897
2.730286
2.733509
2.728675
2.733509
2.727869
2.733509
2.728675
2.733509
2.728675
2.733509
2.727063
2.734314
2.725452
2.733509
2.727869
2.732703
2.728675
2.732703
2.72948
2.731092
2.731897
2.731092
2.730286
2.72948
2.732703
2.728675
2.733509
2.727063
2.733509
2.725452
2.734314
2.726258
2.733509
2.727869
2.734314
2.727063
2.733509
2.728675
2.733509
2.728675
2.732703
2.728675
2.732703
2.728675
2.732703
2.728675
2.732703
2.728675
2.731897
2.731092
2.732703
2.731092
2.730286
2.728675
2.731092
2.72948
2.731092
2.72948
2.731092
2.730286
2.731092
2.731092
2.730286
2.731092
2.730286
2.731092
2.730286
2.731092
2.730286
2.730286
2.731092
2.731092
2.731092
2.731092
2.731897
2.730286
2.731897
2.730286
2.731897
2.731897
2.731897
2.732703
2.731092
2.72948
2.731092
2.72948
2.730286
2.730286
2.731092
2.72948
2.731092
2.730286
2.731092
2.72948
2.731092
2.72948
2.731897
2.730286
2.731897
2.728675
2.732703
2.72948
2.731897
2.728675
2.732703
2.728675
2.733509
2.727063
2.734314
2.72948
2.733509
2.727869
2.733509
2.728675
2.733509
2.728675
2.734314
2.728675
2.734314
2.727869
2.733509
2.726258
2.736732
2.726258
2.733509
2.727869
2.732703
2.728675
2.731897
2.728675
2.731092
2.730286
2.731897
2.731092
2.731092
2.731897
2.728675
2.732703
2.727063
2.732703
2.724646
2.733509
2.727869
2.73512
2.727869
2.733509
2.72948
2.734314
2.726258
2.733509
2.727869
2.733509
2.728675
2.732703
2.728675
2.731897
2.72948
2.733509
2.72948
2.732703
2.730286
2.731897
2.730286
2.731092
2.730286
2.730286
2.731897
2.731092
2.730286
2.730286
2.731092
2.730286
2.731092
2.731092
2.730286
2.731092
2.731092
2.72948
2.728675
2.730286
2.72948
2.731897
2.72948
2.731092
2.731092
2.730286
2.72948
2.732703
2.727063
2.732703
2.727063
2.732703
2.727869
2.734314
2.727869
2.734314
2.725452
2.733509
2.728675
2.731897
2.72948
2.731092
2.732703
2.728675
2.732703
2.727063
2.733509
2.727063
2.733509
2.727869
2.732703
2.728675
2.732703
2.72948
2.731897
2.728675
2.731092
2.730286
2.731092
2.730286
2.72948
2.731092
2.732703
2.730286
2.731092
2.731897
2.731092
2.730286
2.730286
2.731092
2.72948
2.72948
2.72948
2.730286
2.731092
2.728675
2.733509
2.728675
2.732703
2.727063
2.731897
2.727869
2.732703
2.727063
2.734314
2.727869
2.733509
2.727869
2.733509
2.728675
2.730286
2.72948
2.72948
2.731897
2.725452
2.732703
2.727063
2.732703
2.726258
2.732703
2.727869
2.731897
2.726258
2.733509
2.72948
2.731897
2.730286
2.731897
2.730286
2.731897
2.731092
2.730286
2.72948
2.72948
2.731092
2.731092
2.731092
2.730286
2.730286
2.731092
2.731092
2.730286
2.730286
2.72948
2.730286
2.730286
2.730286
2.731092
2.72948
2.731897
2.728675
2.731897
2.727869
2.733509
2.728675
2.731897
2.727869
2.732703
2.725452
2.732703
2.727869
2.733509
2.724646
2.733509
2.727063
2.733509
2.727869
2.731897
2.728675
2.731092
2.730286
2.730286
2.731897
2.728675
2.731897
2.727869
2.734314
2.727063
2.733509
2.727063
2.733509
2.727869
2.734314
2.726258
2.734314
2.728675
2.733509
2.727063
2.732703
2.727063
2.731897
2.728675
2.730286
2.730286
2.732703
2.72948
2.730286
2.728675
2.731092
2.728675
2.72948
2.72948
2.730286
2.730286
2.730286
2.731092
2.728675
2.730286
2.72948
2.72948
2.730286
2.72948
2.730286
2.730286
2.731092
2.731092
2.72948
2.728675
2.730286
2.728675
2.731897
2.728675
2.731897
2.727869
2.731897
2.72948
2.732703
2.726258
2.732703
2.727063
2.733509
2.727063
2.733509
2.727063
2.734314
2.726258
2.733509
2.727869
2.731092
2.727869
2.730286
2.730286
2.728675
2.731897
2.728675
2.731092
2.727063
2.732703
2.726258
2.733509
2.727063
2.733509
2.727063
2.731897
2.727063
2.731092
2.72948
2.731092
2.727869
2.72948
2.728675
2.730286
2.72948
2.731092
2.730286
2.730286
2.72948
2.731092
2.730286
2.72948
2.72948
2.731092
2.72948
2.730286
2.72948
2.730286
2.725452
2.734314
2.727869
2.733509
2.727063
2.731897
2.727869
2.733509
2.724646
2.732703
2.727063
2.733509
2.725452
2.732703
2.726258
2.731897
2.72948
2.731897
2.730286
2.728675
2.731092
2.728675
2.731897
2.726258
2.733509
2.726258
2.733509
2.727063
2.731897
2.727869
2.732703
2.727869
2.731092
2.727063
2.731897
2.728675
2.731092
2.730286
2.72948
2.72948
2.731092
2.730286
2.730286
2.730286
2.731092
2.727869
2.72948
2.730286
2.728675
2.730286
2.730286
2.730286
2.731897
2.72948
2.731092
2.72948
2.731092
2.728675
2.732703
2.727869
2.731092
2.727869
2.733509
2.727063
2.734314
2.727063
2.734314
2.726258
2.733509
2.726258
2.731897
2.727869
2.72948
2.728675
2.727869
2.732703
2.727869
2.731092
2.725452
2.731897
2.727063
2.732703
2.726258
2.731897
2.727063
2.731897
2.72948
2.731092
2.728675
2.728675
2.72948
2.72948
2.727869
2.72948
2.727869
2.72948
2.72948
2.72948
2.730286
2.72948
2.72948
2.72948
2.72948
2.730286
2.72948
2.731092
2.728675
2.730286
2.727063
2.731897
2.727063
2.731092
2.726258
2.731897
2.725452
2.732703
2.723035
2.732703
2.725452
2.732703
2.727063
2.731092
2.727063
2.727869
2.730286
2.727869
2.731897
2.727063
2.731897
2.723841
2.732703
2.724646
2.732703
2.725452
2.732703
2.727063
2.731897
2.727869
2.731897
2.727869
2.731897
2.728675
2.72948
2.727869
2.731092
2.727063
2.730286
2.728675
2.72948
2.728675
2.728675
2.72948
2.730286
2.72948
2.728675
2.72948
2.731092
2.730286
2.730286
2.727869
2.731092
2.728675
2.731092
2.727869
2.731092
2.725452
2.731897
2.726258
2.733509
2.725452
2.733509
2.727869
2.730286
2.728675
2.728675
2.731092
2.727063
2.731092
2.724646
2.732703
2.725452
2.734314
2.727869
2.731897
2.726258
2.730286
2.727063
2.730286
2.727063
2.72948
2.728675
2.730286
2.728675
2.727063
2.72948
2.72948
2.728675
2.72948
2.72948
2.728675
2.728675
2.72948
2.727869
2.730286
2.727063
2.731092
2.726258
2.731092
2.726258
2.732703
2.725452
2.731897
2.725452
2.731897
2.727063
2.728675
2.731092
2.727063
2.731092
2.725452
2.731897
2.726258
2.731897
2.725452
2.731092
2.727063
2.731092
2.728675
2.72948
2.728675
2.72948
2.728675
2.72948
2.728675
2.728675
2.72948
2.72948
2.730286
2.730286
2.730286
2.727869
2.728675
2.72948
2.727869
2.730286
2.727869
2.731092
2.727063
2.731897
2.725452
2.731897
2.725452
2.732703
2.725452
2.732703
2.725452
2.731092
2.728675
2.730286
2.72948
2.727063
2.731092
2.725452
2.731897
2.724646
2.731897
2.724646
2.731092
2.725452
2.730286
2.726258
2.731092
2.727063
2.730286
2.727063
2.728675
2.727869
2.72948
2.728675
2.72948
2.728675
2.728675
2.728675
2.730286
2.728675
2.728675
2.728675
2.728675
2.728675
2.727869
2.72948
2.727063
2.730286
2.72948
2.727063
2.72948
2.727063
2.730286
2.727063
2.731092
2.727063
2.730286
2.726258
2.731897
2.727063
2.731092
2.725452
2.732703
2.724646
2.731897
2.725452
2.731897
2.724646
2.731897
2.726258
2.731092
2.728675
2.72948
2.72948
2.727869
2.730286
2.725452
2.731092
2.725452
2.731897
2.724646
2.731897
2.724646
2.731897
2.724646
2.731092
2.726258
2.730286
2.727869
2.730286
2.727869
2.72948
2.727869
2.723841
2.727869
2.72948
2.727869
2.728675
2.728675
2.728675
2.727063
2.728675
2.72948
2.728675
2.727869
2.728675
2.727869
2.728675
2.728675
2.730286
2.726258
2.731897
2.726258
2.731092
2.724646
2.731092
2.727063
2.731897
2.724646
2.733509
2.727869
2.730286
2.727063
2.730286
2.728675
2.727869
2.730286
2.725452
2.732703
2.725452
2.733509
2.727063
2.731092
2.725452
2.730286
2.727063
2.730286
2.727869
2.727869
2.727869
2.728675
2.730286
2.728675
2.728675
2.728675
2.727869
2.72948
2.728675
2.727869
2.727869
2.728675
2.727063
2.730286
2.726258
2.730286
2.725452
2.730286
2.724646
2.731092
2.726258
2.732703
2.725452
2.731897
2.725452
2.730286
2.726258
2.728675
2.72948
2.727063
2.730286
2.724646
2.731897
2.725452
2.731897
2.725452
2.731897
2.725452
2.730286
2.725452
2.730286
2.727063
2.731092
2.726258
2.72948
2.727063
2.728675
2.727063
2.72948
2.727869
2.727869
2.728675
2.728675
2.728675
2.728675
2.728675
2.727063
2.728675
2.730286
2.727869
2.72948
2.727063
2.728675
2.725452
2.731897
2.726258
2.731897
2.724646
2.731092
2.723841
2.731092
2.726258
2.730286
2.728675
2.727063
2.730286
2.724646
2.731897
2.724646
2.731897
2.725452
2.731092
2.726258
2.730286
2.727063
2.730286
2.727869
2.72948
2.728675
2.727063
2.727869
2.728675
2.727869
2.728675
2.727063
2.730286
2.727869
2.727869
2.727063
2.727869
2.724646
2.730286
2.725452
2.731897
2.724646
2.732703
2.723841
2.730286
2.726258
2.728675
2.727063
2.727063
2.731092
2.723841
2.731092
2.725452
2.730286
2.726258
2.731092
2.725452
2.72948
2.726258
2.727869
2.727063
2.727869
2.727869
2.728675
2.727063
2.727869
2.727869
2.728675
2.727869
2.727869
2.725452
2.72948
2.725452
2.72948
2.725452
2.731897
2.724646
2.731897
2.724646
2.72948
2.727063
2.727063
2.731092
2.724646
2.731092
2.721424
2.731092
2.724646
2.731092
2.726258
2.72948
2.727869
2.727869
2.727063
2.727869
2.727869
2.727869
2.730286
2.727869
2.728675
2.728675
2.727869
2.72948
2.727869
2.72948
2.728675
2.728675
2.725452
2.732703
2.725452
2.731092
2.724646
2.731897
2.725452
2.730286
2.724646
2.72948
2.727869
2.726258
2.730286
2.724646
2.731092
2.723035
2.72948
2.726258
2.730286
2.725452
2.728675
2.727869
2.727869
2.726258
2.727869
2.727869
2.727869
2.727869
2.727063
2.727869
2.728675
2.72948
2.728675
2.727063
2.72948
2.727063
2.72948
2.727063
2.72948
2.724646
2.730286
2.724646
2.731092
2.724646
2.730286
2.725452
2.728675
2.728675
2.727063
2.730286
2.722229
2.730286
2.723841
2.730286
2.724646
2.72948
2.727063
2.72948
2.727063
2.72948
2.727869
2.727869
2.727869
2.727063
2.727869
2.727869
2.727063
2.728675
2.727869
2.727869
2.727869
2.728675
2.727869
2.728675
2.727063
2.728675
2.724646
2.731092
2.723841
2.731897
2.723841
2.731092
2.73512
2.72948
2.725452
2.72948
2.727869
2.725452
2.72948
2.724646
2.731897
2.725452
2.731092
2.724646
2.731897
2.727063
2.72948
2.727063
2.728675
2.726258
2.72948
2.727869
2.727869
2.727869
2.727869
2.727063
2.727869
2.728675
2.72948
2.728675
2.730286
2.726258
2.730286
2.726258
2.731092
2.723841
2.731092
2.725452
2.727869
2.727063
2.724646
2.72948
2.723841
2.731092
2.725452
2.731092
2.725452
2.730286
2.726258
2.727869
2.726258
2.727063
2.727063
2.728675
2.727063
2.727063
2.728675
2.727869
2.727869
2.727063
2.727063
2.728675
2.727063
2.72948
2.723841
2.731897
2.723841
2.731897
2.723841
2.72948
2.725452
2.727063
2.730286
2.724646
2.730286
2.724646
2.731092
2.725452
2.728675
2.725452
2.72948
2.726258
2.728675
2.727063
2.727063
2.727869
2.727869
2.727063
2.725452
2.727063
2.727869
2.727869
2.727063
2.727063
2.72948
2.725452
2.72948
2.725452
2.730286
2.725452
2.731092
2.723841
2.731092
2.724646
2.727063
2.728675
2.724646
2.730286
2.723841
2.730286
2.723035
2.731897
2.724646
2.72948
2.726258
2.728675
2.727063
2.727063
2.725452
2.727063
2.727063
2.727869
2.727063
2.727869
2.727869
2.727869
2.727063
2.728675
2.725452
2.730286
2.725452
2.730286
2.723841
2.730286
2.723841
2.731092
2.724646
2.728675
2.726258
2.727063
2.728675
2.723841
2.731897
2.723841
2.731092
2.723841
2.72948
2.724646
2.730286
2.724646
2.72948
2.725452
2.72948
2.726258
2.728675
2.724646
2.727063
2.727869
2.727063
2.725452
2.727869
2.727063
2.727869
2.727063
2.727869
2.727063
2.728675
2.724646
2.728675
2.723841
2.72948
2.724646
2.730286
2.723841
2.730286
2.722229
2.730286
2.723841
2.72948
2.723841
2.728675
2.726258
2.725452
2.72948
2.724646
2.731092
2.723841
2.731092
2.724646
2.730286
2.725452
2.72948
2.723841
2.72948
2.723841
2.728675
2.726258
2.728675
2.725452
2.726258
2.726258
2.727869
2.727063
2.727869
2.72948
2.725452
2.727063
2.727063
2.726258
2.727869
2.726258
2.728675
2.724646
2.727063
2.723841
2.728675
2.724646
2.730286
2.723841
2.730286
2.723841
2.730286
2.723841
2.72948
2.727063
2.727869
2.727869
2.725452
2.727063
2.723841
2.72948
2.723035
2.72948
2.723841
2.72948
2.724646
2.72948
2.724646
2.728675
2.725452
2.727063
2.727063
2.727063
2.727869
2.727063
2.725452
2.725452
2.727063
2.727063
2.727063
2.727063
2.724646
2.728675
2.726258
2.730286
2.723841
2.72948
2.723841
2.728675
2.723841
2.730286
2.722229
2.728675
2.723841
2.72948
2.725452
2.727063
2.727869
2.725452
2.72948
2.723841
2.730286
2.723035
2.731092
2.723841
2.72948
2.723841
2.728675
2.724646
2.72948
2.724646
2.727869
2.727063
2.726258
2.726258
2.726258
2.727063
2.726258
2.725452
2.727869
2.726258
2.727869
2.725452
2.727063
2.726258
2.727063
2.725452
2.727063
2.725452
2.727869
2.725452
2.728675
2.723841
2.72948
2.724646
2.727063
2.724646
2.730286
2.723035
2.730286
2.722229
2.730286
2.723841
2.72948
2.727063
2.726258
2.727063
2.725452
2.72948
2.723841
2.731092
2.722229
2.727869
2.723035
2.727063
2.723035
2.728675
2.724646
2.727869
2.724646
2.728675
2.725452
2.727063
2.725452
2.727063
2.725452
2.725452
2.725452
2.725452
2.726258
2.726258
2.726258
2.725452
2.727869
2.727063
2.726258
2.726258
2.727063
2.727869
2.724646
2.72948
2.723035
2.727869
2.723035
2.730286
2.723841
2.72948
2.723035
2.731092
2.723035
2.72948
2.723841
2.726258
2.727063
2.725452
2.728675
2.723841
2.72948
2.723035
2.730286
2.723035
2.727869
2.723035
2.72948
2.723841
2.728675
2.724646
2.727869
2.724646
2.728675
2.725452
2.727869
2.725452
2.727063
2.727063
2.727869
2.726258
2.725452
2.727063
2.725452
2.726258
2.727063
2.725452
2.727063
2.726258
2.725452
2.727869
2.727063
2.726258
2.727869
2.726258
2.727063
2.725452
2.727063
2.724646
2.727869
2.723841
2.728675
2.724646
2.727869
2.724646
2.72948
2.724646
2.727063
2.723841
2.728675
2.722229
2.730286
2.723841
2.728675
2.722229
2.72948
2.722229
2.731897
2.722229
2.72948
2.723035
2.731092
2.723841
2.730286
2.723035
2.727063
2.723841
2.728675
2.724646
2.727869
2.725452
2.726258
2.725452
2.725452
2.726258
2.725452
2.727869
2.724646
2.728675
2.723841
2.72948
2.723841
2.730286
2.723841
2.72948
2.723035
2.730286
2.721424
2.72948
2.723035
2.730286
2.721424
2.72948
2.723841
2.72948
2.723035
2.72948
2.723035
2.728675
2.723841
2.728675
2.723841
2.728675
2.723035
2.727869
2.724646
2.726258
2.726258
2.727063
2.724646
2.727869
2.723841
2.727063
2.724646
2.727063
2.723841
2.724646
2.723035
2.726258
2.724646
2.726258
2.726258
2.726258
2.726258
2.727063
2.727063
2.725452
2.725452
2.726258
2.725452
2.727869
2.725452
2.724646
2.725452
2.725452
2.724646
2.725452
2.725452
2.726258
2.726258
2.726258
2.724646
2.727063
2.725452
2.727869
2.727063
2.724646
2.725452
2.727063
2.726258
2.726258
2.726258
2.726258
2.727063
2.725452
2.725452
2.726258
2.725452
2.727063
2.725452
2.725452
2.723841
2.727063
2.725452
2.725452
2.725452
2.725452
2.725452
2.726258
2.727063
2.726258
2.723841
2.727063
2.725452
2.725452
2.725452
2.725452
2.725452
2.726258
2.726258
2.726258
2.727063
2.727063
2.727869
2.727063
2.724646
2.724646
2.726258
2.727063
2.726258
2.726258
2.726258
2.726258
2.725452
2.727063
2.726258
2.726258
2.726258
2.725452
2.724646
2.726258
2.726258
2.725452
2.725452
2.726258
2.724646
2.725452
2.726258
2.725452
2.727869
2.727869
2.724646
2.726258
2.726258
2.726258
2.726258
2.725452
2.723035
2.726258
2.724646
2.724646
2.724646
2.725452
2.725452
2.726258
2.727063
2.725452
2.725452
2.727063
2.724646
2.727063
2.724646
2.727869
2.725452
2.724646
2.724646
2.726258
2.725452
2.725452
2.723841
2.724646
2.725452
2.725452
2.724646
2.727063
2.724646
2.727063
2.723035
2.727869
2.723841
2.726258
2.723841
2.727869
2.723841
2.728675
2.722229
2.728675
2.723841
2.72948
2.722229
2.72948
2.722229
2.72948
2.722229
2.728675
2.721424
2.72948
2.721424
2.728675
2.721424
2.728675
2.723035
2.727063
2.723841
2.727869
2.723841
2.726258
2.725452
2.725452
2.726258
2.724646
2.727063
2.723841
2.727869
2.722229
2.727869
2.722229
2.727869
2.721424
2.72948
2.720618
2.72948
2.720618
2.730286
2.721424
2.728675
2.722229
2.728675
2.723035
2.72948
2.720618
2.728675
2.722229
2.727869
2.723035
2.728675
2.723035
2.727869
2.723035
2.728675
2.723841
2.728675
2.723841
2.727063
2.724646
2.725452
2.724646
2.727063
2.727063
2.727063
2.724646
2.726258
2.724646
2.725452
2.725452
2.724646
2.726258
2.727063
2.725452
2.724646
2.723841
2.725452
2.724646
2.725452
2.724646
2.724646
2.726258
2.723841
2.723841
2.725452
2.724646
2.726258
2.725452
2.725452
2.724646
2.725452
2.724646
2.726258
2.724646
2.723841
2.723841
2.724646
2.725452
2.725452
2.723841
2.724646
2.723841
2.725452
2.724646
2.725452
2.726258
2.725452
2.723841
2.726258
2.723841
2.725452
2.723841
2.725452
2.723035
2.727063
2.723841
2.727063
2.722229
2.727063
2.723841
2.727063
2.724646
2.727063
2.723035
2.727063
2.723035
2.727063
2.722229
2.727063
2.722229
2.727063
2.722229
2.728675
2.723035
2.727869
2.722229
2.727869
2.721424
2.728675
2.722229
2.728675
2.721424
2.727869
2.723035
2.727869
2.721424
2.727869
2.722229
2.728675
2.722229
2.72948
2.721424
2.728675
2.721424
2.728675
2.719812
2.728675
2.721424
2.728675
2.721424
2.727869
2.721424
2.72948
2.719812
2.728675
2.721424
2.727869
2.721424
2.728675
2.722229
2.728675
2.722229
2.727869
2.723035
2.728675
2.723035
2.727063
2.723035
2.727063
2.724646
2.727063
2.724646
2.725452
2.725452
2.724646
2.726258
2.724646
2.725452
2.723035
2.727869
2.724646
2.727869
2.721424
2.727869
2.719812
2.727869
2.720618
2.728675
2.720618
2.728675
2.721424
2.727869
2.720618
2.728675
2.721424
2.727869
2.721424
2.727869
2.720618
2.727869
2.721424
2.727063
2.723035
2.725452
2.722229
2.727063
2.723035
2.727063
2.723841
2.726258
2.723035
2.726258
2.723841
2.726258
2.722229
2.726258
2.723841
2.726258
2.724646
2.725452
2.723841
2.726258
2.723841
2.725452
2.723035
2.725452
2.723035
2.726258
2.723035
2.724646
2.723841
2.723841
2.724646
2.725452
2.723841
2.724646
2.723841
2.727063
2.723841
2.724646
2.723841
2.725452
2.723841
2.726258
2.723841
2.724646
2.723841
2.726258
2.723035
2.725452
2.723841
2.725452
2.724646
2.725452
2.723841
2.724646
2.721424
2.724646
2.724646
2.725452
2.723841
2.727063
2.723841
2.723841
2.723841
2.725452
2.723035
2.725452
2.723841
2.726258
2.723841
2.724646
2.724646
2.724646
2.723841
2.724646
2.723841
2.724646
2.724646
2.723841
2.724646
2.723841
2.725452
2.725452
2.723841
2.723841
2.724646
2.723841
2.723841
2.725452
2.724646
2.724646
2.722229
2.723841
2.725452
2.723035
2.723841
2.723841
2.725452
2.723841
2.723035
2.727063
2.723841
2.723035
2.725452
2.724646
2.724646
2.723035
2.723841
2.725452
2.722229
2.723841
2.724646
2.725452
2.724646
2.725452
2.724646
2.723841
2.723841
2.724646
2.723841
2.723841
2.724646
2.724646
2.723841
2.723841
2.723841
2.725452
2.724646
2.726258
2.723841
2.723841
2.723841
2.725452
2.723841
2.724646
2.725452
2.723841
2.723035
2.724646
2.724646
2.723841
2.724646
2.723841
2.724646
2.723841
2.725452
2.723841
2.725452
2.723841
2.723841
2.725452
2.724646
2.725452
2.726258
2.724646
2.723841
2.724646
2.723841
2.724646
2.724646
2.723841
2.724646
2.723841
2.723841
2.725452
2.723035
2.724646
2.724646
2.724646
2.723035
2.726258
2.723841
2.725452
2.724646
2.723841
2.723035
2.724646
2.722229
2.725452
2.723035
2.725452
2.723035
2.726258
2.721424
2.725452
2.722229
2.725452
2.723035
2.725452
2.722229
2.724646
2.723035
2.725452
2.722229
2.725452
2.722229
2.726258
2.721424
2.725452
2.722229
2.725452
2.722229
2.725452
2.723035
2.727063
2.722229
2.726258
2.723035
2.727869
2.723035
2.724646
2.721424
2.725452
2.722229
2.724646
2.721424
2.725452
2.722229
2.725452
2.723035
2.723035
2.721424
2.723841
2.723841
2.724646
2.722229
2.723841
2.723841
2.722229
2.723035
2.724646
2.723841
2.724646
2.723035
2.724646
2.724646
2.723841
2.723841
2.723841
2.724646
2.723035
2.723841
2.723035
2.724646
2.724646
2.724646
2.723841
2.723841
2.723841
2.723841
2.723035
2.723841
2.723841
2.723841
2.723035
2.723035
2.723035
2.724646
2.724646
2.723035
2.723841
2.723841
2.724646
2.723841
2.724646
2.723035
2.724646
2.723035
2.723035
2.723035
2.723841
2.722229
2.726258
2.723841
2.723841
2.723841
2.723035
2.723841
2.724646
2.723841
2.725452
2.723035
2.724646
2.722229
2.724646
2.722229
2.725452
2.722229
2.724646
2.722229
2.726258
2.722229
2.723841
2.722229
2.725452
2.722229
2.727063
2.721424
2.725452
2.723035
2.725452
2.720618
2.726258
2.720618
2.727869
2.720618
2.727063
2.720618
2.727063
2.719007
2.727063
2.719812
2.727869
2.721424
2.727063
2.721424
2.727869
2.723035
2.724646
2.723841
2.723035
2.723035
2.723841
2.724646
2.721424
2.726258
2.720618
2.727869
2.721424
2.727063
2.719812
2.727063
2.720618
2.727869
2.720618
2.727063
2.718201
2.727063
2.719812
2.727063
2.719812
2.727063
2.720618
2.727063
2.721424
2.727063
2.720618
2.725452
2.720618
2.725452
2.720618
2.725452
2.721424
2.725452
2.721424
2.726258
2.720618
2.725452
2.720618
2.725452
2.720618
2.726258
2.720618
2.724646
2.720618
2.725452
2.722229
2.724646
2.722229
2.725452
2.720618
2.724646
2.721424
2.724646
2.723035
2.723035
2.722229
2.723035
2.722229
2.724646
2.720618
2.723841
2.721424
2.723841
2.722229
2.724646
2.722229
2.723841
2.723035
2.723841
2.723841
2.723841
2.722229
2.721424
2.722229
2.725452
2.723035
2.723035
2.721424
2.723841
2.722229
2.722229
2.723841
2.723035
2.723035
2.723841
2.723841
2.723035
2.723035
2.723841
2.723035
2.724646
2.721424
2.722229
2.723035
2.723841
2.722229
2.723035
2.723841
2.721424
2.722229
2.723841
2.723841
2.723035
2.722229
2.723841
2.723035
2.722229
2.722229
2.723841
2.723035
2.723035
2.722229
2.723035
2.723035
2.723035
2.723841
2.723841
2.724646
2.723035
2.723035
2.723841
2.722229
2.723035
2.722229
2.723841
2.722229
2.723841
2.723035
2.724646
2.721424
2.724646
2.722229
2.725452
2.719812
2.726258
2.721424
2.725452
2.721424
2.724646
2.720618
2.725452
2.722229
2.726258
2.719812
2.724646
2.719812
2.726258
2.719007
2.727063
2.719007
2.726258
2.719007
2.725452
2.718201
2.727063
2.718201
2.726258
2.719007
2.727869
2.719812
2.725452
2.719812
2.726258
2.719007
2.726258
2.720618
2.726258
2.721424
2.723035
2.722229
2.723841
2.722229
2.723035
2.724646
2.722229
2.723841
2.722229
2.724646
2.720618
2.725452
2.721424
2.726258
2.720618
2.723035
2.719812
2.725452
2.719007
2.725452
2.719812
2.725452
2.720618
2.727063
2.718201
2.725452
2.719007
2.724646
2.720618
2.725452
2.719812
2.723841
2.719812
2.725452
2.719812
2.725452
2.719007
2.724646
2.720618
2.724646
2.719812
2.724646
2.721424
2.725452
2.720618
2.724646
2.719812
2.723841
2.721424
2.724646
2.723035
2.723841
2.722229
2.722229
2.720618
2.723841
2.721424
2.723841
2.721424
2.723035
2.721424
2.723035
2.720618
2.722229
2.722229
2.723035
2.721424
2.723035
2.722229
2.722229
2.721424
2.722229
2.721424
2.722229
2.723035
2.721424
2.721424
2.723035
2.723035
2.723035
2.722229
2.722229
2.723035
2.723035
2.722229
2.723035
2.721424
2.723035
2.722229
2.722229
2.721424
2.723841
2.720618
2.720618
2.722229
2.722229
2.723035
2.722229
2.722229
2.723035
2.722229
2.722229
2.723035
2.722229
2.721424
2.723035
2.722229
2.721424
2.720618
2.722229
2.723035
2.723841
2.721424
2.723035
2.722229
2.722229
2.723035
2.722229
2.720618
2.722229
2.720618
2.722229
2.723035
2.721424
2.722229
2.721424
2.720618
2.722229
2.721424
2.723035
2.721424
2.723035
2.720618
2.723035
2.720618
2.723035
2.721424
2.723841
2.720618
2.723841
2.722229
2.723841
2.722229
2.722229
2.721424
2.723035
2.721424
2.723035
2.721424
2.723035
2.721424
2.723035
2.723035
2.721424
2.722229
2.721424
2.721424
2.722229
2.721424
2.721424
2.721424
2.722229
2.723841
2.722229
2.721424
2.722229
2.722229
2.721424
2.721424
2.722229
2.722229
2.722229
2.722229
2.722229
2.723035
2.723035
2.721424
2.723841
2.719812
2.723841
2.723035
2.723035
2.722229
2.723035
2.721424
2.721424
2.722229
2.721424
2.722229
2.722229
2.721424
2.723035
2.720618
2.722229
2.720618
2.723841
2.721424
2.723841
2.720618
2.724646
2.720618
2.723841
2.721424
2.723841
2.719812
2.724646
2.719812
2.724646
2.719007
2.725452
2.718201
2.725452
2.717395
2.724646
2.718201
2.725452
2.719007
2.724646
2.719007
2.723841
2.720618
2.722229
2.722229
2.721424
2.723035
2.719812
2.724646
2.719812
2.723841
2.718201
2.724646
2.719007
2.724646
2.718201
2.724646
2.717395
2.724646
2.719812
2.724646
2.719812
2.723841
2.719812
2.723841
2.720618
2.723035
2.720618
2.722229
2.720618
2.723035
2.723035
2.722229
2.720618
2.723035
2.722229
2.721424
2.723035
2.723035
2.721424
2.723035
2.721424
2.721424
2.723035
2.720618
2.720618
2.722229
2.723035
2.721424
2.722229
2.722229
2.721424
2.722229
2.721424
2.722229
2.722229
2.723035
2.721424
2.722229
2.720618
2.722229
2.720618
2.723035
2.719812
2.723841
2.721424
2.723841
2.720618
2.723841
2.720618
2.724646
2.720618
2.723841
2.718201
2.725452
2.720618
2.723841
2.719812
2.723035
2.720618
2.722229
2.717395
2.723841
2.719007
2.724646
2.718201
2.725452
2.717395
2.726258
2.718201
2.726258
2.717395
2.727063
2.718201
2.725452
2.717395
2.725452
2.718201
2.726258
2.717395
2.725452
2.718201
2.723841
2.719007
2.723841
2.720618
2.722229
2.718201
2.722229
2.720618
2.723035
2.722229
2.720618
2.723035
2.720618
2.723841
2.721424
2.723035
2.719812
2.725452
2.719007
2.723841
2.718201
2.724646
2.719007
2.723841
2.719007
2.725452
2.718201
2.724646
2.718201
2.723841
2.719007
2.724646
2.719007
2.723035
2.719812
2.723035
2.720618
2.722229
2.721424
2.723841
2.722229
2.721424
2.719812
2.720618
2.721424
2.723035
2.722229
2.719812
2.722229
2.721424
2.720618
2.722229
2.720618
2.721424
2.720618
2.721424
2.721424
2.721424
2.720618
2.722229
2.720618
2.720618
2.721424
2.722229
2.721424
2.721424
2.720618
2.722229
2.723035
2.722229
2.720618
2.721424
2.721424
2.722229
2.721424
2.722229
2.719007
2.722229
2.720618
2.721424
2.719812
2.723035
2.718201
2.723035
2.717395
2.723841
2.717395
2.723035
2.719007
2.723035
2.718201
2.723035
2.719812
2.723841
2.721424
2.724646
2.718201
2.724646
2.716589
2.724646
2.717395
2.727063
2.717395
2.725452
2.718201
2.723841
2.718201
2.725452
2.719007
2.723035
2.720618
2.721424
2.721424
2.721424
2.722229
2.719007
2.722229
2.717395
2.723841
2.719007
2.723841
2.717395
2.726258
2.717395
2.724646
2.718201
2.724646
2.717395
2.723841
2.717395
2.723035
2.719007
2.724646
2.717395
2.724646
2.718201
2.723841
2.720618
2.723841
2.719007
2.721424
2.720618
2.721424
2.719812
2.722229
2.720618
2.720618
2.720618
2.721424
2.720618
2.720618
2.721424
2.719812
2.721424
2.722229
2.720618
2.721424
2.720618
2.719812
2.721424
2.720618
2.720618
2.721424
2.719812
2.721424
2.719812
2.721424
2.720618
2.721424
2.719812
2.723035
2.719812
2.720618
2.719812
2.722229
2.719007
2.723841
2.719007
2.722229
2.718201
2.723035
2.719007
2.723035
2.716589
2.723035
2.715784
2.724646
2.717395
2.724646
2.716589
2.724646
2.718201
2.724646
2.718201
2.723841
2.717395
2.723841
2.719007
2.724646
2.719812
2.721424
2.718201
2.721424
2.720618
2.720618
2.722229
2.718201
2.721424
2.719812
2.723035
2.718201
2.724646
2.716589
2.723841
2.717395
2.723841
2.716589
2.722229
2.716589
2.724646
2.718201
2.724646
2.717395
2.723035
2.718201
2.726258
2.719007
2.723035
2.716589
2.723035
2.717395
2.723841
2.716589
2.722229
2.718201
2.723841
2.718201
2.721424
2.719007
2.723841
2.718201
2.723035
2.717395
2.723841
2.718201
2.723035
2.718201
2.721424
2.718201
2.721424
2.718201
2.723035
2.718201
2.723035
2.718201
2.721424
2.718201
2.722229
2.719007
2.723841
2.717395
2.722229
2.717395
2.723035
2.719007
2.723035
2.717395
2.723035
2.719007
2.722229
2.718201
2.721424
2.718201
2.722229
2.719812
2.722229
2.719007
2.723035
2.719007
2.721424
2.719812
2.719812
2.719007
2.721424
2.717395
2.721424
2.719007
2.721424
2.719812
2.720618
2.720618
2.720618
2.719812
2.720618
2.720618
2.721424
2.718201
2.721424
2.719007
2.720618
2.720618
2.719007
2.720618
2.720618
2.719007
2.719812
2.720618
2.719812
2.719812
2.720618
2.720618
2.720618
2.719812
2.719812
2.719007
2.720618
2.719007
2.720618
2.720618
2.720618
2.719812
2.719812
2.719812
2.719812
2.719007
2.720618
2.719007
2.721424
2.719007
2.721424
2.717395
2.722229
2.717395
2.721424
2.717395
2.723035
2.716589
2.723035
2.716589
2.723035
2.715784
2.723841
2.716589
2.723841
2.716589
2.720618
2.719007
2.719812
2.719007
2.718201
2.721424
2.718201
2.722229
2.717395
2.723035
2.716589
2.723035
2.717395
2.723841
2.716589
2.721424
2.717395
2.721424
2.717395
2.722229
2.719007
2.722229
2.719812
2.719812
2.719007
2.720618
2.719007
2.720618
2.720618
2.719812
2.720618
2.719812
2.719812
2.720618
2.720618
2.720618
2.719812
2.719812
2.719812
2.719812
2.719812
2.719812
2.719812
2.723841
2.718201
2.719007
2.719812
2.720618
2.717395
2.722229
2.717395
2.722229
2.718201
2.723035
2.715784
2.722229
2.717395
2.723841
2.714978
2.723035
2.716589
2.723035
2.716589
2.721424
2.717395
2.720618
2.719007
2.718201
2.721424
2.715784
2.722229
2.715784
2.722229
2.717395
2.724646
2.715784
2.723035
2.715784
2.723035
2.717395
2.722229
2.717395
2.720618
2.717395
2.721424
2.718201
2.719007
2.719007
2.719007
2.719007
2.720618
2.718201
2.719812
2.719007
2.720618
2.719812
2.719007
2.719812
2.719007
2.719007
2.720618
2.720618
2.719812
2.719812
2.719007
2.718201
2.720618
2.717395
2.721424
2.717395
2.720618
2.718201
2.723035
2.716589
2.723035
2.716589
2.722229
2.716589
2.722229
2.714978
2.720618
2.715784
2.723035
2.717395
2.721424
2.718201
2.719007
2.720618
2.717395
2.719812
2.716589
2.721424
2.715784
2.723035
2.714173
2.723035
2.716589
2.722229
2.715784
2.721424
2.716589
2.722229
2.717395
2.721424
2.717395
2.721424
2.718201
2.720618
2.718201
2.719812
2.718201
2.720618
2.718201
2.719007
2.719007
2.719812
2.718201
2.719007
2.720618
2.719812
2.718201
2.721424
2.719007
2.719007
2.720618
2.719007
2.718201
2.719007
2.719812
2.720618
2.717395
2.721424
2.717395
2.723841
2.718201
2.720618
2.717395
2.722229
2.715784
2.722229
2.715784
2.722229
2.716589
2.723841
2.715784
2.723841
2.715784
2.722229
2.714978
2.721424
2.714978
2.719812
2.719007
2.719812
2.718201
2.718201
2.719007
2.715784
2.722229
2.716589
2.723035
2.715784
2.723035
2.714173
2.722229
2.715784
2.722229
2.715784
2.721424
2.716589
2.721424
2.716589
2.719007
2.719007
2.720618
2.719007
2.719007
2.718201
2.719812
2.719007
2.719007
2.719007
2.718201
2.719812
2.719007
2.717395
2.719007
2.720618
2.719812
2.718201
2.719812
2.719812
2.718201
2.718201
2.720618
2.716589
2.718201
2.718201
2.721424
2.716589
2.721424
2.716589
2.722229
2.715784
2.722229
2.713367
2.722229
2.714978
2.723035
2.714978
2.721424
2.715784
2.722229
2.716589
2.719812
2.719007
2.718201
2.720618
2.717395
2.721424
2.714978
2.721424
2.715784
2.723035
2.714978
2.722229
2.715784
2.722229
2.715784
2.722229
2.716589
2.720618
2.716589
2.719812
2.717395
2.719007
2.719007
2.719812
2.719007
2.718201
2.719812
2.719007
2.718201
2.719007
2.718201
2.717395
2.718201
2.719007
2.719812
2.719007
2.719812
2.718201
2.717395
2.719007
2.718201
2.719007
2.717395
2.720618
2.714978
2.720618
2.714978
2.720618
2.714978
2.722229
2.714173
2.722229
2.717395
2.723035
2.715784
2.720618
2.719007
2.719007
2.719007
2.717395
2.721424
2.714978
2.721424
2.715784
2.723035
2.715784
2.722229
2.715784
2.721424
2.716589
2.720618
2.715784
2.719812
2.717395
2.720618
2.717395
2.718201
2.719007
2.719812
2.718201
2.718201
2.719007
2.719007
2.719007
2.719007
2.718201
2.718201
2.719007
2.719007
2.717395
2.717395
2.719812
2.718201
2.718201
2.719007
2.718201
2.719007
2.719007
2.719812
2.717395
2.720618
2.715784
2.721424
2.715784
2.719812
2.715784
2.722229
2.714978
2.721424
2.714173
2.722229
2.715784
2.721424
2.714978
2.722229
2.716589
2.719812
2.715784
2.719007
2.719007
2.717395
2.719007
2.716589
2.721424
2.715784
2.721424
2.715784
2.721424
2.712561
2.720618
2.714978
2.720618
2.716589
2.720618
2.715784
2.720618
2.716589
2.719812
2.715784
2.720618
2.716589
2.719812
2.717395
2.718201
2.718201
2.719812
2.718201
2.717395
2.719007
2.718201
2.719007
2.719007
2.719007
2.717395
2.718201
2.717395
2.717395
2.719007
2.716589
2.718201
2.715784
2.718201
2.717395
2.719007
2.717395
2.719007
2.715784
2.717395
2.715784
2.720618
2.714978
2.722229
2.714978
2.720618
2.714978
2.720618
2.714173
2.721424
2.714978
2.724646
2.714173
2.722229
2.713367
2.720618
2.714173
2.719812
2.714978
2.720618
2.717395
2.719007
2.717395
2.714978
2.719812
2.716589
2.721424
2.713367
2.721424
2.714978
2.720618
2.714978
2.720618
2.714978
2.720618
2.714978
2.720618
2.716589
2.719812
2.716589
2.719812
2.715784
2.719812
2.717395
2.717395
2.719812
2.718201
2.718201
2.718201
2.718201
2.719007
2.719007
2.718201
2.718201
2.718201
2.717395
2.718201
2.717395
2.718201
2.717395
2.718201
2.718201
2.716589
2.716589
2.719812
2.716589
2.720618
2.715784
2.721424
2.714978
2.719812
2.714173
2.719812
2.715784
2.721424
2.713367
2.721424
2.713367
2.722229
2.714173
2.721424
2.714978
2.719007
2.715784
2.719007
2.716589
2.719007
2.718201
2.716589
2.719007
2.714978
2.720618
2.714978
2.721424
2.714978
2.720618
2.714173
2.721424
2.714978
2.721424
2.714978
2.721424
2.714173
2.721424
2.714173
2.719007
2.715784
2.719007
2.714978
2.720618
2.714978
2.719007
2.715784
2.719007
2.714978
2.719812
2.716589
2.718201
2.717395
2.719007
2.716589
2.718201
2.717395
2.718201
2.717395
2.718201
2.718201
2.717395
2.718201
2.718201
2.717395
2.718201
2.716589
2.717395
2.716589
2.716589
2.717395
2.717395
2.715784
2.717395
2.715784
2.718201
2.716589
2.719007
2.715784
2.716589
2.717395
2.719007
2.715784
2.718201
2.714978
2.718201
2.714978
2.719812
2.713367
2.719007
2.713367
2.719007
2.712561
2.720618
2.713367
2.722229
2.713367
2.720618
2.714173
2.720618
2.713367
2.719812
2.716589
2.719007
2.716589
2.717395
2.717395
2.716589
2.719007
2.714978
2.720618
2.714978
2.720618
2.714173
2.720618
2.714173
2.722229
2.715784
2.721424
2.712561
2.720618
2.714173
2.721424
2.714978
2.720618
2.714173
2.719812
2.715784
2.720618
2.714978
2.719812
2.715784
2.719007
2.714978
2.719007
2.715784
2.717395
2.715784
2.718201
2.716589
2.716589
2.715784
2.717395
2.717395
2.718201
2.716589
2.716589
2.715784
2.717395
2.717395
2.718201
2.715784
2.715784
2.717395
2.717395
2.717395
2.717395
2.717395
2.717395
2.716589
2.716589
2.716589
2.717395
2.717395
2.717395
2.716589
2.718201
2.716589
2.719007
2.716589
2.718201
2.715784
2.716589
2.716589
2.717395
2.714978
2.719007
2.714978
2.719007
2.714173
2.719812
2.714978
2.719812
2.714173
2.720618
2.714978
2.719812
2.711756
2.720618
2.711756
2.721424
2.712561
2.719812
2.713367
2.720618
2.714173
2.719812
2.714173
2.717395
2.718201
2.716589
2.718201
2.714173
2.719007
2.713367
2.719812
2.713367
2.720618
2.712561
2.719812
2.714173
2.719812
2.714978
2.719007
2.715784
2.718201
2.714978
2.719812
2.715784
2.717395
2.716589
2.718201
2.717395
2.716589
2.716589
2.714978
2.717395
2.716589
2.717395
2.716589
2.717395
2.716589
2.717395
2.719007
2.715784
2.718201
2.716589
2.716589
2.716589
2.718201
2.714978
2.719007
2.714978
2.719812
2.713367
2.719812
2.712561
2.720618
2.713367
2.720618
2.714173
2.719812
2.716589
2.718201
2.716589
2.715784
2.718201
2.712561
2.719007
2.71095
2.719812
2.713367
2.720618
2.714173
2.718201
2.714978
2.719007
2.714978
2.716589
2.714173
2.716589
2.715784
2.717395
2.715784
2.715784
2.717395
2.716589
2.716589
2.714978
2.716589
2.716589
2.717395
2.716589
2.715784
2.715784
2.716589
2.719007
2.714978
2.718201
2.714978
2.718201
2.714978
2.719007
2.714978
2.719007
2.713367
2.720618
2.713367
2.721424
2.711756
2.719812
2.711756
2.719812
2.711756
2.719007
2.713367
2.717395
2.715784
2.716589
2.718201
2.714978
2.718201
2.713367
2.719007
2.714173
2.720618
2.711756
2.719812
2.714173
2.719812
2.714173
2.720618
2.713367
2.719007
2.714173
2.719007
2.712561
2.718201
2.715784
2.717395
2.714978
2.718201
2.714173
2.718201
2.714978
2.717395
2.715784
2.716589
2.714978
2.717395
2.715784
2.718201
2.716589
2.716589
2.716589
2.716589
2.717395
2.717395
2.718201
2.715784
2.716589
2.716589
2.714978
2.716589
2.714978
2.715784
2.714978
2.716589
2.714173
2.716589
2.715784
2.715784
2.715784
2.717395
2.714978
2.716589
2.714173
2.718201
2.713367
2.719007
2.713367
2.719812
2.713367
2.718201
2.712561
2.720618
2.712561
2.719812
2.711756
2.719007
2.715784
2.715784
2.714978
2.715784
2.718201
2.714173
2.719812
2.711756
2.719007
2.712561
2.719812
2.712561
2.719007
2.716589
2.719007
2.714173
2.717395
2.714978
2.717395
2.714978
2.715784
2.715784
2.716589
2.716589
2.717395
2.716589
2.716589
2.716589
2.715784
2.716589
2.716589
2.716589
2.716589
2.717395
2.717395
2.714978
2.717395
2.714173
2.717395
2.714173
2.719007
2.713367
2.717395
2.713367
2.719812
2.711756
2.720618
2.711756
2.719812
2.712561
2.719812
2.713367
2.716589
2.714978
2.715784
2.718201
2.714978
2.719007
2.712561
2.719007
2.711756
2.719007
2.714173
2.719812
2.714173
2.718201
2.714173
2.717395
2.714978
2.718201
2.714173
2.716589
2.714173
2.718201
2.715784
2.716589
2.714978
2.715784
2.715784
2.717395
2.715784
2.716589
2.714173
2.715784
2.716589
2.715784
2.714173
2.716589
2.715784
2.715784
2.714173
2.717395
2.714173
2.716589
2.712561
2.718201
2.713367
2.719007
2.711756
2.719812
2.710144
2.719812
2.712561
2.718201
2.712561
2.718201
2.714978
2.714978
2.716589
2.713367
2.717395
2.711756
2.719812
2.713367
2.719812
2.712561
2.719007
2.712561
2.718201
2.713367
2.717395
2.714173
2.717395
2.714173
2.715784
2.715784
2.714978
2.716589
2.714978
2.714978
2.715784
2.716589
2.716589
2.714978
2.714978
2.716589
2.715784
2.715784
2.714173
2.715784
2.714978
2.714173
2.716589
2.714978
2.716589
2.714173
2.718201
2.712561
2.717395
2.711756
2.717395
2.711756
2.719007
2.71095
2.719007
2.711756
2.718201
2.711756
2.718201
2.715784
2.717395
2.714173
2.714978
2.714173
2.714173
2.718201
2.711756
2.719007
2.712561
2.719812
2.71095
2.719007
2.713367
2.717395
2.713367
2.717395
2.711756
2.718201
2.714978
2.716589
2.714173
2.716589
2.712561
2.717395
2.714173
2.715784
2.714978
2.717395
2.715784
2.714978
2.715784
2.714978
2.714978
2.714978
2.715784
2.715784
2.715784
2.717395
2.714978
2.714978
2.715784
2.716589
2.714978
2.715784
2.714978
2.714978
2.714978
2.714978
2.716589
2.716589
2.714978
2.715784
2.714173
2.717395
2.714978
2.715784
2.713367
2.718201
2.712561
2.717395
2.711756
2.718201
2.71095
2.719007
2.71095
2.719007
2.710144
2.718201
2.71095
2.719007
2.71095
2.717395
2.709338
2.718201
2.71095
2.717395
2.711756
2.717395
2.712561
2.715784
2.714173
2.714173
2.716589
2.713367
2.717395
2.711756
2.720618
2.71095
2.719007
2.71095
2.718201
2.712561
2.717395
2.711756
2.717395
2.713367
2.717395
2.711756
2.718201
2.712561
2.716589
2.712561
2.715784
2.713367
2.716589
2.713367
2.715784
2.714173
2.714173
2.712561
2.714978
2.714978
2.714173
2.713367
2.714173
2.714173
2.715784
2.716589
2.714978
2.716589
2.714978
2.715784
2.714978
2.714978
2.714978
2.714173
2.714978
2.714978
2.714978
2.714978
2.715784
2.713367
2.716589
2.71095
2.720618
2.712561
2.717395
2.71095
2.718201
2.71095
2.718201
2.710144
2.718201
2.711756
2.718201
2.711756
2.715784
2.712561
2.715784
2.714978
2.712561
2.716589
2.71095
2.717395
2.711756
2.716589
2.71095
2.718201
2.71095
2.717395
2.711756
2.717395
2.712561
2.717395
2.713367
2.716589
2.711756
2.714978
2.714978
2.715784
2.714173
2.714978
2.713367
2.713367
2.714173
2.714978
2.714173
2.714978
2.714978
2.714173
2.714978
2.714978
2.713367
2.715784
2.714173
2.714173
2.713367
2.714173
2.713367
2.716589
2.712561
2.715784
2.712561
2.717395
2.711756
2.716589
2.709338
2.718201
2.710144
2.718201
2.708533
2.718201
2.71095
2.717395
2.713367
2.716589
2.713367
2.714173
2.714173
2.712561
2.716589
2.711756
2.717395
2.71095
2.718201
2.710144
2.718201
2.711756
2.717395
2.711756
2.716589
2.711756
2.717395
2.711756
2.715784
2.714173
2.715784
2.712561
2.714978
2.714173
2.714173
2.714173
2.714978
2.712561
2.714978
2.714173
2.714173
2.713367
2.712561
2.712561
2.714978
2.712561
2.714978
2.714173
2.714978
2.714173
2.714978
2.713367
2.714978
2.713367
2.715784
2.711756
2.715784
2.712561
2.717395
2.711756
2.716589
2.710144
2.716589
2.71095
2.716589
2.709338
2.717395
2.710144
2.717395
2.71095
2.718201
2.711756
2.717395
2.712561
2.715784
2.712561
2.714173
2.714173
2.711756
2.715784
2.71095
2.715784
2.710144
2.717395
2.710144
2.717395
2.710144
2.717395
2.71095
2.716589
2.71095
2.716589
2.710144
2.715784
2.712561
2.714173
2.713367
2.714173
2.714173
2.714173
2.714173
2.714173
2.712561
2.715784
2.714978
2.714173
2.714173
2.714173
2.714978
2.714978
2.713367
2.713367
2.715784
2.713367
2.714173
2.714173
2.714173
2.717395
2.714173
2.714978
2.711756
2.714978
2.711756
2.718201
2.711756
2.715784
2.71095
2.718201
2.71095
2.716589
2.711756
2.716589
2.71095
2.717395
2.710144
2.718201
2.710144
2.716589
2.711756
2.715784
2.710144
2.714978
2.711756
2.714978
2.712561
2.712561
2.713367
2.714173
2.715784
2.712561
2.715784
2.71095
2.717395
2.710144
2.716589
2.710144
2.715784
2.71095
2.716589
2.709338
2.716589
2.71095
2.715784
2.71095
2.715784
2.711756
2.715784
2.711756
2.714978
2.713367
2.714978
2.712561
2.713367
2.713367
2.714173
2.713367
2.712561
2.713367
2.713367
2.713367
2.714173
2.714173
2.714173
2.711756
2.714173
2.712561
2.711756
2.714173
2.713367
2.714173
2.713367
2.713367
2.714978
2.712561
2.714173
2.712561
2.714173
2.712561
2.714173
2.713367
2.714173
2.711756
2.714978
2.713367
2.713367
2.712561
2.714978
2.71095
2.714978
2.71095
2.714978
2.71095
2.715784
2.71095
2.716589
2.709338
2.716589
2.71095
2.716589
2.708533
2.717395
2.708533
2.715784
2.710144
2.715784
2.71095
2.715784
2.71095
2.714978
2.71095
2.714173
2.712561
2.714173
2.714173
2.71095
2.714978
2.709338
2.715784
2.709338
2.715784
2.709338
2.717395
2.710144
2.715784
2.709338
2.715784
2.710144
2.715784
2.710144
2.714173
2.71095
2.714978
2.711756
2.714978
2.712561
2.714173
2.712561
2.713367
2.712561
2.713367
2.712561
2.713367
2.714978
2.712561
2.714173
2.714173
2.714978
2.712561
2.713367
2.712561
2.713367
2.711756
2.711756
2.711756
2.712561
2.713367
2.714173
2.714173
2.711756
2.713367
2.710144
2.714173
2.710144
2.715784
2.710144
2.714978
2.710144
2.717395
2.709338
2.714978
2.708533
2.716589
2.709338
2.716589
2.710144
2.716589
2.710144
2.714978
2.711756
2.712561
2.714173
2.712561
2.714173
2.71095
2.714173
2.709338
2.714173
2.709338
2.717395
2.71095
2.716589
2.708533
2.715784
2.710144
2.716589
2.71095
2.713367
2.71095
2.714978
2.710144
2.714173
2.711756
2.711756
2.711756
2.713367
2.71095
2.712561
2.712561
2.712561
2.711756
2.711756
2.712561
2.71095
2.712561
2.712561
2.712561
2.713367
2.711756
2.714173
2.711756
2.712561
2.711756
2.714173
2.71095
2.715784
2.708533
2.714978
2.709338
2.715784
2.71095
2.715784
2.708533
2.714173
2.710144
2.714978
2.708533
2.716589
2.709338
2.716589
2.707727
2.714978
2.710144
2.714173
2.712561
2.712561
2.711756
2.711756
2.714978
2.71095
2.714978
2.709338
2.714978
2.710144
2.715784
2.709338
2.715784
2.709338
2.714978
2.709338
2.715784
2.710144
2.714173
2.709338
2.714978
2.710144
2.714978
2.710144
2.713367
2.710144
2.714173
2.71095
2.712561
2.71095
2.712561
2.711756
2.710144
2.711756
2.711756
2.712561
2.712561
2.711756
2.713367
2.712561
2.711756
2.711756
2.712561
2.711756
2.711756
2.712561
2.71095
2.712561
2.712561
2.712561
2.713367
2.711756
2.712561
2.710144
2.714173
2.710144
2.712561
2.708533
2.714978
2.709338
2.715784
2.706921
2.716589
2.708533
2.714978
2.710144
2.713367
2.711756
2.71095
2.712561
2.710144
2.714978
2.708533
2.717395
2.708533
2.714173
2.708533
2.714173
2.709338
2.714173
2.71095
2.713367
2.710144
2.712561
2.712561
2.711756
2.712561
2.711756
2.711756
2.711756
2.711756
2.711756
2.711756
2.71095
2.711756
2.712561
2.711756
2.711756
2.71095
2.714173
2.710144
2.714978
2.709338
2.714978
2.707727
2.714173
2.707727
2.714978
2.708533
2.714978
2.709338
2.714173
2.711756
2.71095
2.712561
2.709338
2.711756
2.707727
2.714978
2.708533
2.715784
2.707727
2.714173
2.707727
2.714978
2.707727
2.714978
2.709338
2.714173
2.709338
2.713367
2.710144
2.713367
2.710144
2.711756
2.71095
2.713367
2.710144
2.710144
2.711756
2.712561
2.71095
2.71095
2.711756
2.71095
2.71095
2.711756
2.71095
2.710144
2.711756
2.71095
2.711756
2.711756
2.709338
2.711756
2.71095
2.714173
2.71095
2.715784
2.707727
2.713367
2.708533
2.714978
2.707727
2.714978
2.707727
2.715784
2.708533
2.714173
2.708533
2.714173
2.709338
2.714173
2.71095
2.710144
2.711756
2.710144
2.713367
2.708533
2.714978
2.707727
2.714173
2.707727
2.714173
2.708533
2.713367
2.709338
2.714173
2.710144
2.711756
2.710144
2.711756
2.71095
2.712561
2.713367
2.711756
2.710144
2.711756
2.710144
2.711756
2.71095
2.710144
2.710144
2.711756
2.709338
2.71095
2.708533
2.713367
2.709338
2.71095
2.707727
2.714173
2.707727
2.714173
2.708533
2.714978
2.708533
2.714173
2.711756
2.71095
2.711756
2.710144
2.714978
2.708533
2.714978
2.708533
2.714978
2.707727
2.714978
2.709338
2.713367
2.710144
2.713367
2.710144
2.711756
2.710144
2.712561
2.710144
2.710144
2.711756
2.71095
2.712561
2.71095
2.710144
2.71095
2.71095
2.711756
2.71095
2.71095
2.71095
2.711756
2.710144
2.71095
2.71095
2.710144
2.710144
2.712561
2.708533
2.713367
2.707727
2.713367
2.708533
2.712561
2.709338
2.714978
2.708533
2.714978
2.706116
2.714173
2.706921
2.712561
2.709338
2.713367
2.710144
2.712561
2.710144
2.712561
2.713367
2.709338
2.714978
2.707727
2.714978
2.707727
2.714173
2.707727
2.714173
2.708533
2.712561
2.708533
2.713367
2.709338
2.711756
2.708533
2.712561
2.710144
2.711756
2.711756
2.711756
2.711756
2.711756
2.71095
2.710144
2.710144
2.710144
2.709338
2.71095
2.710144
2.71095
2.71095
2.710144
2.710144
2.712561
2.710144
2.71095
2.710144
2.711756
2.708533
2.714173
2.708533
2.714173
2.707727
2.713367
2.707727
2.714173
2.706921
2.715784
2.706921
2.714978
2.707727
2.713367
2.707727
2.712561
2.710144
2.71095
2.711756
2.708533
2.713367
2.706921
2.713367
2.707727
2.714173
2.706116
2.712561
2.707727
2.711756
2.709338
2.711756
2.708533
2.711756
2.71095
2.71095
2.709338
2.709338
2.710144
2.710144
2.709338
2.71095
2.710144
2.711756
2.709338
2.711756
2.708533
2.711756
2.706921
2.714173
2.708533
2.713367
2.706116
2.714173
2.706116
2.715784
2.708533
2.714173
2.709338
2.708533
2.711756
2.707727
2.712561
2.706116
2.713367
2.706921
2.712561
2.707727
2.711756
2.707727
2.712561
2.709338
2.71095
2.706921
2.71095
2.71095
2.710144
2.710144
2.71095
2.708533
2.711756
2.710144
2.71095
2.71095
2.709338
2.710144
2.709338
2.71095
2.710144
2.710144
2.71095
2.710144
2.709338
2.709338
2.709338
2.710144
2.710144
2.708533
2.710144
2.710144
2.71095
2.709338
2.71095
2.709338
2.709338
2.708533
2.712561
2.707727
2.711756
2.708533
2.711756
2.706921
2.712561
2.708533
2.711756
2.706921
2.712561
2.706921
2.713367
2.707727
2.712561
2.706921
2.713367
2.707727
2.713367
2.706921
2.713367
2.707727
2.714173
2.706116
2.714173
2.706921
2.714173
2.706116
2.713367
2.706921
2.710144
2.709338
2.710144
2.710144
2.710144
2.710144
2.710144
2.709338
2.71095
2.709338
2.71095
2.710144
2.710144
2.710144
2.710144
2.708533
2.709338
2.709338
2.710144
2.709338
2.710144
2.707727
2.708533
2.710144
2.710144
2.710144
2.710144
2.708533
2.709338
2.708533
2.709338
2.710144
2.71095
2.710144
2.709338
2.709338
2.709338
2.709338
2.708533
2.709338
2.708533
2.71095
2.708533
2.71095
2.709338
2.71095
2.708533
2.71095
2.708533
2.711756
2.707727
2.711756
2.707727
2.71095
2.707727
2.711756
2.707727
2.711756
2.707727
2.711756
2.706921
2.712561
2.706921
2.712561
2.706116
2.712561
2.706116
2.711756
2.707727
2.712561
2.707727
2.710144
2.708533
2.708533
2.710144
2.708533
2.71095
2.707727
2.713367
2.706116
2.714173
2.706921
2.714173
2.706116
2.713367
2.707727
2.711756
2.706921
2.711756
2.706921
2.711756
2.707727
2.71095
2.709338
2.710144
2.708533
2.708533
2.709338
2.708533
2.709338
2.708533
2.708533
2.708533
2.709338
2.710144
2.709338
2.709338
2.707727
2.708533
2.708533
2.71095
2.708533
2.710144
2.707727
2.710144
2.708533
2.71095
2.707727
2.71095
2.708533
2.71095
2.707727
2.711756
2.706116
2.712561
2.706921
2.713367
2.706921
2.714173
2.706116
2.714978
2.707727
2.710144
2.708533
2.707727
2.71095
2.707727
2.713367
2.70531
2.713367
2.706116
2.711756
2.706116
2.711756
2.706921
2.712561
2.706921
2.71095
2.707727
2.71095
2.708533
2.709338
2.709338
2.709338
2.708533
2.71095
2.708533
2.709338
2.709338
2.710144
2.708533
2.708533
2.707727
2.710144
2.708533
2.71095
2.709338
2.71095
2.706921
2.71095
2.706921
2.710144
2.706116
2.71095
2.706921
2.712561
2.706116
2.711756
2.70531
2.712561
2.706116
2.711756
2.707727
2.710144
2.707727
2.707727
2.710144
2.706116
2.711756
2.70531
2.712561
2.70531
2.712561
2.706116
2.713367
2.706921
2.71095
2.706116
2.71095
2.706921
2.710144
2.707727
2.707727
2.708533
2.71095
2.709338
2.71095
2.709338
2.709338
2.710144
2.709338
2.708533
2.709338
2.709338
2.709338
2.710144
2.707727
2.708533
2.708533
2.707727
2.709338
2.706116
2.710144
2.707727
2.71095
2.707727
2.71095
2.70531
2.71095
2.706116
2.712561
2.704504
2.712561
2.704504
2.71095
2.706116
2.711756
2.709338
2.709338
2.708533
2.707727
2.71095
2.706921
2.711756
2.704504
2.712561
2.704504
2.712561
2.70531
2.711756
2.70531
2.71095
2.706921
2.712561
2.706116
2.708533
2.706921
2.709338
2.709338
2.708533
2.707727
2.708533
2.709338
2.708533
2.709338
2.710144
2.708533
2.709338
2.708533
2.708533
2.708533
2.709338
2.708533
2.709338
2.707727
2.71095
2.707727
2.709338
2.70531
2.710144
2.70531
2.711756
2.706116
2.712561
2.706921
2.710144
2.707727
2.707727
2.710144
2.70531
2.712561
2.704504
2.712561
2.70531
2.711756
2.706921
2.71095
2.706116
2.710144
2.706921
2.708533
2.708533
2.709338
2.708533
2.708533
2.708533
2.708533
2.708533
2.708533
2.707727
2.71095
2.706116
2.709338
2.706921
2.71095
2.70531
2.711756
2.70531
2.711756
2.70531
2.709338
2.709338
2.707727
2.71095
2.70531
2.712561
2.70531
2.712561
2.704504
2.71095
2.706116
2.71095
2.708533
2.708533
2.707727
2.708533
2.706921
2.707727
2.707727
2.706921
2.707727
2.707727
2.708533
2.707727
2.708533
2.708533
2.706116
2.71095
2.706116
2.71095
2.704504
2.711756
2.706116
2.709338
2.706921
2.707727
2.709338
2.70531
2.711756
2.704504
2.71095
2.706116
2.71095
2.706921
2.709338
2.707727
2.708533
2.708533
2.708533
2.707727
2.707727
2.708533
2.708533
2.706921
2.707727
2.706921
2.709338
2.707727
2.709338
2.706921
2.710144
2.70531
2.71095
2.704504
2.710144
2.706116
2.708533
2.708533
2.70531
2.710144
2.704504
2.711756
2.70531
2.711756
2.70531
2.710144
2.707727
2.708533
2.707727
2.707727
2.706921
2.706921
2.708533
2.707727
2.707727
2.709338
2.707727
2.709338
2.70531
2.709338
2.70531
2.71095
2.70531
2.71095
2.704504
2.707727
2.707727
2.706116
2.71095
2.703699
2.710144
2.706116
2.709338
2.70531
2.708533
2.706921
2.709338
2.706921
2.706921
2.708533
2.707727
2.708533
2.708533
2.707727
2.710144
2.706921
2.71095
2.706921
2.71095
2.703699
2.710144
2.70531
2.708533
2.707727
2.706116
2.71095
2.702893
2.710144
2.70531
2.708533
2.706116
2.707727
2.706921
2.707727
2.706921
2.707727
2.708533
2.706921
2.706921
2.706921
2.706116
2.707727
2.70531
2.709338
2.703699
2.71095
2.70531
2.710144
2.707727
2.706116
2.710144
2.704504
2.711756
2.704504
2.707727
2.704504
2.709338
2.707727
2.707727
2.707727
2.708533
2.707727
2.707727
2.708533
2.707727
2.706116
2.71095
2.70531
2.710144
2.70531
2.711756
2.70531
2.708533
2.709338
2.704504
2.711756
2.702893
2.71095
2.70531
2.708533
2.706116
2.706116
2.706921
2.706921
2.707727
2.706921
2.706921
2.707727
2.70531
2.71095
2.704504
2.71095
2.703699
2.709338
2.703699
2.706116
2.710144
2.704504
2.71095
2.706116
2.709338
2.70531
2.708533
2.706921
2.706921
2.707727
2.706921
2.707727
2.708533
2.706921
2.706921
2.70531
2.708533
2.706116
2.71095
2.702893
2.709338
2.70531
2.70531
2.710144
2.702893
2.710144
2.703699
2.71095
2.70531
2.707727
2.706921
2.706921
2.706921
2.706921
2.706921
2.706116
2.706116
2.707727
2.70531
2.709338
2.704504
2.710144
2.702087
2.709338
2.706116
2.706116
2.710144
2.704504
2.710144
2.704504
2.709338
2.70531
2.708533
2.706116
2.706921
2.706921
2.70531
2.70531
2.707727
2.706921
2.707727
2.706116
2.707727
2.70531
2.708533
2.703699
2.709338
2.703699
2.709338
2.70531
2.706921
2.709338
2.704504
2.71095
2.702893
2.710144
2.702893
2.71095
2.704504
2.707727
2.706116
2.706921
2.707727
2.706921
2.707727
2.706921
2.706116
2.706921
2.706116
2.708533
2.704504
2.708533
2.703699
2.708533
2.701282
2.709338
2.704504
2.706116
2.708533
2.703699
2.709338
2.702893
2.709338
2.704504
2.709338
2.70531
2.707727
2.706116
2.706116
2.706116
2.706921
2.706116
2.706921
2.70531
2.707727
2.704504
2.707727
2.703699
2.708533
2.702893
2.709338
2.702893
2.710144
2.706116
2.706116
2.708533
2.704504
2.709338
2.703699
2.710144
2.704504
2.708533
2.70531
2.707727
2.706921
2.706116
2.706921
2.706921
2.706921
2.706921
2.706116
2.707727
2.704504
2.707727
2.704504
2.709338
2.702893
2.709338
2.702087
2.707727
2.706116
2.706921
2.709338
2.702893
2.710144
2.703699
2.707727
2.703699
2.707727
2.706116
2.707727
2.706116
2.706921
2.706116
2.706921
2.704504
2.706921
2.704504
2.707727
2.703699
2.709338
2.703699
2.710144
2.702893
2.706921
2.706921
2.704504
2.707727
2.703699
2.711756
2.702893
2.708533
2.70531
2.706921
2.706116
2.706116
2.70531
2.706921
2.70531
2.70531
2.706116
2.707727
2.70531
2.708533
2.704504
2.71095
2.703699
2.708533
2.706116
2.704504
2.708533
2.701282
2.710144
2.703699
2.708533
2.704504
2.706116
2.706116
2.706116
2.70531
2.706116
2.706921
2.706921
2.70531
2.706116
2.70531
2.707727
2.702893
2.708533
2.703699
2.709338
2.70531
2.704504
2.706921
2.703699
2.710144
2.701282
2.710144
2.703699
2.708533
2.704504
2.706116
2.70531
2.706921
2.706116
2.706116
2.70531
2.70531
2.706116
2.706116
2.703699
2.707727
2.704504
2.709338
2.702893
2.709338
2.702893
2.707727
2.70531
2.70531
2.707727
2.702893
2.709338
2.702087
2.708533
2.704504
2.706921
2.704504
2.706921
2.70531
2.706921
2.706116
2.70531
2.70531
2.70531
2.706116
2.706921
2.704504
2.708533
2.702893
2.709338
2.702087
2.710144
2.703699
2.70531
2.708533
2.702893
2.710144
2.702893
2.710144
2.703699
2.707727
2.70531
2.706116
2.706116
2.706921
2.70531
2.706116
2.70531
2.706116
2.70531
2.706921
2.70531
2.708533
2.702893
2.709338
2.702087
2.706921
2.707727
2.704504
2.709338
2.702087
2.710144
2.702893
2.708533
2.704504
2.706116
2.70531
2.70531
2.70531
2.703699
2.70531
2.707727
2.70531
2.706921
2.704504
2.706921
2.702087
2.709338
2.702087
2.707727
2.70531
2.702893
2.708533
2.702087
2.708533
2.702893
2.707727
2.704504
2.706116
2.704504
2.70531
2.706116
2.70531
2.704504
2.706116
2.704504
2.706921
2.702893
2.708533
2.700476
2.708533
2.703699
2.70531
2.706921
2.702087
2.710144
2.702087
2.707727
2.702893
2.706116
2.70531
2.704504
2.706116
2.704504
2.70531
2.703699
2.703699
2.706116
2.704504
2.707727
2.702893
2.708533
2.701282
2.707727
2.704504
2.70531
2.708533
2.702893
2.710144
2.702087
2.707727
2.702087
2.706921
2.703699
2.70531
2.70531
2.70531
2.706116
2.704504
2.70531
2.70531
2.70531
2.706116
2.704504
2.706116
2.702087
2.707727
2.702087
2.708533
2.702087
2.708533
2.702893
2.706921
2.706116
2.703699
2.708533
2.702893
2.708533
2.702087
2.709338
2.702893
2.706921
2.703699
2.706116
2.702087
2.706116
2.704504
2.70531
2.70531
2.708533
2.70531
2.70531
2.70531
2.706116
2.70531
2.70531
2.704504
2.708533
2.703699
2.706116
2.703699
2.708533
2.703699
2.708533
2.702893
2.708533
2.702087
2.70531
2.706116
2.703699
2.707727
2.702893
2.708533
2.702893
2.708533
2.703699
2.707727
2.703699
2.70531
2.70531
2.706116
2.702893
2.704504
2.706116
2.70531
2.70531
2.704504
2.70531
2.704504
2.704504
2.706116
2.702893
2.706921
2.701282
2.707727
2.702893
2.708533
2.700476
2.706921
2.70531
2.704504
2.706116
2.702893
2.70531
2.69967
2.707727
2.702087
2.706921
2.702893
2.706116
2.704504
2.70531
2.70531
2.704504
2.704504
2.703699
2.704504
2.70531
2.704504
2.703699
2.70531
2.70531
2.704504
2.704504
2.704504
2.706921
2.702087
2.707727
2.701282
2.707727
2.701282
2.707727
2.702893
2.706116
2.704504
2.704504
2.706116
2.702087
2.707727
2.701282
2.707727
2.69967
2.707727
2.702087
2.706921
2.701282
2.706116
2.703699
2.704504
2.702893
2.704504
2.70531
2.70531
2.704504
2.704504
2.704504
2.704504
2.703699
2.704504
2.704504
2.704504
2.702893
2.706116
2.702087
2.706921
2.701282
2.708533
2.701282
2.706116
2.700476
2.706116
2.702893
2.702893
2.706116
2.702893
2.706921
2.701282
2.706921
2.702087
2.706116
2.702087
2.706116
2.702087
2.703699
2.702893
2.704504
2.703699
2.704504
2.704504
2.704504
2.704504
2.704504
2.702087
2.702893
2.702893
2.70531
2.702087
2.706921
2.702087
2.706116
2.701282
2.706921
2.700476
2.707727
2.702893
2.70531
2.703699
2.702087
2.706116
2.69967
2.707727
2.69967
2.706116
2.702893
2.706921
2.702893
2.70531
2.702893
2.70531
2.702893
2.704504
2.704504
2.704504
2.703699
2.704504
2.704504
2.704504
2.702893
2.70531
2.702087
2.706921
2.700476
2.707727
2.701282
2.706116
2.702087
2.703699
2.70531
2.702087
2.706921
2.700476
2.708533
2.701282
2.704504
2.702087
2.70531
2.702087
2.704504
2.703699
2.703699
2.704504
2.703699
2.70531
2.704504
2.703699
2.702893
2.704504
2.703699
2.702893
2.704504
2.702087
2.70531
2.700476
2.706116
2.698865
2.709338
2.701282
2.706921
2.701282
2.70531
2.702893
2.702893
2.706116
2.701282
2.707727
2.700476
2.707727
2.69967
2.706116
2.701282
2.707727
2.702087
2.704504
2.703699
2.704504
2.703699
2.703699
2.704504
2.703699
2.702893
2.703699
2.704504
2.703699
2.703699
2.704504
2.703699
2.706116
2.702087
2.70531
2.701282
2.706921
2.701282
2.706921
2.700476
2.706116
2.69967
2.707727
2.701282
2.702893
2.702893
2.701282
2.706116
2.69967
2.706921
2.697253
2.706921
2.700476
2.706116
2.701282
2.706116
2.702087
2.70531
2.703699
2.702893
2.702893
2.703699
2.703699
2.704504
2.702893
2.703699
2.703699
2.704504
2.702893
2.702893
2.703699
2.704504
2.702087
2.70531
2.701282
2.70531
2.69967
2.707727
2.698865
2.706921
2.69967
2.706116
2.704504
2.703699
2.703699
2.702087
2.706116
2.69967
2.706921
2.700476
2.706116
2.701282
2.706116
2.701282
2.70531
2.702893
2.70531
2.703699
2.704504
2.702893
2.702087
2.704504
2.704504
2.703699
2.704504
2.701282
2.703699
2.702893
2.70531
2.702087
2.706921
2.700476
2.706116
2.701282
2.706921
2.698865
2.706116
2.701282
2.704504
2.702893
2.702893
2.704504
2.69967
2.707727
2.69967
2.706921
2.69967
2.706921
2.69967
2.704504
2.702087
2.702893
2.702893
2.701282
2.703699
2.702893
2.702087
2.702087
2.702893
2.702893
2.702893
2.703699
2.703699
2.703699
2.702087
2.704504
2.700476
2.704504
2.700476
2.70531
2.700476
2.706116
2.69967
2.70531
2.69967
2.70531
2.69967
2.703699
2.702893
2.702087
2.703699
2.700476
2.706921
2.698059
2.708533
2.701282
2.706921
2.701282
2.706116
2.700476
2.704504
2.702087
2.704504
2.703699
2.703699
2.703699
2.703699
2.702087
2.702893
2.702893
2.702893
2.703699
2.702893
2.702087
2.704504
2.700476
2.703699
2.701282
2.703699
2.701282
2.70531
2.69967
2.70531
2.69967
2.706921
2.698059
2.706921
2.69967
2.70531
2.69967
2.703699
2.702087
2.702087
2.704504
2.700476
2.706116
2.698865
2.706921
2.698865
2.707727
2.698059
2.704504
2.69967
2.70531
2.69967
2.70531
2.701282
2.704504
2.701282
2.702893
2.702087
2.703699
2.702893
2.702893
2.702893
2.702087
2.702893
2.702893
2.702893
2.703699
2.702087
2.703699
2.701282
2.703699
2.702087
2.702893
2.700476
2.702893
2.700476
2.702893
2.702087
2.704504
2.700476
2.704504
2.698865
2.707727
2.698059
2.704504
2.700476
2.702893
2.701282
2.702087
2.701282
2.700476
2.704504
2.698059
2.706116
2.700476
2.706116
2.69967
2.70531
2.700476
2.702893
2.69967
2.704504
2.69967
2.702893
2.701282
2.703699
2.702087
2.703699
2.701282
2.702087
2.702893
2.701282
2.702893
2.704504
2.702893
2.702087
2.702087
2.702893
2.701282
2.702893
2.701282
2.702893
2.701282
2.704504
2.69967
2.70531
2.69967
2.704504
2.698865
2.70531
2.697253
2.704504
2.700476
2.704504
2.701282
2.703699
2.702893
2.701282
2.706116
2.698059
2.70531
2.698865
2.706116
2.698865
2.706116
2.700476
2.704504
2.700476
2.704504
2.700476
2.703699
2.69967
2.704504
2.701282
2.702087
2.701282
2.702087
2.702893
2.702087
2.702893
2.702893
2.702087
2.702087
2.702893
2.701282
2.701282
2.702087
2.702087
2.702893
2.702893
2.702893
2.702087
2.702893
2.701282
2.703699
2.701282
2.702893
2.69967
2.704504
2.69967
2.703699
2.698865
2.706116
2.698059
2.70531
2.698865
2.70531
2.698865
2.704504
2.69967
2.701282
2.701282
2.701282
2.703699
2.698865
2.704504
2.698865
2.704504
2.696448
2.70531
2.697253
2.704504
2.69967
2.704504
2.69967
2.70531
2.698865
2.703699
2.69967
2.703699
2.702087
2.704504
2.701282
2.701282
2.701282
2.702893
2.702087
2.702087
2.701282
2.702087
2.701282
2.702087
2.702087
2.701282
2.701282
2.701282
2.702087
2.702087
2.702087
2.703699
2.69967
2.703699
2.69967
2.70531
2.698865
2.704504
2.698059
2.704504
2.69967
2.70531
2.698059
2.704504
2.698059
2.70531
2.698865
2.70531
2.701282
2.702087
2.701282
2.69967
2.704504
2.701282
2.70531
2.698059
2.70531
2.69967
2.704504
2.696448
2.704504
2.698865
2.70531
2.69967
2.704504
2.698865
2.703699
2.697253
2.703699
2.69967
2.703699
2.701282
2.702893
2.700476
2.701282
2.69967
2.702087
2.701282
2.700476
2.701282
2.702087
2.700476
2.701282
2.702087
2.706116
2.701282
2.701282
2.701282
2.702087
2.701282
2.701282
2.701282
2.702087
2.701282
2.702087
2.69967
2.702893
2.698865
2.703699
2.700476
2.702893
2.698059
2.702893
2.698059
2.704504
2.698059
2.704504
2.697253
2.704504
2.698059
2.702893
2.698865
2.703699
2.700476
2.702087
2.700476
2.698865
2.702893
2.69967
2.704504
2.69967
2.702893
2.697253
2.70531
2.698865
2.704504
2.698059
2.704504
2.698059
2.702893
2.698059
2.703699
2.697253
2.702087
2.700476
2.701282
2.700476
2.701282
2.698865
2.702087
2.701282
2.703699
2.701282
2.701282
2.701282
2.702087
2.701282
2.702087
2.700476
2.700476
2.701282
2.69967
2.701282
2.700476
2.702087
2.702087
2.69967
2.698865
2.701282
2.69967
2.702087
2.69967
2.701282
2.701282
2.700476
2.701282
2.69967
2.700476
2.701282
2.702087
2.700476
2.701282
2.701282
2.704504
2.69967
2.701282
2.69967
2.701282
2.702087
2.701282
2.701282
2.701282
2.700476
2.702087
2.69967
2.701282
2.698865
2.702087
2.701282
2.700476
2.700476
2.702893
2.69967
2.701282
2.69967
2.702087
2.698865
2.702893
2.698059
2.702087
2.69967
2.702087
2.698059
2.702893
2.698059
2.702893
2.697253
2.701282
2.698059
2.703699
2.698865
2.702893
2.698059
2.701282
2.697253
2.703699
2.698059
2.703699
2.697253
2.703699
2.697253
2.702893
2.698059
2.703699
2.697253
2.704504
2.697253
2.704504
2.697253
2.702893
2.697253
2.703699
2.696448
2.704504
2.697253
2.702893
2.697253
2.702087
2.698865
2.702087
2.698865
2.702087
2.700476
2.69967
2.69967
2.698865
2.701282
2.693225
2.702087
2.697253
2.702087
2.697253
2.703699
2.698059
2.703699
2.696448
2.704504
2.698059
2.703699
2.696448
2.704504
2.696448
2.703699
2.698059
2.704504
2.697253
2.702893
2.697253
2.702893
2.697253
2.704504
2.698059
2.702893
2.698059
2.702893
2.698059
2.702893
2.698059
2.702087
2.698059
2.703699
2.697253
2.702893
2.698059
2.702893
2.697253
2.702893
2.700476
2.702893
2.696448
2.703699
2.698059
2.701282
2.698865
2.701282
2.698865
2.700476
2.698059
2.701282
2.698865
2.700476
2.698059
2.701282
2.698059
2.700476
2.698865
2.701282
2.698059
2.69967
2.69967
2.700476
2.69967
2.702087
2.700476
2.69967
2.698865
2.701282
2.698059
2.702087
2.698865
2.700476
2.69967
2.701282
2.698865
2.69967
2.700476
2.69967
2.700476
2.700476
2.69967
2.701282
2.69967
2.702087
2.698865
2.700476
2.698059
2.700476
2.700476
2.701282
2.69967
2.700476
2.698865
2.701282
2.698059
2.700476
2.698865
2.700476
2.698865
2.69967
2.701282
2.69967
2.698059
2.700476
2.69967
2.700476
2.698865
2.700476
2.698059
2.700476
2.698865
2.701282
2.698865
2.701282
2.698865
2.700476
2.698059
2.700476
2.700476
2.700476
2.698865
2.69967
2.700476
2.69967
2.698865
2.700476
2.701282
2.69967
2.698865
2.698865
2.698865
2.700476
2.698865
2.69967
2.698865
2.69967
2.698865
2.69967
2.698865
2.69967
2.698059
2.69967
2.698865
2.69967
2.698059
2.69967
2.698059
2.700476
2.698865
2.700476
2.698865
2.700476
2.696448
2.704504
2.696448
2.702893
2.696448
2.702087
2.696448
2.702087
2.696448
2.703699
2.697253
2.700476
2.697253
2.698059
2.69967
2.698059
2.702893
2.696448
2.702893
2.694836
2.702087
2.696448
2.701282
2.697253
2.702087
2.697253
2.701282
2.697253
2.700476
2.698059
2.700476
2.69967
2.702087
2.698865
2.69967
2.698059
2.69967
2.698865
2.69967
2.69967
2.698865
2.69967
2.69967
2.698865
2.701282
2.698865
2.698865
2.698059
2.701282
2.696448
2.701282
2.696448
2.701282
2.695642
2.702087
2.695642
2.702893
2.695642
2.702893
2.695642
2.702893
2.696448
2.701282
2.698059
2.698865
2.700476
2.698059
2.701282
2.696448
2.701282
2.696448
2.702893
2.694836
2.702087
2.694836
2.700476
2.694836
2.702087
2.695642
2.701282
2.696448
2.701282
2.696448
2.701282
2.697253
2.69967
2.696448
2.701282
2.697253
2.701282
2.697253
2.698865
2.698059
2.69967
2.698059
2.69967
2.697253
2.700476
2.69967
2.701282
2.698059
2.698865
2.698059
2.69967
2.698865
2.698865
2.698865
2.698865
2.698865
2.698059
2.698059
2.69967
2.700476
2.69967
2.698059
2.698059
2.698059
2.700476
2.698865
2.698059
2.69967
2.69967
2.698059
2.698059
2.698059
2.69967
2.698865
2.69967
2.698059
2.69967
2.698059
2.698059
2.698865
2.700476
2.697253
2.69967
2.697253
2.69967
2.698059
2.700476
2.697253
2.700476
2.695642
2.700476
2.696448
2.701282
2.695642
2.701282
2.695642
2.701282
2.696448
2.702087
2.694836
2.701282
2.697253
2.701282
2.698059
2.702087
2.695642
2.702087
2.695642
2.701282
2.695642
2.702893
2.694836
2.702087
2.695642
2.702893
2.694836
2.701282
2.694031
2.702087
2.693225
2.701282
2.694836
2.702893
2.694031
2.702893
2.694836
2.702087
2.694836
2.702893
2.694836
2.701282
2.695642
2.701282
2.695642
2.702893
2.695642
2.701282
2.696448
2.69967
2.695642
2.69967
2.694836
2.701282
2.695642
2.700476
2.697253
2.698059
2.697253
2.698865
2.698059
2.698059
2.698865
2.696448
2.698865
2.697253
2.698059
2.697253
2.698865
2.694836
2.69967
2.695642
2.700476
2.694836
2.700476
2.694836
2.701282
2.695642
2.701282
2.694836
2.701282
2.694836
2.702087
2.694836
2.702087
2.694031
2.702893
2.693225
2.701282
2.694836
2.702087
2.694836
2.701282
2.695642
2.69967
2.695642
2.700476
2.695642
2.701282
2.695642
2.69967
2.695642
2.702087
2.696448
2.698865
2.694836
2.69967
2.695642
2.698865
2.695642
2.701282
2.697253
2.698865
2.697253
2.696448
2.694836
2.69967
2.696448
2.698865
2.697253
2.698865
2.697253
2.698059
2.696448
2.698059
2.698059
2.698865
2.697253
2.697253
2.698865
2.697253
2.697253
2.698059
2.697253
2.697253
2.698059
2.698059
2.697253
2.697253
2.698059
2.698059
2.698059
2.697253
2.696448
2.698059
2.697253
2.697253
2.69967
2.698059
2.696448
2.698059
2.697253
2.697253
2.698059
2.698059
2.697253
2.698059
2.698865
2.697253
2.697253
2.697253
2.698865
2.698059
2.696448
2.698059
2.697253
2.69967
2.696448
2.698865
2.695642
2.698059
2.695642
2.698865
2.695642
2.69967
2.694836
2.698059
2.694836
2.69967
2.694836
2.698865
2.695642
2.698865
2.694836
2.700476
2.693225
2.698059
2.693225
2.69967
2.694031
2.701282
2.694836
2.69967
2.694031
2.701282
2.694836
2.69967
2.695642
2.698865
2.696448
2.698059
2.696448
2.698059
2.697253
2.698059
2.696448
2.695642
2.697253
2.698059
2.698059
2.696448
2.698865
2.695642
2.698865
2.696448
2.698059
2.696448
2.698865
2.696448
2.698865
2.695642
2.69967
2.696448
2.69967
2.694836
2.698865
2.695642
2.69967
2.694836
2.69967
2.695642
2.698059
2.695642
2.698865
2.694836
2.698865
2.696448
2.698865
2.695642
2.69967
2.695642
2.696448
2.696448
2.698059
2.697253
2.698059
2.697253
2.698059
2.697253
2.696448
2.697253
2.694836
2.698865
2.695642
2.698059
2.694836
2.697253
2.695642
2.698059
2.694836
2.698865
2.694836
2.69967
2.694031
2.69967
2.694836
2.69967
2.693225
2.69967
2.694031
2.69967
2.692419
2.69967
2.694031
2.701282
2.692419
2.701282
2.693225
2.700476
2.693225
2.69967
2.693225
2.701282
2.694031
2.700476
2.694836
2.69967
2.692419
2.69967
2.694836
2.69967
2.695642
2.69967
2.694031
2.69967
2.694031
2.69967
2.694031
2.69967
2.694031
2.698865
2.693225
2.69967
2.693225
2.69967
2.694836
2.69967
2.694836
2.698865
2.695642
2.700476
2.694836
2.69967
2.694031
2.69967
2.694031
2.69967
2.695642
2.698865
2.694836
2.69967
2.694031
2.69967
2.694836
2.698059
2.695642
2.698865
2.694836
2.698059
2.694836
2.698059
2.695642
2.696448
2.694836
2.697253
2.696448
2.698059
2.696448
2.697253
2.695642
2.697253
2.695642
2.698059
2.695642
2.696448
2.695642
2.696448
2.695642
2.696448
2.696448
2.696448
2.697253
2.696448
2.697253
2.697253
2.698059
2.696448
2.697253
2.696448
2.696448
2.697253
2.697253
2.697253
2.695642
2.696448
2.696448
2.695642
2.696448
2.696448
2.698059
2.695642
2.696448
2.695642
2.695642
2.696448
2.694836
2.697253
2.698059
2.697253
2.696448
2.696448
2.696448
2.697253
2.694031
2.698059
2.694836
2.696448
2.694031
2.697253
2.694836
2.698059
2.693225
2.698865
2.694031
2.697253
2.695642
2.698059
2.693225
2.698059
2.693225
2.698059
2.694031
2.69967
2.693225
2.698865
2.692419
2.69967
2.692419
2.698865
2.691614
2.700476
2.693225
2.697253
2.692419
2.698865
2.694031
2.698059
2.694031
2.698059
2.694836
2.698059
2.694836
2.697253
2.695642
2.695642
2.696448
2.695642
2.695642
2.695642
2.695642
2.695642
2.697253
2.695642
2.695642
2.696448
2.698059
2.694836
2.698059
2.693225
2.698865
2.694836
2.698059
2.694031
2.697253
2.695642
2.697253
2.693225
2.697253
2.695642
2.696448
2.693225
2.697253
2.695642
2.695642
2.694836
2.697253
2.695642
2.697253
2.697253
2.695642
2.696448
2.695642
2.695642
2.695642
2.695642
2.694836
2.697253
2.694836
2.696448
2.692419
2.698059
2.692419
2.698059
2.694031
2.698865
2.690808
2.698059
2.692419
2.698059
2.692419
2.698865
2.692419
2.69967
2.692419
2.698865
2.693225
2.697253
2.692419
2.698059
2.694031
2.698059
2.693225
2.698059
2.694031
2.697253
2.692419
2.697253
2.694031
2.696448
2.694836
2.696448
2.694836
2.697253
2.694836
2.696448
2.694836
2.695642
2.696448
2.696448
2.694836
2.697253
2.695642
2.695642
2.694836
2.695642
2.696448
2.693225
2.696448
2.695642
2.697253
2.695642
2.696448
2.695642
2.696448
2.695642
2.696448
2.696448
2.694031
2.696448
2.695642
2.695642
2.694031
2.695642
2.694031
2.696448
2.694836
2.697253
2.694836
2.697253
2.693225
2.698059
2.693225
2.698059
2.693225
2.698059
2.693225
2.698865
2.694031
2.697253
2.694031
2.698059
2.694031
2.698059
2.693225
2.698865
2.693225
2.697253
2.693225
2.697253
2.693225
2.698059
2.693225
2.698059
2.693225
2.698865
2.692419
2.697253
2.690808
2.698059
2.692419
2.697253
2.693225
2.697253
2.692419
2.698865
2.692419
2.698059
2.693225
2.697253
2.692419
2.697253
2.692419
2.697253
2.692419
2.694836
2.691614
2.697253
2.693225
2.697253
2.693225
2.697253
2.694836
2.696448
2.693225
2.696448
2.693225
2.696448
2.694031
2.697253
2.694836
2.695642
2.694031
2.695642
2.694836
2.696448
2.694836
2.696448
2.695642
2.695642
2.694836
2.694836
2.694836
2.694836
2.694836
2.695642
2.694836
2.695642
2.695642
2.694836
2.694031
2.694836
2.695642
2.696448
2.694031
2.695642
2.694836
2.696448
2.694836
2.696448
2.694836
2.694836
2.694836
2.696448
2.694031
2.696448
2.693225
2.696448
2.692419
2.698059
2.693225
2.696448
2.693225
2.698865
2.691614
2.698865
2.690002
2.698059
2.690808
2.698059
2.691614
2.697253
2.691614
2.696448
2.691614
2.694836
2.694836
2.695642
2.694836
2.693225
2.695642
2.692419
2.696448
2.690808
2.697253
2.692419
2.697253
2.691614
2.697253
2.691614
2.697253
2.691614
2.698059
2.692419
2.697253
2.691614
2.697253
2.692419
2.696448
2.691614
2.696448
2.693225
2.695642
2.692419
2.697253
2.691614
2.695642
2.694031
2.695642
2.693225
2.695642
2.694836
2.695642
2.694836
2.694836
2.694031
2.695642
2.695642
2.694836
2.694836
2.694031
2.692419
2.694031
2.694031
2.694836
2.694836
2.694836
2.694031
2.694031
2.694031
2.694836
2.694031
2.694836
2.693225
2.695642
2.692419
2.695642
2.692419
2.695642
2.692419
2.696448
2.691614
2.697253
2.691614
2.697253
2.690808
2.698059
2.690808
2.697253
2.690808
2.695642
2.692419
2.696448
2.694031
2.694031
2.694836
2.693225
2.696448
2.690808
2.697253
2.690808
2.698059
2.690002
2.698059
2.690808
2.696448
2.691614
2.695642
2.692419
2.695642
2.693225
2.693225
2.694836
2.694836
2.694031
2.694836
2.693225
2.693225
2.694031
2.694836
2.693225
2.694836
2.694031
2.694031
2.694031
2.694836
2.694836
2.695642
2.693225
2.693225
2.693225
2.695642
2.694031
2.694836
2.691614
2.695642
2.691614
2.696448
2.691614
2.694836
2.692419
2.696448
2.690808
2.698059
2.690002
2.698865
2.690002
2.697253
2.690808
2.696448
2.691614
2.697253
2.690808
2.693225
2.694836
2.692419
2.695642
2.690002
2.696448
2.690808
2.698059
2.691614
2.696448
2.690002
2.696448
2.690808
2.697253
2.690808
2.694836
2.691614
2.694836
2.693225
2.695642
2.693225
2.693225
2.692419
2.694031
2.694031
2.694031
2.694031
2.694031
2.694031
2.694031
2.694031
2.694031
2.693225
2.692419
2.694031
2.694031
2.695642
2.694836
2.693225
2.694836
2.691614
2.694031
2.693225
2.696448
2.690808
2.696448
2.690808
2.695642
2.690808
2.698059
2.690002
2.698059
2.690002
2.696448
2.690002
2.695642
2.690808
2.695642
2.691614
2.694836
2.694031
2.693225
2.694836
2.691614
2.695642
2.691614
2.696448
2.690002
2.697253
2.690002
2.696448
2.690002
2.696448
2.690808
2.696448
2.690002
2.695642
2.690808
2.697253
2.691614
2.694836
2.692419
2.696448
2.691614
2.694031
2.692419
2.694031
2.691614
2.693225
2.693225
2.694836
2.693225
2.692419
2.693225
2.693225
2.694836
2.692419
2.693225
2.694031
2.692419
2.694031
2.693225
2.694031
2.694031
2.693225
2.694031
2.693225
2.692419
2.693225
2.694031
2.693225
2.693225
2.693225
2.692419
2.691614
2.693225
2.693225
2.694031
2.693225
2.692419
2.694031
2.692419
2.694031
2.691614
2.694836
2.693225
2.694031
2.690808
2.694836
2.691614
2.694836
2.691614
2.696448
2.690808
2.695642
2.690002
2.696448
2.690808
2.698059
2.689197
2.696448
2.690002
2.696448
2.690808
2.694836
2.691614
2.693225
2.693225
2.691614
2.694836
2.690002
2.697253
2.690002
2.696448
2.690002
2.695642
2.689197
2.696448
2.690002
2.696448
2.689197
2.694031
2.690808
2.694836
2.691614
2.694031
2.691614
2.693225
2.692419
2.693225
2.694031
2.693225
2.693225
2.692419
2.692419
2.692419
2.693225
2.692419
2.692419
2.691614
2.691614
2.691614
2.692419
2.693225
2.691614
2.693225
2.691614
2.694031
2.691614
2.693225
2.690808
2.694836
2.690808
2.694031
2.690002
2.695642
2.689197
2.694836
2.688391
2.695642
2.688391
2.694836
2.690002
2.694836
2.690002
2.695642
2.692419
2.690808
2.693225
2.689197
2.694836
2.689197
2.695642
2.689197
2.695642
2.690002
2.694031
2.690808
2.694836
2.690002
2.693225
2.690808
2.694031
2.691614
2.694031
2.691614
2.690002
2.693225
2.692419
2.691614
2.693225
2.691614
2.692419
2.691614
2.693225
2.691614
2.692419
2.693225
2.691614
2.693225
2.693225
2.691614
2.691614
2.691614
2.692419
2.693225
2.692419
2.690808
2.693225
2.690002
2.694031
2.690808
2.694031
2.689197
2.693225
2.690002
2.695642
2.689197
2.694031
2.690808
2.695642
2.689197
2.695642
2.688391
2.695642
2.688391
2.694836
2.689197
2.695642
2.689197
2.693225
2.690002
2.693225
2.691614
2.693225
2.693225
2.691614
2.693225
2.689197
2.694031
2.690002
2.694836
2.689197
2.697253
2.688391
2.694836
2.689197
2.694031
2.689197
2.694836
2.689197
2.695642
2.689197
2.695642
2.690808
2.694031
2.689197
2.694031
2.690808
2.692419
2.690002
2.691614
2.692419
2.690808
2.690808
2.691614
2.692419
2.693225
2.691614
2.692419
2.692419
2.691614
2.690002
2.693225
2.690808
2.690808
2.690002
2.693225
2.690808
2.694031
2.690002
2.694031
2.689197
2.694836
2.690002
2.694031
2.690002
2.694836
2.686779
2.694836
2.689197
2.694836
2.688391
2.694031
2.690808
2.692419
2.691614
2.690808
2.694836
2.688391
2.694031
2.687585
2.694836
2.688391
2.694031
2.688391
2.694836
2.689197
2.693225
2.689197
2.693225
2.690002
2.691614
2.690808
2.692419
2.692419
2.690808
2.690808
2.691614
2.691614
2.691614
2.691614
2.691614
2.690002
2.691614
2.691614
2.689197
2.692419
2.693225
2.690808
2.693225
2.690002
2.692419
2.690002
2.694031
2.689197
2.694836
2.688391
2.694031
2.687585
2.695642
2.688391
2.694836
2.686779
2.694031
2.690002
2.692419
2.693225
2.690002
2.694836
2.688391
2.693225
2.686779
2.695642
2.687585
2.694836
2.688391
2.693225
2.689197
2.694031
2.689197
2.693225
2.689197
2.692419
2.690808
2.691614
2.692419
2.691614
2.691614
2.691614
2.690808
2.692419
2.690808
2.690808
2.690808
2.690808
2.691614
2.691614
2.690808
2.690808
2.690808
2.691614
2.691614
2.691614
2.690002
2.693225
2.690002
2.693225
2.690002
2.692419
2.689197
2.693225
2.690002
2.692419
2.688391
2.693225
2.688391
2.694836
2.689197
2.694031
2.685974
2.694836
2.686779
2.694031
2.688391
2.694031
2.689197
2.694836
2.688391
2.691614
2.691614
2.691614
2.690808
2.689197
2.691614
2.689197
2.692419
2.690002
2.693225
2.688391
2.694836
2.687585
2.694836
2.685168
2.694836
2.686779
2.694031
2.686779
2.694836
2.688391
2.694836
2.686779
2.693225
2.687585
2.694836
2.687585
2.693225
2.688391
2.693225
2.688391
2.693225
2.685974
2.694031
2.689197
2.693225
2.688391
2.692419
2.687585
2.692419
2.689197
2.693225
2.690002
2.692419
2.690808
2.691614
2.689197
2.691614
2.691614
2.690808
2.690002
2.691614
2.690808
2.690808
2.691614
2.690808
2.690002
2.689197
2.690002
2.690808
2.690808
2.690002
2.690808
2.690808
2.690808
2.689197
2.690808
2.690808
2.690002
2.691614
2.689197
2.692419
2.690002
2.692419
2.689197
2.692419
2.687585
2.693225
2.688391
2.693225
2.688391
2.693225
2.687585
2.694836
2.686779
2.694836
2.685168
2.693225
2.686779
2.694031
2.688391
2.692419
2.687585
2.690002
2.690002
2.690808
2.690808
2.689197
2.691614
2.690002
2.693225
2.688391
2.693225
2.685974
2.693225
2.687585
2.693225
2.686779
2.692419
2.688391
2.694031
2.686779
2.693225
2.685974
2.692419
2.688391
2.693225
2.688391
2.693225
2.687585
2.692419
2.688391
2.693225
2.689197
2.690808
2.688391
2.690808
2.688391
2.690002
2.689197
2.690808
2.687585
2.690002
2.689197
2.689197
2.690002
2.690808
2.688391
2.690002
2.690808
2.689197
2.689197
2.689197
2.689197
2.689197
2.690002
2.690002
2.690002
2.688391
2.690808
2.690808
2.690002
2.690808
2.690002
2.690002
2.690002
2.690002
2.690002
2.690808
2.690808
2.689197
2.690808
2.690808
2.690808
2.690002
2.690002
2.689197
2.689197
2.689197
2.690002
2.690002
2.690002
2.690808
2.689197
2.690808
2.690808
2.689197
2.690808
2.689197
2.690002
2.690808
2.689197
2.690808
2.690002
2.690808
2.690002
2.691614
2.688391
2.690808
2.688391
2.690002
2.686779
2.695642
2.687585
2.691614
2.685974
2.692419
2.689197
2.691614
2.686779
2.691614
2.686779
2.692419
2.685974
2.693225
2.685974
2.693225
2.686779
2.693225
2.685974
2.691614
2.685974
2.692419
2.685974
2.692419
2.686779
2.691614
2.688391
2.691614
2.689197
2.688391
2.689197
2.690002
2.689197
2.688391
2.690808
2.686779
2.691614
2.686779
2.692419
2.685974
2.692419
2.685974
2.693225
2.685974
2.691614
2.685168
2.693225
2.685168
2.692419
2.686779
2.693225
2.688391
2.691614
2.687585
2.690808
2.686779
2.692419
2.687585
2.691614
2.687585
2.690808
2.690002
2.689197
2.688391
2.689197
2.689197
2.690002
2.689197
2.690808
2.689197
2.691614
2.690808
2.690002
2.689197
2.689197
2.689197
2.689197
2.689197
2.690002
2.690002
2.689197
2.686779
2.689197
2.689197
2.688391
2.685974
2.690002
2.688391
2.690002
2.688391
2.688391
2.688391
2.690002
2.687585
2.689197
2.686779
2.690002
2.686779
2.690002
2.687585
2.690002
2.686779
2.691614
2.685974
2.690808
2.686779
2.690808
2.685168
2.691614
2.686779
2.691614
2.686779
2.691614
2.686779
2.690808
2.685974
2.691614
2.685974
2.691614
2.686779
2.692419
2.685974
2.690808
2.684362
2.693225
2.685974
2.693225
2.685974
2.691614
2.686779
2.692419
2.686779
2.691614
2.684362
2.691614
2.683557
2.691614
2.685168
2.692419
2.685168
2.693225
2.685168
2.691614
2.685974
2.691614
2.685168
2.691614
2.687585
2.691614
2.686779
2.692419
2.685168
2.690808
2.684362
2.691614
2.685974
2.690808
2.685974
2.691614
2.685974
2.691614
2.685974
2.691614
2.685974
2.691614
2.685168
2.692419
2.685974
2.691614
2.685168
2.691614
2.684362
2.691614
2.685168
2.691614
2.685168
2.690808
2.686779
2.692419
2.685974
2.691614
2.686779
2.690808
2.685974
2.692419
2.685974
2.691614
2.685974
2.692419
2.685974
2.690002
2.687585
2.690808
2.686779
2.690002
2.687585
2.690002
2.687585
2.690808
2.687585
2.690002
2.686779
2.690002
2.686779
2.689197
2.686779
2.689197
2.687585
2.689197
2.688391
2.689197
2.686779
2.689197
2.687585
2.689197
2.687585
2.690002
2.687585
2.688391
2.686779
2.689197
2.688391
2.688391
2.687585
2.689197
2.688391
2.689197
2.688391
2.687585
2.686779
2.689197
2.687585
2.688391
2.689197
2.688391
2.688391
2.689197
2.688391
2.686779
2.689197
2.688391
2.688391
2.688391
2.686779
2.687585
2.689197
2.685974
2.687585
2.689197
2.687585
2.689197
2.688391
2.689197
2.686779
2.689197
2.687585
2.689197
2.686779
2.689197
2.687585
2.690808
2.685974
2.689197
2.686779
2.689197
2.685974
2.690808
2.684362
2.690808
2.686779
2.690808
2.685168
2.690808
2.682751
2.690808
2.685168
2.690808
2.685974
2.690002
2.685168
2.690808
2.685974
2.690002
2.684362
2.690808
2.684362
2.691614
2.684362
2.691614
2.683557
2.691614
2.685168
2.690808
2.682751
2.690808
2.684362
2.691614
2.684362
2.690808
2.684362
2.691614
2.685974
2.691614
2.683557
2.690002
2.685168
2.690002
2.685974
2.691614
2.685168
2.690002
2.685974
2.690002
2.685974
2.691614
2.685168
2.690002
2.686779
2.689197
2.685168
2.690002
2.688391
2.685974
2.689197
2.685974
2.690002
2.686779
2.690002
2.685168
2.690808
2.684362
2.691614
2.684362
2.692419
2.683557
2.691614
2.685168
2.690002
2.684362
2.690002
2.685168
2.689197
2.685168
2.690002
2.688391
2.690002
2.685168
2.690002
2.685974
2.686779
2.687585
2.688391
2.685974
2.686779
2.686779
2.688391
2.685974
2.688391
2.686779
2.688391
2.685974
2.687585
2.687585
2.688391
2.686779
2.685974
2.686779
2.686779
2.688391
2.685974
2.686779
2.686779
2.686779
2.686779
2.687585
2.690002
2.685974
2.687585
2.686779
2.686779
2.685974
2.688391
2.686779
2.688391
2.686779
2.690002
2.685974
2.687585
2.685168
2.689197
2.685168
2.688391
2.685168
2.689197
2.684362
2.690002
2.683557
2.690002
2.683557
2.690808
2.683557
2.690002
2.683557
2.688391
2.684362
2.689197
2.685974
2.686779
2.685974
2.685168
2.688391
2.685168
2.689197
2.685168
2.689197
2.682751
2.690808
2.682751
2.690808
2.681946
2.691614
2.684362
2.690808
2.683557
2.690002
2.684362
2.689197
2.684362
2.690002
2.685168
2.689197
2.684362
2.689197
2.684362
2.689197
2.684362
2.690002
2.682751
2.688391
2.685168
2.687585
2.686779
2.688391
2.686779
2.688391
2.685974
2.686779
2.686779
2.687585
2.686779
2.686779
2.685974
2.686779
2.685168
2.686779
2.686779
2.688391
2.685168
2.685974
2.686779
2.686779
2.688391
2.686779
2.685974
2.685974
2.686779
2.685974
2.685168
2.685974
2.686779
2.685168
2.685974
2.686779
2.686779
2.687585
2.686779
2.687585
2.685168
2.688391
2.685974
2.688391
2.685974
2.688391
2.685974
2.688391
2.684362
2.687585
2.685974
2.690808
2.684362
2.690002
2.684362
2.689197
2.683557
2.688391
2.684362
2.690002
2.684362
2.689197
2.683557
2.690002
2.683557
2.689197
2.682751
2.690808
2.682751
2.689197
2.682751
2.689197
2.682751
2.688391
2.685168
2.688391
2.684362
2.687585
2.685168
2.686779
2.685974
2.686779
2.686779
2.684362
2.688391
2.683557
2.688391
2.683557
2.689197
2.682751
2.689197
2.682751
2.690808
2.681946
2.690002
2.681946
2.688391
2.683557
2.689197
2.683557
2.689197
2.682751
2.688391
2.682751
2.689197
2.683557
2.689197
2.683557
2.689197
2.684362
2.688391
2.682751
2.688391
2.684362
2.688391
2.683557
2.688391
2.683557
2.688391
2.682751
2.688391
2.682751
2.686779
2.682751
2.688391
2.683557
2.687585
2.682751
2.689197
2.683557
2.686779
2.684362
2.687585
2.682751
2.689197
2.683557
2.688391
2.684362
2.688391
2.682751
2.688391
2.684362
2.688391
2.683557
2.688391
2.684362
2.687585
2.683557
2.688391
2.682751
2.688391
2.683557
2.688391
2.684362
2.687585
2.683557
2.687585
2.683557
2.689197
2.683557
2.688391
2.681946
2.688391
2.683557
2.689197
2.684362
2.687585
2.682751
2.688391
2.681946
2.689197
2.683557
2.688391
2.681089
2.686779
2.682751
2.687585
2.681946
2.688391
2.681946
2.688391
2.682751
2.689197
2.681946
2.689197
2.681089
2.688391
2.682751
2.689197
2.681946
2.688391
2.681089
2.688391
2.681946
2.689197
2.681946
2.689197
2.682751
2.690002
2.681946
2.689197
2.681946
2.691614
2.683557
2.688391
2.682751
2.688391
2.681946
2.689197
2.682751
2.686779
2.683557
2.689197
2.681946
2.688391
2.681946
2.690002
2.682751
2.687585
2.683557
2.687585
2.682751
2.687585
2.682751
2.688391
2.682751
2.689197
2.682751
2.686779
2.682751
2.688391
2.681946
2.690002
2.682751
2.688391
2.681089
2.688391
2.681089
2.689197
2.681946
2.689197
2.682751
2.689197
2.681946
2.686779
2.681089
2.689197
2.681089
2.690002
2.681089
2.690002
2.681089
2.688391
2.681089
2.689197
2.681089
2.688391
2.681946
2.688391
2.682751
2.688391
2.682751
2.688391
2.683557
2.687585
2.681946
2.686779
2.682751
2.686779
2.681946
2.688391
2.682751
2.685974
2.681946
2.688391
2.681946
2.686779
2.682751
2.686779
2.681946
2.687585
2.681946
2.686779
2.681089
2.685974
2.683557
2.689197
2.682751
2.687585
2.681946
2.686779
2.681946
2.688391
2.681946
2.687585
2.681946
2.686779
2.681946
2.686779
2.682751
2.687585
2.681946
2.688391
2.681946
2.688391
2.681089
2.688391
2.681946
2.685974
2.681089
2.687585
2.682751
2.685974
2.681089
2.688391
2.681089
2.689197
2.681946
2.687585
2.681089
2.689197
2.681946
2.688391
2.681089
2.688391
2.681089
2.690002
2.681946
2.686779
2.681089
2.688391
2.682751
2.685974
2.683557
2.684362
2.683557
2.684362
2.683557
2.684362
2.685974
2.683557
2.685974
2.681946
2.684362
2.681946
2.686779
2.681946
2.687585
2.681946
2.686779
2.682751
2.686779
2.681946
2.687585
2.681946
2.687585
2.682751
2.686779
2.681946
2.686779
2.681946
2.685974
2.681946
2.686779
2.684362
2.686779
2.681946
2.686779
2.682751
2.685974
2.681946
2.685168
2.682751
2.685974
2.683557
2.685974
2.682751
2.685168
2.681946
2.685974
2.683557
2.685974
2.683557
2.685168
2.682751
2.685168
2.683557
2.684362
2.684362
2.684362
2.684362
2.685974
2.683557
2.684362
2.684362
2.683557
2.683557
2.684362
2.683557
2.685168
2.683557
2.683557
2.684362
2.684362
2.683557
2.683557
2.684362
2.683557
2.684362
2.684362
2.684362
2.684362
2.684362
2.684362
2.683557
2.683557
2.684362
2.684362
2.683557
2.682751
2.683557
2.684362
2.685168
2.682751
2.684362
2.684362
2.683557
2.684362
2.685168
2.683557
2.683557
2.684362
2.683557
2.682751
2.684362
2.684362
2.683557
2.683557
2.684362
2.683557
2.684362
2.683557
2.684362
2.684362
2.683557
2.682751
2.684362
2.683557
2.683557
2.683557
2.683557
2.683557
2.684362
2.684362
2.682751
2.684362
2.684362
2.685168
2.684362
2.683557
2.682751
2.685168
2.682751
2.684362
2.683557
2.682751
2.683557
2.682751
2.683557
2.683557
2.682751
2.683557
2.682751
2.683557
2.683557
2.682751
2.683557
2.683557
2.682751
2.683557
2.683557
2.682751
2.682751
2.683557
2.683557
2.681946
2.683557
2.683557
2.683557
2.682751
2.683557
2.683557
2.681946
2.682751
2.682751
2.683557
2.682751
2.682751
2.683557
2.683557
2.681946
2.682751
2.681946
2.682751
2.684362
2.682751
2.681946
2.682751
2.682751
2.683557
2.682751
2.681946
2.681946
2.682751
2.683557
2.681946
2.682751
2.683557
2.682751
2.682751
2.682751
2.684362
2.682751
2.681946
2.682751
2.682751
2.682751
2.683557
2.682751
2.682751
2.681946
2.682751
2.682751
2.683557
2.683557
2.683557
2.682751
2.682751
2.683557
2.683557
2.682751
2.682751
2.682751
2.682751
2.681946
2.681946
2.681946
2.682751
2.681946
2.681946
2.682751
2.682751
2.682751
2.682751
2.683557
2.681946
2.682751
2.681946
2.683557
2.682751
2.681946
2.681946
2.682751
2.681946
2.682751
2.682751
2.681946
2.682751
2.682751
2.682751
2.682751
2.682751
2.681946
2.682751
2.683557
2.682751
2.681089
2.683557
2.682751
2.682751
2.682751
2.682751
2.681946
2.682751
2.682751
2.681946
2.681946
2.683557
2.683557
2.681946
2.682751
2.682751
2.682751
2.682751
2.682751
2.682751
2.682751
2.681946
2.681946
2.682751
2.681089
2.682751
2.681946
2.681946
2.681089
2.681946
2.681946
2.682751
2.682751
2.682751
2.681946
2.681946
2.681946
2.681946
2.681946
2.681946
2.681089
2.682751
2.681946
2.682751
2.681946
2.684362
2.681946
2.681946
2.681946
2.682751
2.681089
2.683557
2.683557
2.683557
2.681089
2.681946
2.681089
2.681946
2.681946
2.684362
2.681946
2.681089
2.682751
2.681946
2.681089
2.681946
2.682751
2.681946
2.682751
2.682751
2.681946
2.681946
2.681089
2.681946
2.681946
2.681946
2.682751
2.682751
2.682751
2.683557
2.681089
2.681946
2.681946
2.681089
2.681089
2.681946
2.681946
2.681089
2.682751
2.681089
2.681089
2.681946
2.681946
2.684362
2.681946
2.682751
2.681946
2.682751
2.681946
2.681946
2.681946
2.681089
2.681089
2.681946
2.681946
2.681946
2.682751
2.681089
2.681089
2.681946
2.681089
2.681946
2.681946
2.682751
2.682751
2.682751
2.681946
2.682751
2.681089
2.683557
2.681946
2.681946
2.681089
2.683557
2.681089
2.683557
2.680284
2.682751
2.681089
2.684362
2.681089
2.683557
2.681089
2.681089
2.680284
2.682751
2.681089
2.682751
2.679478
2.683557
2.680284
2.684362
2.680284
2.685168
2.680284
2.683557
2.680284
2.685168
2.680284
2.683557
2.680284
2.682751
2.679478
2.685168
2.678672
2.685168
2.680284
2.683557
2.681089
2.684362
2.680284
2.685168
2.679478
2.685168
2.678672
2.684362
2.679478
2.684362
2.679478
2.683557
2.678672
2.684362
2.678672
2.684362
2.678672
2.685168
2.678672
2.683557
2.680284
2.683557
2.679478
2.683557
2.677867
2.685168
2.679478
2.685168
2.680284
2.683557
2.680284
2.684362
2.678672
2.684362
2.680284
2.683557
2.679478
2.683557
2.679478
2.683557
2.679478
2.683557
2.680284
2.682751
2.680284
2.684362
2.678672
2.684362
2.679478
2.682751
2.678672
2.682751
2.679478
2.682751
2.678672
2.683557
2.680284
2.682751
2.680284
2.684362
2.678672
2.683557
2.680284
2.684362
2.678672
2.683557
2.678672
2.684362
2.678672
2.685168
2.679478
2.683557
2.678672
2.684362
2.678672
2.685168
2.677867
2.684362
2.678672
2.684362
2.678672
2.686779
2.678672
2.683557
2.679478
2.682751
2.679478
2.683557
2.680284
2.683557
2.679478
2.682751
2.679478
2.681089
2.680284
2.681946
2.679478
2.681089
2.681946
2.681089
2.681946
2.681089
2.681946
2.681089
2.681946
2.680284
2.681946
2.681089
2.681089
2.681089
2.681946
2.680284
2.682751
2.680284
2.682751
2.680284
2.681946
2.679478
2.681946
2.678672
2.683557
2.678672
2.683557
2.679478
2.683557
2.678672
2.684362
2.678672
2.682751
2.677867
2.682751
2.678672
2.684362
2.677867
2.682751
2.676255
2.685168
2.677867
2.683557
2.677061
2.683557
2.677867
2.682751
2.677867
2.684362
2.678672
2.684362
2.677867
2.683557
2.678672
2.682751
2.679478
2.681946
2.678672
2.681946
2.678672
2.682751
2.678672
2.682751
2.679478
2.681946
2.680284
2.681089
2.680284
2.681089
2.680284
2.681089
2.680284
2.681089
2.680284
2.681089
2.681089
2.681089
2.681089
2.681946
2.680284
2.680284
2.680284
2.681089
2.681089
2.681089
2.681089
2.681089
2.681089
2.681089
2.681089
2.678672
2.681089
2.681089
2.680284
2.681089
2.680284
2.681089
2.681089
2.681089
2.680284
2.681089
2.679478
2.681089
2.677867
2.681089
2.677867
2.682751
2.678672
2.682751
2.677061
2.682751
2.677867
2.682751
2.676255
2.683557
2.677867
2.682751
2.677867
2.683557
2.678672
2.681946
2.678672
2.681946
2.680284
2.681089
2.680284
2.681089
2.678672
2.678672
2.681089
2.679478
2.682751
2.677061
2.682751
2.677061
2.681946
2.677061
2.681946
2.677867
2.682751
2.677867
2.682751
2.677061
2.682751
2.677867
2.681946
2.676255
2.681089
2.677061
2.681946
2.678672
2.681946
2.678672
2.681946
2.678672
2.682751
2.678672
2.681946
2.678672
2.681089
2.677867
2.681946
2.679478
2.681089
2.678672
2.681089
2.680284
2.681089
2.678672
2.680284
2.678672
2.681089
2.678672
2.678672
2.680284
2.679478
2.679478
2.680284
2.678672
2.681089
2.680284
2.681089
2.681089
2.680284
2.679478
2.680284
2.681089
2.680284
2.680284
2.680284
2.678672
2.679478
2.680284
2.680284
2.679478
2.680284
2.679478
2.680284
2.679478
2.680284
2.679478
2.680284
2.677867
2.681089
2.679478
2.681089
2.678672
2.681089
2.677867
2.681089
2.677061
2.681089
2.677867
2.681089
2.677061
2.681089
2.677061
2.682751
2.677061
2.682751
2.676255
2.682751
2.676255
2.681089
2.677061
2.681089
2.677061
2.680284
2.677867
2.681089
2.680284
2.679478
2.680284
2.677867
2.681089
2.677061
2.681946
2.677061
2.682751
2.676255
2.681946
2.677061
2.681946
2.678672
2.680284
2.676255
2.681946
2.677061
2.681089
2.676255
2.681089
2.677867
2.681089
2.677867
2.681089
2.679478
2.680284
2.680284
2.679478
2.679478
2.680284
2.679478
2.679478
2.679478
2.680284
2.679478
2.680284
2.679478
2.679478
2.679478
2.678672
2.679478
2.679478
2.678672
2.680284
2.678672
2.679478
2.679478
2.680284
2.679478
2.681089
2.678672
2.679478
2.678672
2.681089
2.677061
2.681089
2.677061
2.681946
2.677061
2.681089
2.677061
2.681946
2.677061
2.681089
2.677061
2.682751
2.674644
2.681946
2.676255
2.681946
2.674644
2.682751
2.67545
2.681089
2.676255
2.681946
2.677061
2.681089
2.677061
2.681089
2.678672
2.679478
2.679478
2.677867
2.680284
2.677867
2.681089
2.677867
2.681089
2.676255
2.682751
2.676255
2.681946
2.67545
2.681089
2.676255
2.681089
2.67545
2.681946
2.676255
2.681089
2.677867
2.681089
2.677061
2.680284
2.677061
2.681089
2.677061
2.680284
2.677867
2.680284
2.678672
2.679478
2.678672
2.679478
2.677867
2.679478
2.678672
2.678672
2.678672
2.678672
2.678672
2.677061
2.679478
2.679478
2.677867
2.678672
2.679478
2.677867
2.678672
2.679478
2.679478
2.679478
2.677867
2.679478
2.677867
2.678672
2.677867
2.680284
2.677867
2.680284
2.67545
2.681089
2.67545
2.680284
2.677061
2.681946
2.67545
2.681946
2.67545
2.681946
2.673838
2.681946
2.67545
2.681946
2.677061
2.681089
2.676255
2.679478
2.677061
2.677867
2.680284
2.677867
2.678672
2.676255
2.680284
2.676255
2.681089
2.674644
2.681089
2.67545
2.681089
2.67545
2.681089
2.676255
2.681089
2.676255
2.680284
2.676255
2.681089
2.676255
2.680284
2.67545
2.680284
2.677061
2.680284
2.677867
2.679478
2.677867
2.679478
2.677867
2.677867
2.678672
2.678672
2.677061
2.679478
2.678672
2.678672
2.678672
2.677867
2.677867
2.678672
2.677867
2.677867
2.677867
2.677867
2.677061
2.678672
2.677867
2.679478
2.676255
2.680284
2.677061
2.679478
2.67545
2.681089
2.676255
2.681089
2.674644
2.681946
2.676255
2.681089
2.673033
2.681089
2.67545
2.680284
2.677061
2.680284
2.677061
2.678672
2.679478
2.676255
2.680284
2.67545
2.681089
2.674644
2.680284
2.67545
2.681089
2.674644
2.680284
2.676255
2.678672
2.676255
2.679478
2.67545
2.679478
2.677061
2.678672
2.677867
2.679478
2.677867
2.678672
2.677061
2.678672
2.677867
2.677867
2.677867
2.677867
2.677867
2.678672
2.677061
2.678672
2.676255
2.677061
2.677867
2.680284
2.677867
2.678672
2.676255
2.679478
2.676255
2.679478
2.67545
2.680284
2.673033
2.680284
2.674644
2.681089
2.673838
2.681946
2.674644
2.681089
2.67545
2.679478
2.67545
2.679478
2.677061
2.678672
2.678672
2.677867
2.679478
2.67545
2.681089
2.673838
2.680284
2.673838
2.681089
2.674644
2.679478
2.67545
2.680284
2.673838
2.679478
2.67545
2.678672
2.67545
2.678672
2.677061
2.679478
2.676255
2.677061
2.676255
2.679478
2.67545
2.677061
2.677061
2.679478
2.677867
2.678672
2.677061
2.677867
2.678672
2.678672
2.67545
2.677061
2.677867
2.677867
2.677061
2.677061
2.677867
2.677867
2.676255
2.67545
2.676255
2.677867
2.677061
2.677867
2.677867
2.679478
2.676255
2.679478
2.676255
2.679478
2.67545
2.680284
2.673838
2.680284
2.67545
2.681089
2.674644
2.681089
2.673838
2.681089
2.673838
2.679478
2.67545
2.679478
2.676255
2.678672
2.678672
2.67545
2.678672
2.67545
2.681089
2.673838
2.680284
2.673033
2.681089
2.67545
2.679478
2.674644
2.680284
2.676255
2.678672
2.673838
2.679478
2.676255
2.677867
2.677061
2.677061
2.677867
2.677061
2.676255
2.677867
2.677061
2.676255
2.677867
2.677867
2.676255
2.677867
2.676255
2.678672
2.677061
2.677061
2.676255
2.677867
2.676255
2.679478
2.676255
2.679478
2.673033
2.680284
2.673838
2.680284
2.673838
2.681089
2.674644
2.677867
2.676255
2.67545
2.679478
2.673838
2.680284
2.673838
2.679478
2.673838
2.679478
2.674644
2.678672
2.674644
2.679478
2.676255
2.677867
2.676255
2.679478
2.677867
2.677061
2.677867
2.677867
2.677061
2.677867
2.676255
2.676255
2.677061
2.677061
2.677867
2.677061
2.676255
2.677867
2.67545
2.678672
2.67545
2.677061
2.673838
2.677061
2.67545
2.679478
2.673838
2.679478
2.673033
2.680284
2.673838
2.679478
2.673838
2.678672
2.674644
2.677867
2.677061
2.67545
2.678672
2.673838
2.680284
2.674644
2.679478
2.673838
2.679478
2.674644
2.678672
2.674644
2.677867
2.676255
2.677061
2.674644
2.677867
2.677867
2.67545
2.676255
2.676255
2.677867
2.677061
2.676255
2.677061
2.67545
2.677061
2.676255
2.677867
2.676255
2.677867
2.67545
2.677867
2.673838
2.678672
2.673838
2.678672
2.674644
2.680284
2.673033
2.679478
2.673033
2.678672
2.67545
2.678672
2.67545
2.67545
2.677061
2.676255
2.678672
2.673033
2.679478
2.673033
2.679478
2.673033
2.678672
2.673838
2.678672
2.67545
2.677867
2.674644
2.676255
2.67545
2.677061
2.677061
2.67545
2.67545
2.676255
2.677867
2.677061
2.676255
2.676255
2.677867
2.677061
2.676255
2.677061
2.676255
2.676255
2.67545
2.677061
2.673838
2.677867
2.673838
2.679478
2.673838
2.678672
2.672227
2.679478
2.673033
2.679478
2.672227
2.679478
2.673033
2.678672
2.674644
2.677867
2.676255
2.67545
2.676255
2.673838
2.678672
2.673838
2.681089
2.673033
2.680284
2.673033
2.677867
2.674644
2.678672
2.67545
2.679478
2.67545
2.677061
2.67545
2.677061
2.67545
2.676255
2.674644
2.67545
2.676255
2.67545
2.67545
2.676255
2.674644
2.676255
2.676255
2.67545
2.674644
2.67545
2.674644
2.676255
2.673838
2.677867
2.674644
2.678672
2.673033
2.679478
2.673033
2.680284
2.672227
2.680284
2.673033
2.677061
2.67545
2.676255
2.67545
2.673838
2.677061
2.673033
2.678672
2.672227
2.679478
2.672227
2.679478
2.673033
2.678672
2.673838
2.677867
2.673033
2.676255
2.674644
2.676255
2.674644
2.67545
2.676255
2.674644
2.676255
2.676255
2.676255
2.67545
2.677061
2.67545
2.674644
2.676255
2.674644
2.677061
2.673838
2.67545
2.673838
2.67545
2.673033
2.676255
2.673033
2.677867
2.673033
2.677061
2.673033
2.678672
2.673033
2.678672
2.671421
2.678672
2.671421
2.678672
2.672227
2.678672
2.673033
2.67545
2.677061
2.673838
2.677867
2.674644
2.677061
2.672227
2.678672
2.673033
2.677061
2.672227
2.678672
2.673033
2.677061
2.673033
2.676255
2.673838
2.67545
2.67545
2.67545
2.674644
2.67545
2.674644
2.67545
2.673838
2.674644
2.674644
2.67545
2.674644
2.67545
2.67545
2.67545
2.672227
2.676255
2.67545
2.677867
2.673033
2.677061
2.671421
2.677867
2.672227
2.678672
2.671421
2.679478
2.673838
2.677061
2.673838
2.673838
2.677867
2.672227
2.678672
2.66981
2.678672
2.673033
2.678672
2.673033
2.677867
2.672227
2.676255
2.673838
2.676255
2.673838
2.676255
2.674644
2.674644
2.673838
2.67545
2.67545
2.674644
2.673838
2.67545
2.673838
2.67545
2.673838
2.676255
2.673838
2.676255
2.673838
2.678672
2.673033
2.677061
2.671421
2.679478
2.671421
2.677867
2.670616
2.67545
2.673838
2.674644
2.67545
2.672227
2.677061
2.672227
2.678672
2.674644
2.677867
2.672227
2.676255
2.672227
2.678672
2.673838
2.676255
2.674644
2.676255
2.672227
2.67545
2.674644
2.67545
2.673033
2.67545
2.674644
2.676255
2.673033
2.67545
2.673838
2.67545
2.673033
2.67545
2.673033
2.67545
2.672227
2.676255
2.672227
2.677061
2.671421
2.678672
2.670616
2.677867
2.672227
2.676255
2.673838
2.673838
2.67545
2.673033
2.677867
2.670616
2.677867
2.670616
2.677867
2.671421
2.676255
2.66981
2.67545
2.673033
2.676255
2.673838
2.67545
2.674644
2.673838
2.673033
2.673838
2.673838
2.673838
2.674644
2.673838
2.673838
2.67545
2.673838
2.673838
2.673033
2.67545
2.673033
2.674644
2.671421
2.67545
2.673033
2.676255
2.671421
2.67545
2.671421
2.677867
2.671421
2.677061
2.671421
2.677061
2.671421
2.676255
2.672227
2.673838
2.674644
2.671421
2.67545
2.671421
2.677867
2.66981
2.677061
2.66981
2.676255
2.671421
2.678672
2.671421
2.676255
2.671421
2.67545
2.671421
2.67545
2.671421
2.676255
2.673033
2.674644
2.674644
2.674644
2.673838
2.673033
2.673033
2.673838
2.673033
2.673838
2.673033
2.673838
2.673033
2.673838
2.674644
2.673838
2.673838
2.673033
2.672227
2.677061
2.674644
2.67545
2.671421
2.676255
2.670616
2.67545
2.671421
2.67545
2.671421
2.67545
2.670616
2.677061
2.669004
2.677061
2.670616
2.676255
2.670616
2.67545
2.674644
2.672227
2.67545
2.672227
2.676255
2.669004
2.677867
2.66981
2.676255
2.670616
2.67545
2.671421
2.67545
2.671421
2.673838
2.671421
2.674644
2.672227
2.672227
2.673838
2.673033
2.673033
2.671421
2.673033
2.672227
2.673838
2.673033
2.671421
2.673033
2.672227
2.673838
2.671421
2.67545
2.671421
2.676255
2.668199
2.677061
2.66981
2.677061
2.670616
2.673838
2.673838
2.672227
2.674644
2.670616
2.67545
2.66981
2.676255
2.669004
2.67545
2.671421
2.67545
2.672227
2.672227
2.672227
2.673033
2.672227
2.673033
2.672227
2.673033
2.672227
2.673033
2.672227
2.672227
2.673033
2.673033
2.673033
2.673033
2.672227
2.673033
2.672227
2.673838
2.670616
2.676255
2.66981
2.676255
2.66981
2.677061
2.66981
2.677061
2.670616
2.676255
2.670616
2.67545
2.671421
2.673033
2.673033
2.66981
2.676255
2.669004
2.677061
2.669004
2.676255
2.66981
2.676255
2.66981
2.67545
2.670616
2.672227
2.672227
2.673033
2.672227
2.673838
2.672227
2.673838
2.672227
2.672227
2.673838
2.673838
2.671421
2.673033
2.673033
2.673838
2.673033
2.672227
2.671421
2.672227
2.672227
2.673033
2.670616
2.673838
2.670616
2.676255
2.66981
2.67545
2.66981
2.676255
2.66981
2.67545
2.66981
2.676255
2.669004
2.67545
2.670616
2.67545
2.671421
2.673033
2.673033
2.670616
2.67545
2.66981
2.676255
2.66981
2.67545
2.66981
2.677061
2.670616
2.67545
2.66981
2.674644
2.671421
2.673838
2.670616
2.673033
2.671421
2.673033
2.672227
2.672227
2.672227
2.672227
2.672227
2.673033
2.672227
2.672227
2.671421
2.672227
2.672227
2.673838
2.672227
2.673033
2.672227
2.673033
2.672227
2.673033
2.670616
2.673838
2.670616
2.67545
2.668199
2.67545
2.669004
2.676255
2.668199
2.674644
2.668199
2.673838
2.66981
2.673033
2.672227
2.670616
2.67545
2.669004
2.676255
2.668199
2.677867
2.668199
2.673033
2.66981
2.674644
2.66981
2.673838
2.66981
2.673838
2.671421
2.673033
2.671421
2.672227
2.671421
2.673838
2.670616
2.672227
2.672227
2.672227
2.671421
2.672227
2.671421
2.672227
2.672227
2.672227
2.670616
2.672227
2.672227
2.673033
2.66981
2.673838
2.668199
2.673838
2.669004
2.673838
2.669004
2.67545
2.667393
2.676255
2.668199
2.67545
2.670616
2.673838
2.670616
2.672227
2.673033
2.671421
2.67545
2.66981
2.674644
2.669004
2.67545
2.669004
2.67545
2.667393
2.67545
2.669004
2.673838
2.66981
2.674644
2.670616
2.674644
2.670616
2.673838
2.670616
2.673033
2.671421
2.673033
2.671421
2.671421
2.672227
2.673033
2.671421
2.672227
2.670616
2.672227
2.673033
2.671421
2.671421
2.670616
2.671421
2.670616
2.671421
2.671421
2.670616
2.672227
2.66981
2.673033
2.66981
2.673033
2.66981
2.673838
2.669004
2.673838
2.669004
2.674644
2.667393
2.67545
2.667393
2.673838
2.668199
2.677061
2.669004
2.673838
2.66981
2.673838
2.671421
2.670616
2.672227
2.669004
2.673838
2.668199
2.673033
2.666587
2.674644
2.667393
2.67545
2.669004
2.673838
2.669004
2.673838
2.66981
2.672227
2.670616
2.672227
2.670616
2.671421
2.671421
2.671421
2.670616
2.670616
2.669004
2.671421
2.670616
2.671421
2.670616
2.66981
2.670616
2.673033
2.66981
2.673033
2.669004
2.673838
2.668199
2.672227
2.666587
2.674644
2.667393
2.673838
2.669004
2.673033
2.671421
2.670616
2.673838
2.668199
2.673838
2.667393
2.673033
2.668199
2.673033
2.669004
2.672227
2.669004
2.673033
2.66981
2.670616
2.670616
2.668199
2.670616
2.670616
2.671421
2.66981
2.670616
2.672227
2.66981
2.672227
2.669004
2.672227
2.668199
2.674644
2.667393
2.674644
2.668199
2.673033
2.66981
2.670616
2.672227
2.669004
2.673838
2.669004
2.67545
2.666587
2.672227
2.669004
2.670616
2.66981
2.671421
2.670616
2.66981
2.670616
2.671421
2.671421
2.672227
2.673838
2.671421
2.66981
2.670616
2.66981
2.671421
2.669004
2.673838
2.668199
2.673033
2.668199
2.673838
2.666587
2.672227
2.669004
2.66981
2.671421
2.668199
2.674644
2.666587
2.673838
2.667393
2.672227
2.668199
2.673033
2.668199
2.672227
2.66981
2.670616
2.670616
2.671421
2.670616
2.672227
2.66981
2.671421
2.670616
2.670616
2.66981
2.671421
2.669004
2.671421
2.669004
2.673033
2.667393
2.673838
2.666587
2.673033
2.667393
2.671421
2.670616
2.670616
2.670616
2.667393
2.674644
2.667393
2.673838
2.666587
2.672227
2.668199
2.671421
2.668199
2.672227
2.66981
2.670616
2.671421
2.671421
2.670616
2.670616
2.671421
2.670616
2.670616
2.670616
2.670616
2.671421
2.669004
2.671421
2.667393
2.672227
2.667393
2.673033
2.669004
2.673033
2.667393
2.672227
2.66981
2.66981
2.673033
2.667393
2.673838
2.667393
2.673033
2.667393
2.672227
2.667393
2.672227
2.66981
2.670616
2.66981
2.669004
2.669004
2.669004
2.66981
2.670616
2.669004
2.671421
2.669004
2.672227
2.667393
2.672227
2.665781
2.674644
2.667393
2.670616
2.671421
2.669004
2.672227
2.667393
2.672227
2.666587
2.671421
2.669004
2.670616
2.669004
2.66981
2.66981
2.669004
2.670616
2.670616
2.66981
2.66981
2.66981
2.66981
2.668199
2.671421
2.665781
2.673838
2.663365
2.672227
2.666587
2.670616
2.66981
2.667393
2.673033
2.666587
2.671421
2.667393
2.672227
2.666587
2.670616
2.669004
2.66981
2.66981
2.669004
2.670616
2.66981
2.669004
2.66981
2.668199
2.670616
2.664976
2.672227
2.666587
2.673033
2.665781
2.672227
2.665781
2.669004
2.670616
2.667393
2.673033
2.666587
2.672227
2.667393
2.672227
2.668199
2.66981
2.66981
2.66981
2.66981
2.668199
2.66981
2.669004
2.66981
2.670616
2.669004
2.671421
2.668199
2.671421
2.665781
2.672227
2.667393
2.672227
2.667393
2.670616
2.670616
2.664976
2.673033
2.66417
2.671421
2.666587
2.672227
2.667393
2.66981
2.668199
2.66981
2.669004
2.66981
2.669004
2.669004
2.668199
2.671421
2.669004
2.670616
2.669004
2.670616
2.666587
2.671421
2.665781
2.672227
2.664976
2.672227
2.666587
2.669004
2.66981
2.666587
2.670616
2.664976
2.671421
2.665781
2.66981
2.665781
2.670616
2.667393
2.669004
2.66981
2.669004
2.66981
2.669004
2.668199
2.668199
2.667393
2.667393
2.668199
2.669004
2.667393
2.670616
2.667393
2.670616
2.665781
2.671421
2.664976
2.672227
2.666587
2.671421
2.667393
2.668199
2.670616
2.666587
2.672227
2.664976
2.671421
2.66417
2.672227
2.665781
2.670616
2.667393
2.66981
2.667393
2.669004
2.669004
2.669004
2.66981
2.668199
2.670616
2.668199
2.669004
2.668199
2.668199
2.668199
2.667393
2.66981
2.668199
2.66981
2.666587
2.671421
2.665781
2.669004
2.665781
2.673033
2.664976
2.673033
2.666587
2.66981
2.667393
2.667393
2.670616
2.665781
2.672227
2.66417
2.670616
2.665781
2.670616
2.666587
2.670616
2.669004
2.669004
2.669004
2.667393
2.667393
2.668199
2.668199
2.668199
2.668199
2.668199
2.668199
2.669004
2.667393
2.669004
2.666587
2.670616
2.66417
2.671421
2.666587
2.671421
2.66417
2.671421
2.66417
2.671421
2.665781
2.669004
2.668199
2.666587
2.670616
2.664976
2.671421
2.665781
2.670616
2.665781
2.670616
2.665781
2.66981
2.665781
2.668199
2.668199
2.667393
2.667393
2.666587
2.668199
2.668199
2.66981
2.666587
2.667393
2.667393
2.668199
2.666587
2.666587
2.667393
2.666587
2.668199
2.667393
2.66981
2.664976
2.66981
2.666587
2.671421
2.663365
2.671421
2.66417
2.671421
2.664976
2.669004
2.668199
2.668199
2.670616
2.666587
2.670616
2.664976
2.671421
2.664976
2.670616
2.666587
2.669004
2.666587
2.668199
2.665781
2.668199
2.668199
2.667393
2.666587
2.668199
2.669004
2.667393
2.668199
2.667393
2.665781
2.668199
2.666587
2.667393
2.667393
2.669004
2.665781
2.66981
2.665781
2.669004
2.66417
2.670616
2.66417
2.673033
2.66417
2.66981
2.666587
2.666587
2.668199
2.665781
2.670616
2.663365
2.670616
2.664976
2.669004
2.66417
2.670616
2.665781
2.66981
2.666587
2.667393
2.666587
2.668199
2.666587
2.668199
2.667393
2.667393
2.669004
2.667393
2.668199
2.667393
2.667393
2.669004
2.666587
2.668199
2.665781
2.670616
2.66417
2.669004
2.66417
2.673838
2.66417
2.671421
2.664976
2.670616
2.665781
2.668199
2.667393
2.667393
2.668199
2.66417
2.670616
2.664976
2.66981
2.66417
2.670616
2.66417
2.669004
2.665781
2.66981
2.667393
2.667393
2.665781
2.667393
2.666587
2.668199
2.667393
2.668199
2.667393
2.667393
2.667393
2.667393
2.666587
2.667393
2.667393
2.669004
2.667393
2.669004
2.66417
2.66981
2.665781
2.66981
2.664976
2.670616
2.662559
2.671421
2.664976
2.669004
2.664976
2.669004
2.668199
2.666587
2.66981
2.663365
2.66981
2.66417
2.66981
2.664976
2.66981
2.664976
2.669004
2.665781
2.668199
2.666587
2.666587
2.666587
2.666587
2.668199
2.665781
2.666587
2.667393
2.668199
2.668199
2.667393
2.668199
2.666587
2.669004
2.664976
2.669004
2.664976
2.66981
2.662559
2.669004
2.664976
2.668199
2.666587
2.664976
2.669004
2.661753
2.670616
2.662559
2.66981
2.66417
2.669004
2.664976
2.667393
2.667393
2.667393
2.666587
2.665781
2.667393
2.666587
2.666587
2.668199
2.664976
2.666587
2.665781
2.668199
2.664976
2.668199
2.664976
2.669004
2.661753
2.671421
2.66417
2.66981
2.663365
2.668199
2.667393
2.66417
2.670616
2.662559
2.66981
2.662559
2.669004
2.662559
2.669004
2.66417
2.669004
2.665781
2.666587
2.666587
2.666587
2.666587
2.666587
2.665781
2.667393
2.665781
2.667393
2.664976
2.666587
2.664976
2.667393
2.664976
2.669004
2.66417
2.66981
2.662559
2.670616
2.662559
2.669004
2.665781
2.667393
2.668199
2.664976
2.66981
2.663365
2.668199
2.66417
2.667393
2.66417
2.668199
2.666587
2.666587
2.664976
2.667393
2.666587
2.664976
2.666587
2.665781
2.666587
2.665781
2.665781
2.666587
2.665781
2.669004
2.66417
2.667393
2.662559
2.669004
2.66417
2.669004
2.663365
2.668199
2.665781
2.665781
2.668199
2.663365
2.669004
2.661753
2.669004
2.663365
2.669004
2.664976
2.667393
2.665781
2.665781
2.666587
2.664976
2.664976
2.666587
2.66417
2.665781
2.666587
2.665781
2.665781
2.665781
2.66417
2.668199
2.663365
2.668199
2.663365
2.667393
2.662559
2.668199
2.663365
2.666587
2.664976
2.664976
2.666587
2.663365
2.668199
2.663365
2.668199
2.662559
2.669004
2.66417
2.668199
2.664976
2.667393
2.666587
2.665781
2.667393
2.664976
2.666587
2.665781
2.664976
2.66417
2.664976
2.666587
2.665781
2.665781
2.663365
2.666587
2.662559
2.669004
2.660948
2.669004
2.660948
2.668199
2.662559
2.666587
2.666587
2.663365
2.669004
2.661753
2.667393
2.662559
2.667393
2.663365
2.667393
2.664976
2.664976
2.664976
2.664976
2.664976
2.66417
2.665781
2.664976
2.664976
2.665781
2.664976
2.666587
2.665781
2.666587
2.664976
2.668199
2.663365
2.668199
2.662559
2.668199
2.662559
2.668199
2.663365
2.664976
2.667393
2.662559
2.667393
2.662559
2.668199
2.663365
2.669004
2.665781
2.664976
2.66417
2.665781
2.66417
2.665781
2.66417
2.665781
2.664976
2.665781
2.665781
2.666587
2.66417
2.669004
2.66417
2.668199
2.661753
2.669004
2.662559
2.667393
2.665781
2.663365
2.668199
2.661753
2.668199
2.662559
2.667393
2.663365
2.665781
2.664976
2.666587
2.664976
2.665781
2.664976
2.66417
2.664976
2.665781
2.664976
2.667393
2.663365
2.668199
2.662559
2.667393
2.661753
2.665781
2.666587
2.660948
2.666587
2.661753
2.667393
2.662559
2.667393
2.665781
2.664976
2.66417
2.664976
2.664976
2.664976
2.664976
2.665781
2.66417
2.666587
2.662559
2.668199
2.660948
2.669004
2.661753
2.666587
2.663365
2.66417
2.667393
2.660948
2.668199
2.660948
2.666587
2.662559
2.664976
2.664976
2.664976
2.664976
2.66417
2.663365
2.66417
2.66417
2.665781
2.66417
2.665781
2.663365
2.666587
2.662559
2.668199
2.660948
2.667393
2.660142
2.665781
2.664976
2.662559
2.667393
2.661753
2.668199
2.663365
2.667393
2.662559
2.66417
2.663365
2.66417
2.66417
2.663365
2.664976
2.665781
2.664976
2.66417
2.66417
2.664976
2.661753
2.666587
2.661753
2.667393
2.660948
2.667393
2.662559
2.66417
2.664976
2.661753
2.667393
2.660142
2.665781
2.663365
2.664976
2.662559
2.665781
2.662559
2.663365
2.66417
2.664976
2.664976
2.664976
2.663365
2.664976
2.66417
2.664976
2.661753
2.666587
2.660948
2.666587
2.661753
2.668199
2.660142
2.667393
2.660948
2.667393
2.662559
2.664976
2.664976
2.662559
2.665781
2.660948
2.667393
2.660142
2.667393
2.661753
2.665781
2.662559
2.664976
2.662559
2.666587
2.663365
2.664976
2.662559
2.664976
2.663365
2.661753
2.66417
2.66417
2.663365
2.664976
2.664976
2.66417
2.663365
2.665781
2.663365
2.663365
2.663365
2.664976
2.663365
2.664976
2.662559
2.665781
2.660948
2.665781
2.659336
2.667393
2.660142
2.668199
2.659336
2.666587
2.660948
2.668199
2.660948
2.666587
2.660948
2.664976
2.66417
2.663365
2.66417
2.660948
2.664976
2.662559
2.665781
2.660142
2.666587
2.660948
2.666587
2.660142
2.667393
2.659336
2.667393
2.660948
2.666587
2.660948
2.666587
2.660142
2.665781
2.660142
2.665781
2.660948
2.665781
2.661753
2.665781
2.662559
2.665781
2.661753
2.664976
2.662559
2.665781
2.660948
2.664976
2.660948
2.665781
2.662559
2.664976
2.662559
2.664976
2.661753
2.664976
2.662559
2.66417
2.660948
2.664976
2.661753
2.66417
2.660948
2.664976
2.662559
2.664976
2.662559
2.665781
2.662559
2.664976
2.661753
2.665781
2.662559
2.66417
2.662559
2.662559
2.662559
2.663365
2.662559
2.663365
2.661753
2.664976
2.662559
2.66417
2.661753
2.663365
2.662559
2.664976
2.662559
2.663365
2.661753
2.663365
2.663365
2.66417
2.660948
2.663365
2.662559
2.664976
2.662559
2.664976
2.661753
2.663365
2.662559
2.66417
2.660142
2.664976
2.662559
2.663365
2.661753
2.66417
2.660142
2.663365
2.661753
2.66417
2.662559
2.665781
2.660948
2.664976
2.662559
2.664976
2.660948
2.66417
2.660948
2.666587
2.660948
2.665781
2.659336
2.66417
2.660142
2.664976
2.660142
2.665781
2.659336
2.666587
2.659336
2.666587
2.659336
2.665781
2.659336
2.664976
2.661753
2.662559
2.662559
2.662559
2.663365
2.660142
2.664976
2.660142
2.665781
2.659336
2.666587
2.659336
2.666587
2.659336
2.666587
2.660142
2.666587
2.660142
2.665781
2.661753
2.663365
2.660142
2.663365
2.661753
2.663365
2.662559
2.662559
2.663365
2.662559
2.66417
2.663365
2.662559
2.662559
2.662559
2.662559
2.661753
2.663365
2.660948
2.662559
2.660948
2.663365
2.659336
2.664976
2.659336
2.665781
2.657725
2.664976
2.659336
2.665781
2.660142
2.664976
2.659336
2.662559
2.663365
2.661753
2.665781
2.660948
2.665781
2.659336
2.665781
2.657725
2.665781
2.659336
2.66417
2.659336
2.66417
2.65853
2.66417
2.660948
2.662559
2.662559
2.662559
2.662559
2.661753
2.663365
2.662559
2.663365
2.661753
2.661753
2.662559
2.661753
2.662559
2.662559
2.662559
2.660948
2.66417
2.660948
2.66417
2.65853
2.665781
2.65853
2.665781
2.659336
2.665781
2.660142
2.663365
2.661753
2.660142
2.66417
2.659336
2.666587
2.657725
2.664976
2.65853
2.663365
2.65853
2.66417
2.659336
2.663365
2.659336
2.662559
2.661753
2.661753
2.660948
2.662559
2.661753
2.662559
2.661753
2.660948
2.660948
2.660142
2.662559
2.661753
2.660948
2.661753
2.660142
2.661753
2.660142
2.661753
2.660948
2.662559
2.660142
2.662559
2.659336
2.66417
2.65853
2.663365
2.657725
2.665781
2.65853
2.663365
2.660142
2.662559
2.662559
2.659336
2.664976
2.659336
2.665781
2.65853
2.664976
2.65853
2.664976
2.65853
2.66417
2.659336
2.66417
2.660142
2.663365
2.660142
2.660948
2.660948
2.661753
2.661753
2.660948
2.660948
2.661753
2.661753
2.660948
2.660142
2.661753
2.660948
2.660142
2.660142
2.660948
2.660142
2.663365
2.659336
2.66417
2.660142
2.664976
2.659336
2.666587
2.657725
2.664976
2.65853
2.66417
2.659336
2.662559
2.659336
2.660142
2.66417
2.65853
2.66417
2.65853
2.664976
2.656113
2.665781
2.65853
2.663365
2.659336
2.663365
2.65853
2.663365
2.660142
2.662559
2.659336
2.662559
2.657725
2.661753
2.660948
2.661753
2.661753
2.661753
2.660948
2.660948
2.660948
2.661753
2.660948
2.659336
2.660948
2.660948
2.660948
2.661753
2.660142
2.660948
2.660142
2.663365
2.657725
2.66417
2.65853
2.66417
2.65853
2.66417
2.657725
2.664976
2.656113
2.66417
2.659336
2.662559
2.659336
2.659336
2.662559
2.657725
2.66417
2.656919
2.66417
2.657725
2.663365
2.656919
2.662559
2.65853
2.66417
2.65853
2.660948
2.659336
2.661753
2.659336
2.660142
2.660948
2.661753
2.660948
2.660948
2.660142
2.660142
2.659336
2.660948
2.659336
2.660142
2.660142
2.662559
2.65853
2.660142
2.657725
2.66417
2.65853
2.66417
2.656919
2.66417
2.655308
2.663365
2.65853
2.661753
2.662559
2.65853
2.664976
2.656919
2.665781
2.659336
2.664976
2.657725
2.663365
2.65853
2.661753
2.659336
2.660142
2.660142
2.660142
2.659336
2.659336
2.660948
2.660142
2.659336
2.660142
2.661753
2.660142
2.660142
2.660948
2.65853
2.662559
2.656113
2.662559
2.657725
2.66417
2.655308
2.664976
2.657725
2.663365
2.659336
2.662559
2.660142
2.657725
2.663365
2.656113
2.662559
2.656919
2.66417
2.656919
2.662559
2.657725
2.663365
2.657725
2.660948
2.65853
2.660948
2.659336
2.65853
2.660142
2.660142
2.660142
2.660142
2.662559
2.660948
2.660142
2.660142
2.660142
2.660142
2.659336
2.661753
2.65853
2.661753
2.659336
2.660948
2.656919
2.662559
2.656919
2.662559
2.656113
2.66417
2.656919
2.662559
2.657725
2.660948
2.660142
2.65853
2.661753
2.657725
2.662559
2.656113
2.661753
2.655308
2.663365
2.656919
2.662559
2.656919
2.661753
2.656113
2.662559
2.656113
2.660948
2.656919
2.660948
2.657725
2.660142
2.65853
2.659336
2.657725
2.660142
2.660142
2.659336
2.659336
2.659336
2.659336
2.659336
2.65853
2.65853
2.659336
2.659336
2.659336
2.659336
2.659336
2.660142
2.657725
2.662559
2.657725
2.660948
2.65853
2.661753
2.656919
2.662559
2.656113
2.661753
2.655308
2.660948
2.656113
2.661753
2.656919
2.660948
2.660142
2.65853
2.660142
2.656919
2.661753
2.655308
2.662559
2.656113
2.663365
2.656113
2.663365
2.656113
2.661753
2.656113
2.662559
2.657725
2.660142
2.65853
2.659336
2.657725
2.65853
2.659336
2.65853
2.659336
2.659336
2.65853
2.659336
2.65853
2.660142
2.65853
2.65853
2.657725
2.659336
2.659336
2.657725
2.65853
2.660142
2.65853
2.659336
2.656113
2.662559
2.656113
2.663365
2.654502
2.661753
2.654502
2.662559
2.653697
2.659336
2.657725
2.659336
2.65853
2.656919
2.661753
2.656113
2.661753
2.655308
2.660948
2.655308
2.662559
2.655308
2.660142
2.655308
2.660948
2.656919
2.660142
2.65853
2.65853
2.65853
2.657725
2.659336
2.657725
2.657725
2.659336
2.657725
2.659336
2.657725
2.659336
2.65853
2.659336
2.65853
2.660142
2.656919
2.661753
2.655308
2.660142
2.656113
2.662559
2.655308
2.662559
2.656113
2.659336
2.65853
2.657725
2.659336
2.655308
2.661753
2.653697
2.660948
2.655308
2.661753
2.656113
2.662559
2.656113
2.660142
2.657725
2.659336
2.655308
2.659336
2.65853
2.660948
2.65853
2.660142
2.660142
2.657725
2.65853
2.65853
2.65853
2.657725
2.659336
2.657725
2.657725
2.659336
2.657725
2.65853
2.656919
2.660142
2.656113
2.659336
2.655308
2.660142
2.655308
2.662559
2.655308
2.660948
2.654502
2.660142
2.655308
2.660142
2.655308
2.65853
2.657725
2.656919
2.65853
2.656113
2.660948
2.656113
2.660948
2.652891
2.661753
2.653697
2.662559
2.654502
2.662559
2.655308
2.660948
2.654502
2.660948
2.653697
2.660948
2.656919
2.659336
2.654502
2.659336
2.655308
2.659336
2.656919
2.659336
2.656113
2.65853
2.656919
2.659336
2.657725
2.657725
2.656113
2.65853
2.65853
2.656919
2.657725
2.65853
2.660142
2.65853
2.656919
2.656919
2.65853
2.656919
2.657725
2.65853
2.65853
2.656919
2.656919
2.656113
2.657725
2.656919
2.657725
2.657725
2.657725
2.656113
2.657725
2.657725
2.656919
2.65853
2.656113
2.657725
2.656919
2.659336
2.655308
2.65853
2.655308
2.660948
2.655308
2.659336
2.653697
2.660948
2.654502
2.660948
2.654502
2.660948
2.653697
2.659336
2.657725
2.656919
2.659336
2.654502
2.660948
2.654502
2.660948
2.653697
2.660142
2.653697
2.660948
2.654502
2.659336
2.655308
2.659336
2.655308
2.65853
2.656919
2.660142
2.656919
2.656919
2.656919
2.657725
2.656113
2.656919
2.656919
2.656919
2.657725
2.657725
2.656919
2.656113
2.657725
2.656113
2.656919
2.656919
2.656113
2.65853
2.656113
2.657725
2.656113
2.657725
2.655308
2.659336
2.655308
2.65853
2.655308
2.659336
2.656113
2.660142
2.654502
2.660142
2.653697
2.660948
2.651279
2.660142
2.653697
2.660142
2.653697
2.659336
2.654502
2.657725
2.656919
2.656919
2.656919
2.656919
2.659336
2.654502
2.657725
2.654502
2.659336
2.653697
2.660142
2.653697
2.660948
2.652891
2.660142
2.652085
2.659336
2.652891
2.660142
2.653697
2.659336
2.652891
2.659336
2.653697
2.660948
2.653697
2.659336
2.655308
2.65853
2.653697
2.65853
2.654502
2.657725
2.655308
2.657725
2.656113
2.656113
2.655308
2.656919
2.654502
2.656919
2.655308
2.656113
2.656919
2.656919
2.656919
2.65853
2.656113
2.657725
2.657725
2.655308
2.656113
2.656113
2.656919
2.656113
2.656113
2.656113
2.655308
2.655308
2.656113
2.656919
2.656919
2.657725
2.656113
2.656919
2.656919
2.655308
2.655308
2.655308
2.655308
2.656919
2.656113
2.656113
2.656113
2.656113
2.656113
2.656919
2.656113
2.656919
2.656113
2.656113
2.655308
2.656113
2.656113
2.655308
2.656113
2.655308
2.654502
2.656113
2.655308
2.656919
2.656113
2.656113
2.655308
2.655308
2.655308
2.656113
2.654502
2.656113
2.657725
2.656113
2.655308
2.656919
2.655308
2.656919
2.655308
2.656919
2.655308
2.656113
2.655308
2.656919
2.655308
2.656113
2.654502
2.656919
2.652891
2.655308
2.652891
2.656919
2.652891
2.656919
2.654502
2.656919
2.652891
2.656113
2.654502
2.656919
2.654502
2.657725
2.653697
2.656113
2.653697
2.656919
2.654502
2.656919
2.654502
2.656919
2.655308
2.656919
2.653697
2.657725
2.654502
2.657725
2.654502
2.656919
2.653697
2.656113
2.654502
2.656113
2.654502
2.656113
2.654502
2.656113
2.652891
2.657725
2.653697
2.656113
2.653697
2.656113
2.656113
2.656113
2.654502
2.657725
2.654502
2.656113
2.653697
2.656919
2.655308
2.656919
2.654502
2.655308
2.654502
2.656113
2.654502
2.656113
2.654502
2.656919
2.654502
2.655308
2.654502
2.656113
2.654502
2.655308
2.654502
2.656113
2.655308
2.655308
2.655308
2.656113
2.655308
2.656113
2.654502
2.65853
2.653697
2.656919
2.656113
2.655308
2.653697
2.655308
2.655308
2.655308
2.653697
2.654502
2.652085
2.653697
2.653697
2.655308
2.655308
2.654502
2.655308
2.654502
2.655308
2.654502
2.654502
2.654502
2.655308
2.656113
2.654502
2.655308
2.653697
2.654502
2.654502
2.654502
2.656919
2.655308
2.655308
2.654502
2.653697
2.655308
2.654502
2.655308
2.654502
2.655308
2.654502
2.655308
2.654502
2.654502
2.655308
2.653697
2.655308
2.654502
2.652891
2.654502
2.653697
2.655308
2.652891
2.654502
2.653697
2.654502
2.653697
2.656113
2.652891
2.656113
2.651279
2.656919
2.652891
2.656113
2.651279
2.656113
2.651279
2.657725
2.651279
2.657725
2.651279
2.657725
2.651279
2.65853
2.650474
2.65853
2.651279
2.657725
2.651279
2.656919
2.652085
2.656113
2.652085
2.655308
2.652891
2.654502
2.655308
2.652891
2.653697
2.652085
2.657725
2.651279
2.65853
2.650474
2.656113
2.651279
2.656113
2.650474
2.656919
2.652085
2.656113
2.652085
2.656113
2.652891
2.656113
2.653697
2.655308
2.653697
2.653697
2.653697
2.655308
2.654502
2.653697
2.654502
2.654502
2.656113
2.654502
2.654502
2.654502
2.654502
2.652891
2.653697
2.654502
2.654502
2.654502
2.654502
2.654502
2.652891
2.654502
2.652891
2.653697
2.652891
2.655308
2.652085
2.654502
2.652891
2.654502
2.652085
2.656113
2.651279
2.656113
2.650474
2.657725
2.650474
2.656113
2.652085
2.656919
2.650474
2.656113
2.650474
2.656113
2.650474
2.657725
2.649668
2.656919
2.650474
2.656919
2.650474
2.656919
2.649668
2.656919
2.652891
2.656113
2.650474
2.654502
2.650474
2.654502
2.652085
2.654502
2.652085
2.654502
2.653697
2.653697
2.653697
2.652891
2.654502
2.652891
2.654502
2.650474
2.654502
2.651279
2.656113
2.650474
2.656919
2.650474
2.65853
2.651279
2.657725
2.648057
2.656113
2.650474
2.655308
2.650474
2.656113
2.650474
2.655308
2.650474
2.654502
2.651279
2.655308
2.650474
2.655308
2.650474
2.653697
2.652891
2.654502
2.652891
2.652891
2.652891
2.652891
2.652891
2.652891
2.652085
2.652085
2.652891
2.653697
2.653697
2.651279
2.653697
2.652891
2.652891
2.652085
2.652891
2.652891
2.652891
2.652891
2.652891
2.654502
2.651279
2.653697
2.652085
2.653697
2.651279
2.655308
2.650474
2.653697
2.650474
2.656919
2.650474
2.653697
2.649668
2.654502
2.650474
2.655308
2.649668
2.655308
2.651279
2.656113
2.649668
2.656113
2.648862
2.656919
2.648862
2.656113
2.648057
2.656919
2.649668
2.656113
2.649668
2.656113
2.650474
2.654502
2.650474
2.653697
2.652891
2.652085
2.652085
2.652085
2.652891
2.650474
2.653697
2.650474
2.654502
2.649668
2.655308
2.649668
2.655308
2.648862
2.656113
2.649668
2.654502
2.648862
2.655308
2.650474
2.653697
2.649668
2.652891
2.649668
2.653697
2.651279
2.656113
2.650474
2.653697
2.650474
2.652891
2.652085
2.653697
2.650474
2.652085
2.652085
2.652891
2.651279
2.652085
2.652891
2.653697
2.652891
2.652085
2.652085
2.652891
2.652891
2.652891
2.652085
2.652891
2.650474
2.651279
2.652085
2.652085
2.652085
2.652085
2.652891
2.652085
2.652891
2.652085
2.650474
2.652891
2.650474
2.652891
2.650474
2.653697
2.650474
2.654502
2.650474
2.652891
2.648862
2.653697
2.649668
2.654502
2.648057
2.656113
2.648057
2.656113
2.647251
2.655308
2.648057
2.655308
2.649668
2.652891
2.651279
2.650474
2.652891
2.648057
2.654502
2.648057
2.654502
2.647251
2.654502
2.648057
2.654502
2.648057
2.654502
2.649668
2.653697
2.649668
2.652891
2.650474
2.652085
2.649668
2.653697
2.651279
2.651279
2.652085
2.652085
2.652085
2.652085
2.651279
2.652085
2.651279
2.652085
2.651279
2.651279
2.651279
2.652891
2.651279
2.651279
2.650474
2.652085
2.649668
2.652891
2.651279
2.652891
2.648862
2.655308
2.648862
2.654502
2.648862
2.656113
2.648057
2.654502
2.646445
2.653697
2.648057
2.652085
2.648862
2.652891
2.651279
2.649668
2.652085
2.648057
2.653697
2.647251
2.654502
2.647251
2.655308
2.648862
2.654502
2.648862
2.653697
2.648057
2.653697
2.649668
2.652891
2.649668
2.652891
2.651279
2.651279
2.650474
2.649668
2.650474
2.651279
2.650474
2.652085
2.651279
2.651279
2.649668
2.650474
2.650474
2.651279
2.650474
2.650474
2.650474
2.651279
2.651279
2.651279
2.649668
2.651279
2.649668
2.652085
2.650474
2.656919
2.648057
2.653697
2.648057
2.652891
2.647251
2.652891
2.646445
2.654502
2.647251
2.653697
2.648862
2.652891
2.649668
2.650474
2.651279
2.648862
2.654502
2.646445
2.654502
2.64564
2.653697
2.648057
2.653697
2.648057
2.651279
2.648862
2.651279
2.649668
2.651279
2.651279
2.650474
2.650474
2.651279
2.649668
2.650474
2.650474
2.650474
2.649668
2.650474
2.650474
2.650474
2.650474
2.648862
2.649668
2.652085
2.648862
2.650474
2.648862
2.652891
2.648862
2.652085
2.648057
2.653697
2.647251
2.654502
2.646445
2.653697
2.647251
2.651279
2.648862
2.651279
2.649668
2.649668
2.651279
2.648057
2.653697
2.64564
2.652891
2.646445
2.652891
2.646445
2.652891
2.646445
2.652891
2.648057
2.652891
2.649668
2.651279
2.648862
2.651279
2.649668
2.650474
2.650474
2.651279
2.649668
2.649668
2.649668
2.648057
2.651279
2.650474
2.649668
2.648862
2.649668
2.651279
2.648862
2.649668
2.649668
2.648862
2.648057
2.650474
2.648057
2.651279
2.648057
2.651279
2.648057
2.652891
2.647251
2.652085
2.647251
2.651279
2.646445
2.652085
2.646445
2.654502
2.64564
2.653697
2.64564
2.652891
2.646445
2.652085
2.648057
2.652085
2.646445
2.651279
2.648057
2.649668
2.651279
2.648057
2.650474
2.648057
2.651279
2.646445
2.652085
2.646445
2.652085
2.646445
2.652891
2.64564
2.651279
2.646445
2.652891
2.647251
2.652085
2.646445
2.651279
2.646445
2.650474
2.648057
2.652085
2.647251
2.651279
2.648057
2.650474
2.647251
2.649668
2.649668
2.650474
2.647251
2.649668
2.649668
2.650474
2.649668
2.649668
2.649668
2.649668
2.648862
2.648862
2.648862
2.649668
2.648862
2.650474
2.650474
2.649668
2.646445
2.649668
2.649668
2.648862
2.647251
2.649668
2.648057
2.648862
2.647251
2.649668
2.648057
2.651279
2.648057
2.652085
2.646445
2.652891
2.64564
2.651279
2.646445
2.652085
2.646445
2.652085
2.64564
2.652891
2.644834
2.652891
2.64564
2.649668
2.648862
2.650474
2.649668
2.647251
2.650474
2.646445
2.652891
2.646445
2.652891
2.647251
2.652085
2.644028
2.652085
2.644028
2.648862
2.64564
2.652085
2.64564
2.650474
2.647251
2.650474
2.648057
2.651279
2.647251
2.650474
2.648057
2.648057
2.648057
2.648862
2.648057
2.648057
2.648862
2.648862
2.649668
2.648862
2.648057
2.648862
2.648057
2.647251
2.648057
2.648057
2.648057
2.649668
2.648057
2.648057
2.650474
2.648057
2.648862
2.648862
2.646445
2.649668
2.648057
2.649668
2.648057
2.649668
2.648057
2.649668
2.648057
2.649668
2.646445
2.651279
2.647251
2.651279
2.64564
2.651279
2.64564
2.649668
2.646445
2.650474
2.64564
2.651279
2.644834
2.651279
2.643223
2.652085
2.644028
2.652085
2.643223
2.652891
2.644834
2.650474
2.644028
2.649668
2.64564
2.649668
2.644028
2.649668
2.646445
2.647251
2.647251
2.647251
2.650474
2.646445
2.650474
2.644834
2.650474
2.644834
2.650474
2.644028
2.651279
2.644834
2.649668
2.644834
2.651279
2.643223
2.649668
2.64564
2.649668
2.646445
2.649668
2.64564
2.648057
2.644028
2.648057
2.648057
2.648862
2.647251
2.648057
2.648057
2.648057
2.648862
2.647251
2.647251
2.647251
2.64564
2.647251
2.648057
2.648057
2.646445
2.647251
2.647251
2.648057
2.64564
2.649668
2.64564
2.649668
2.644028
2.651279
2.644028
2.651279
2.644028
2.651279
2.643223
2.651279
2.644834
2.649668
2.646445
2.648057
2.648057
2.644834
2.649668
2.644834
2.651279
2.642417
2.650474
2.643223
2.648057
2.643223
2.649668
2.646445
2.649668
2.644834
2.648862
2.646445
2.648862
2.647251
2.648057
2.646445
2.647251
2.647251
2.646445
2.648057
2.647251
2.647251
2.647251
2.64564
2.648057
2.646445
2.647251
2.644834
2.648862
2.646445
2.648862
2.642417
2.650474
2.644028
2.651279
2.642417
2.651279
2.643223
2.651279
2.644028
2.648057
2.646445
2.646445
2.648057
2.644028
2.650474
2.643223
2.650474
2.643223
2.649668
2.644834
2.648057
2.644028
2.648057
2.644834
2.646445
2.646445
2.646445
2.64564
2.64564
2.646445
2.644834
2.64564
2.646445
2.646445
2.646445
2.646445
2.648057
2.64564
2.648057
2.644834
2.647251
2.643223
2.648862
2.644028
2.648057
2.643223
2.651279
2.642417
2.651279
2.641611
2.649668
2.643223
2.647251
2.643223
2.648057
2.646445
2.64564
2.648862
2.644028
2.650474
2.643223
2.650474
2.642417
2.649668
2.643223
2.649668
2.643223
2.647251
2.643223
2.646445
2.644834
2.648057
2.644834
2.646445
2.64564
2.646445
2.646445
2.64564
2.64564
2.647251
2.644834
2.647251
2.644834
2.646445
2.64564
2.647251
2.646445
2.646445
2.646445
2.646445
2.644834
2.648057
2.644028
2.649668
2.642417
2.649668
2.642417
2.648862
2.641611
2.649668
2.643223
2.649668
2.644028
2.646445
2.644834
2.644834
2.647251
2.644028
2.647251
2.641611
2.649668
2.641611
2.648057
2.642417
2.649668
2.644834
2.648862
2.643223
2.646445
2.644028
2.646445
2.64564
2.646445
2.64564
2.644028
2.64564
2.64564
2.646445
2.644028
2.644834
2.646445
2.647251
2.64564
2.64564
2.646445
2.644834
2.64564
2.644028
2.646445
2.643223
2.648057
2.646445
2.647251
2.642417
2.650474
2.640805
2.648862
2.640805
2.649668
2.643223
2.648057
2.644028
2.644834
2.64564
2.642417
2.648862
2.641611
2.649668
2.641611
2.648862
2.641611
2.646445
2.643223
2.647251
2.644028
2.647251
2.644834
2.64564
2.644834
2.644834
2.646445
2.644834
2.644028
2.644834
2.644028
2.644834
2.644834
2.64564
2.644028
2.646445
2.644028
2.644834
2.644028
2.647251
2.644028
2.648057
2.640805
2.647251
2.641611
2.648862
2.640805
2.646445
2.643223
2.64564
2.64564
2.641611
2.646445
2.64
2.648057
2.641611
2.647251
2.641611
2.64564
2.641611
2.64564
2.642417
2.64564
2.643223
2.647251
2.644028
2.644028
2.644028
2.644834
2.644028
2.644834
2.646445
2.644028
2.644834
2.64564
2.644028
2.644028
2.644028
2.644834
2.644028
2.64564
2.643223
2.64564
2.643223
2.646445
2.642417
2.647251
2.641611
2.647251
2.639194
2.648057
2.64
2.648057
2.640805
2.648057
2.641611
2.646445
2.644028
2.644028
2.646445
2.643223
2.64564
2.641611
2.648057
2.640805
2.647251
2.642417
2.648057
2.641611
2.646445
2.641611
2.646445
2.642417
2.64564
2.642417
2.64564
2.641611
2.64564
2.642417
2.644028
2.642417
2.644028
2.643223
2.644028
2.644028
2.644028
2.644834
2.644028
2.644028
2.644028
2.644028
2.643223
2.644834
2.644028
2.643223
2.644028
2.643223
2.644834
2.644028
2.64564
2.640805
2.64564
2.642417
2.647251
2.641611
2.648057
2.640805
2.648057
2.64
2.647251
2.640805
2.646445
2.641611
2.64564
2.642417
2.644028
2.644028
2.643223
2.646445
2.640805
2.647251
2.640805
2.646445
2.641611
2.647251
2.64
2.646445
2.641611
2.646445
2.642417
2.644834
2.642417
2.644028
2.643223
2.644028
2.644028
2.644028
2.644028
2.644028
2.641611
2.644028
2.643223
2.644028
2.643223
2.643223
2.643223
2.643223
2.642417
2.644834
2.639194
2.644834
2.641611
2.644834
2.64
2.646445
2.64
2.647251
2.638389
2.64564
2.640805
2.64564
2.643223
2.643223
2.644834
2.642417
2.644834
2.639194
2.647251
2.64
2.64564
2.640805
2.64564
2.640805
2.644834
2.641611
2.644834
2.642417
2.642417
2.644028
2.643223
2.643223
2.643223
2.643223
2.642417
2.643223
2.644028
2.642417
2.642417
2.644028
2.643223
2.642417
2.644028
2.64
2.646445
2.640805
2.646445
2.638389
2.647251
2.639194
2.64564
2.639194
2.643223
2.643223
2.641611
2.644834
2.64
2.64564
2.64
2.64564
2.64
2.646445
2.64
2.64564
2.640805
2.644028
2.642417
2.643223
2.642417
2.642417
2.642417
2.644028
2.643223
2.641611
2.643223
2.643223
2.642417
2.642417
2.643223
2.644028
2.642417
2.644028
2.640805
2.644834
2.64
2.644834
2.639194
2.64564
2.638389
2.646445
2.638389
2.644834
2.639194
2.644834
2.642417
2.641611
2.644834
2.638389
2.646445
2.639194
2.647251
2.637583
2.64564
2.64
2.643223
2.641611
2.642417
2.64
2.641611
2.640805
2.641611
2.641611
2.643223
2.642417
2.641611
2.640805
2.642417
2.642417
2.642417
2.641611
2.643223
2.640805
2.643223
2.640805
2.644028
2.640805
2.644834
2.639194
2.64564
2.639194
2.64564
2.637583
2.644834
2.638389
2.644834
2.638389
2.643223
2.64
2.641611
2.641611
2.64
2.644834
2.639194
2.644834
2.638389
2.644834
2.639194
2.643223
2.64
2.643223
2.640805
2.644028
2.64
2.644028
2.641611
2.642417
2.642417
2.642417
2.642417
2.642417
2.642417
2.642417
2.64
2.642417
2.641611
2.640805
2.641611
2.643223
2.640805
2.642417
2.639194
2.642417
2.64
2.644028
2.639194
2.644834
2.637583
2.644834
2.639194
2.644834
2.638389
2.644028
2.640805
2.642417
2.642417
2.64
2.644028
2.638389
2.644834
2.636777
2.644834
2.638389
2.642417
2.638389
2.642417
2.64
2.643223
2.64
2.641611
2.64
2.641611
2.642417
2.640805
2.640805
2.641611
2.640805
2.639194
2.641611
2.640805
2.642417
2.640805
2.640805
2.641611
2.640805
2.641611
2.64
2.643223
2.638389
2.640805
2.639194
2.643223
2.638389
2.643223
2.637583
2.64564
2.636777
2.644834
2.638389
2.644834
2.638389
2.641611
2.640805
2.640805
2.640805
2.639194
2.643223
2.638389
2.644028
2.637583
2.644834
2.637583
2.644028
2.638389
2.64564
2.637583
2.642417
2.639194
2.642417
2.64
2.643223
2.64
2.642417
2.64
2.640805
2.641611
2.640805
2.640805
2.64
2.641611
2.640805
2.64
2.640805
2.641611
2.641611
2.64
2.643223
2.639194
2.642417
2.639194
2.640805
2.64
2.641611
2.638389
2.643223
2.638389
2.644028
2.637583
2.643223
2.636777
2.644834
2.636777
2.642417
2.637583
2.640805
2.642417
2.638389
2.643223
2.636777
2.644028
2.636777
2.644834
2.635166
2.644028
2.638389
2.644028
2.637583
2.641611
2.64
2.639194
2.64
2.641611
2.639194
2.640805
2.640805
2.64
2.64
2.639194
2.639194
2.64
2.64
2.64
2.638389
2.641611
2.637583
2.641611
2.637583
2.643223
2.636777
2.642417
2.635972
2.644028
2.636777
2.643223
2.637583
2.64
2.635972
2.638389
2.642417
2.636777
2.644834
2.63436
2.643223
2.635972
2.641611
2.636777
2.640805
2.638389
2.64
2.638389
2.640805
2.639194
2.64
2.64
2.639194
2.639194
2.640805
2.64
2.640805
2.639194
2.64
2.638389
2.64
2.639194
2.640805
2.638389
2.640805
2.636777
2.642417
2.635166
2.644834
2.636777
2.643223
2.636777
2.640805
2.64
2.638389
2.643223
2.635972
2.643223
2.635166
2.643223
2.636777
2.642417
2.638389
2.642417
2.638389
2.64
2.637583
2.64
2.64
2.637583
2.639194
2.64
2.639194
2.640805
2.64
2.639194
2.639194
2.64
2.639194
2.64
2.636777
2.643223
2.637583
2.641611
2.636777
2.641611
2.63436
2.644028
2.636777
2.641611
2.639194
2.639194
2.640805
2.639194
2.643223
2.635972
2.643223
2.635166
2.641611
2.638389
2.642417
2.636777
2.640805
2.638389
2.64
2.638389
2.64
2.639194
2.638389
2.638389
2.639194
2.64
2.638389
2.638389
2.64
2.636777
2.639194
2.637583
2.64
2.635166
2.642417
2.635972
2.642417
2.633554
2.641611
2.63436
2.642417
2.635166
2.64
2.64
2.637583
2.640805
2.635972
2.641611
2.636777
2.641611
2.63436
2.641611
2.636777
2.64
2.637583
2.64
2.638389
2.64
2.638389
2.639194
2.638389
2.638389
2.638389
2.637583
2.638389
2.639194
2.637583
2.638389
2.64
2.64
2.636777
2.641611
2.635166
2.640805
2.63436
2.640805
2.635166
2.640805
2.635166
2.64
2.637583
2.64
2.639194
2.635972
2.641611
2.635166
2.644028
2.63436
2.64
2.635166
2.64
2.635972
2.639194
2.636777
2.64
2.636777
2.638389
2.637583
2.637583
2.639194
2.639194
2.638389
2.637583
2.639194
2.637583
2.637583
2.638389
2.636777
2.638389
2.635972
2.64
2.635972
2.640805
2.635166
2.640805
2.63436
2.642417
2.633554
2.641611
2.633554
2.640805
2.635166
2.64
2.636777
2.639194
2.638389
2.636777
2.639194
2.63436
2.641611
2.63436
2.641611
2.63436
2.642417
2.636777
2.64
2.63436
2.639194
2.636777
2.638389
2.637583
2.638389
2.639194
2.637583
2.637583
2.636777
2.637583
2.637583
2.635972
2.639194
2.638389
2.637583
2.636777
2.637583
2.637583
2.638389
2.636777
2.639194
2.635972
2.64
2.63436
2.64
2.631943
2.638389
2.632749
2.640805
2.636777
2.638389
2.638389
2.635972
2.641611
2.63436
2.640805
2.63436
2.640805
2.633554
2.639194
2.63436
2.638389
2.635972
2.638389
2.638389
2.637583
2.636777
2.636777
2.637583
2.637583
2.636777
2.637583
2.637583
2.636777
2.636777
2.638389
2.635972
2.638389
2.635166
2.64
2.63436
2.640805
2.631943
2.640805
2.633554
2.640805
2.635166
2.638389
2.635166
2.635972
2.639194
2.633554
2.64
2.633554
2.641611
2.635166
2.64
2.63436
2.64
2.635166
2.638389
2.635972
2.638389
2.637583
2.637583
2.636777
2.637583
2.635972
2.637583
2.636777
2.638389
2.637583
2.639194
2.635972
2.639194
2.63436
2.64
2.633554
2.641611
2.635166
2.64
2.633554
2.638389
2.638389
2.635166
2.638389
2.632749
2.64
2.633554
2.639194
2.633554
2.638389
2.635166
2.638389
2.636777
2.636777
2.637583
2.636777
2.636777
2.636777
2.635972
2.637583
2.636777
2.636777
2.635166
2.638389
2.633554
2.638389
2.633554
2.639194
2.632749
2.64
2.631943
2.638389
2.635166
2.635972
2.64
2.63436
2.64
2.632749
2.638389
2.635166
2.637583
2.63436
2.636777
2.635166
2.637583
2.636777
2.636777
2.636777
2.636777
2.636777
2.637583
2.635166
2.637583
2.635166
2.637583
2.633554
2.639194
2.632749
2.64
2.631943
2.64
2.633554
2.635972
2.636777
2.63436
2.639194
2.633554
2.639194
2.63436
2.636777
2.632749
2.637583
2.63436
2.636777
2.635166
2.635166
2.633554
2.635166
2.635972
2.635972
2.63436
2.635972
2.63436
2.636777
2.633554
2.64
2.633554
2.639194
2.631943
2.640805
2.631943
2.638389
2.636777
2.635166
2.635972
2.631943
2.639194
2.632749
2.641611
2.632749
2.638389
2.63436
2.638389
2.633554
2.637583
2.633554
2.635972
2.635972
2.635972
2.635972
2.635972
2.63436
2.636777
2.635972
2.635166
2.63436
2.64
2.63436
2.637583
2.631943
2.639194
2.631137
2.639194
2.631943
2.638389
2.633554
2.635972
2.635972
2.632749
2.639194
2.630332
2.639194
2.632749
2.638389
2.631943
2.636777
2.635166
2.637583
2.635972
2.635166
2.636777
2.635166
2.635166
2.635972
2.635166
2.635972
2.635166
2.636777
2.633554
2.638389
2.631943
2.635972
2.631137
2.638389
2.631943
2.637583
2.635166
2.633554
2.637583
2.631943
2.639194
2.631943
2.638389
2.632749
2.636777
2.63436
2.635972
2.635166
2.63436
2.633554
2.635166
2.633554
2.635972
2.633554
2.635972
2.63436
2.635972
2.633554
2.638389
2.631943
2.639194
2.631943
2.636777
2.633554
2.633554
2.638389
2.631943
2.637583
2.631943
2.637583
2.633554
2.637583
2.63436
2.635166
2.635166
2.635166
2.633554
2.633554
2.63436
2.635166
2.63436
2.635166
2.631943
2.635972
2.631137
2.64
2.630332
2.638389
2.632749
2.63436
2.636777
2.630332
2.637583
2.631137
2.637583
2.631943
2.635972
2.633554
2.63436
2.63436
2.63436
2.633554
2.63436
2.633554
2.635166
2.63436
2.636777
2.631943
2.637583
2.630332
2.638389
2.631943
2.63436
2.63436
2.631943
2.638389
2.630332
2.637583
2.633554
2.635972
2.633554
2.633554
2.633554
2.63436
2.635166
2.63436
2.63436
2.63436
2.631943
2.635166
2.631137
2.636777
2.631137
2.638389
2.630332
2.637583
2.633554
2.631943
2.636777
2.630332
2.638389
2.631137
2.636777
2.632749
2.635166
2.63436
2.633554
2.63436
2.63436
2.633554
2.631943
2.632749
2.635166
2.631943
2.636777
2.632749
2.638389
2.631137
2.637583
2.632749
2.63436
2.635166
2.630332
2.638389
2.631137
2.636777
2.630332
2.635972
2.631943
2.632749
2.632749
2.633554
2.63436
2.633554
2.633554
2.63436
2.633554
2.63436
2.632749
2.636777
2.631137
2.639194
2.630332
2.637583
2.631137
2.63436
2.63436
2.631137
2.637583
2.630332
2.637583
2.631137
2.636777
2.631137
2.635166
2.633554
2.635166
2.632749
2.633554
2.633554
2.633554
2.633554
2.63436
2.633554
2.633554
2.630332
2.635972
2.631943
2.636777
2.630332
2.637583
2.630332
2.636777
2.632749
2.633554
2.635166
2.631943
2.636777
2.628721
2.635166
2.632749
2.635166
2.633554
2.635166
2.632749
2.633554
2.632749
2.63436
2.631137
2.635166
2.631943
2.633554
2.633554
2.63436
2.632749
2.63436
2.630332
2.635166
2.630332
2.636777
2.630332
2.637583
2.630332
2.63436
2.631943
2.631943
2.635972
2.630332
2.635972
2.630332
2.635166
2.629526
2.633554
2.632749
2.632749
2.631943
2.633554
2.633554
2.63436
2.633554
2.633554
2.633554
2.633554
2.632749
2.633554
2.629526
2.636777
2.628721
2.635972
2.630332
2.635972
2.631943
2.630332
2.636777
2.629526
2.635972
2.629526
2.635166
2.631137
2.635166
2.631943
2.633554
2.633554
2.631943
2.631943
2.633554
2.632749
2.633554
2.631137
2.635166
2.631943
2.63436
2.627109
2.636777
2.627915
2.633554
2.632749
2.628721
2.635166
2.629526
2.63436
2.631137
2.63436
2.631137
2.631943
2.63436
2.631943
2.631137
2.632749
2.632749
2.632749
2.631137
2.63436
2.630332
2.635166
2.629526
2.636777
2.629526
2.632749
2.63436
2.629526
2.635166
2.627915
2.63436
2.631137
2.633554
2.630332
2.631943
2.631943
2.632749
2.631943
2.631137
2.631943
2.63436
2.629526
2.631943
2.629526
2.635972
2.627915
2.63436
2.629526
2.627109
2.633554
2.628721
2.636777
2.629526
2.63436
2.629526
2.631943
2.631137
2.630332
2.631943
2.631137
2.632749
2.631137
2.631137
2.632749
2.629526
2.635972
2.628721
2.635972
2.627109
2.635166
2.629526
2.631137
2.63436
2.627109
2.63436
2.627915
2.633554
2.630332
2.632749
2.631943
2.632749
2.631137
2.631137
2.633554
2.631943
2.630332
2.631943
2.631137
2.632749
2.630332
2.632749
2.628721
2.635972
2.627915
2.632749
2.628721
2.631943
2.632749
2.628721
2.635166
2.627915
2.633554
2.630332
2.631137
2.630332
2.631137
2.631137
2.631943
2.631137
2.630332
2.631137
2.631137
2.630332
2.632749
2.629526
2.635166
2.627915
2.63436
2.628721
2.632749
2.630332
2.629526
2.63436
2.627915
2.633554
2.627915
2.632749
2.629526
2.631943
2.631137
2.631137
2.631943
2.631943
2.632749
2.631137
2.630332
2.631943
2.630332
2.633554
2.627109
2.635972
2.627915
2.63436
2.629526
2.631137
2.633554
2.627915
2.635166
2.629526
2.633554
2.628721
2.631943
2.631137
2.631137
2.630332
2.631137
2.631137
2.631137
2.630332
2.631943
2.628721
2.631137
2.630332
2.635166
2.627915
2.635166
2.628721
2.630332
2.631943
2.627915
2.633554
2.628721
2.63436
2.627915
2.633554
2.630332
2.630332
2.630332
2.629526
2.631137
2.630332
2.629526
2.631137
2.630332
2.631137
2.629526
2.632749
2.628721
2.633554
2.627109
2.633554
2.629526
2.629526
2.632749
2.627109
2.633554
2.627109
2.633554
2.629526
2.631137
2.630332
2.630332
2.631943
2.630332
2.631943
2.631137
2.630332
2.631137
2.629526
2.632749
2.628721
2.63436
2.626303
2.633554
2.630332
2.628721
2.63436
2.627109
2.63436
2.628721
2.631943
2.630332
2.631137
2.630332
2.630332
2.630332
2.631137
2.629526
2.630332
2.627109
2.631943
2.627109
2.63436
2.627109
2.633554
2.627109
2.631943
2.631137
2.627109
2.633554
2.626303
2.632749
2.627915
2.631137
2.629526
2.630332
2.630332
2.630332
2.630332
2.629526
2.629526
2.629526
2.629526
2.631943
2.627915
2.632749
2.627109
2.633554
2.626303
2.63436
2.627109
2.630332
2.631137
2.627109
2.632749
2.627109
2.631137
2.627915
2.633554
2.628721
2.631137
2.629526
2.627915
2.628721
2.629526
2.630332
2.630332
2.630332
2.631137
2.628721
2.631137
2.627915
2.631137
2.627915
2.632749
2.625498
2.633554
2.625498
2.631137
2.627915
2.628721
2.631943
2.627109
2.633554
2.627915
2.631943
2.627915
2.631943
2.627915
2.630332
2.629526
2.631137
2.630332
2.629526
2.629526
2.630332
2.630332
2.631943
2.628721
2.631137
2.627109
2.633554
2.626303
2.633554
2.627109
2.633554
2.624692
2.631943
2.628721
2.630332
2.630332
2.627109
2.632749
2.625498
2.632749
2.626303
2.631137
2.627109
2.630332
2.627915
2.630332
2.629526
2.628721
2.629526
2.629526
2.629526
2.627915
2.628721
2.629526
2.628721
2.629526
2.628721
2.632749
2.625498
2.631943
2.627109
2.633554
2.625498
2.631943
2.625498
2.631943
2.628721
2.628721
2.629526
2.625498
2.631943
2.625498
2.631943
2.626303
2.631137
2.626303
2.631137
2.627109
2.629526
2.627109
2.630332
2.627109
2.627915
2.628721
2.627915
2.628721
2.628721
2.627915
2.627915
2.628721
2.628721
2.627915
2.628721
2.627915
2.628721
2.627915
2.630332
2.627109
2.631137
2.626303
2.631137
2.627109
2.633554
2.624692
2.631943
2.624692
2.632749
2.625498
2.630332
2.627109
2.629526
2.628721
2.627109
2.631137
2.627109
2.631943
2.626303
2.632749
2.624692
2.631943
2.625498
2.630332
2.626303
2.630332
2.626303
2.628721
2.627915
2.629526
2.628721
2.628721
2.628721
2.628721
2.627109
2.628721
2.629526
2.628721
2.628721
2.627915
2.627915
2.629526
2.627915
2.629526
2.626303
2.628721
2.627109
2.630332
2.627915
2.628721
2.625498
2.631137
2.625498
2.631137
2.625498
2.630332
2.625498
2.631137
2.625498
2.631137
2.623886
2.631943
2.623886
2.631943
2.623886
2.631943
2.625498
2.631943
2.624692
2.631137
2.623886
2.630332
2.624692
2.630332
2.624692
2.631137
2.625498
2.630332
2.625498
2.630332
2.627915
2.628721
2.627109
2.628721
2.627915
2.627109
2.628721
2.627109
2.627915
2.627109
2.628721
2.625498
2.629526
2.627109
2.628721
2.625498
2.630332
2.625498
2.631943
2.624692
2.631137
2.625498
2.631137
2.623886
2.630332
2.624692
2.631943
2.623886
2.631137
2.624692
2.631943
2.625498
2.630332
2.624692
2.629526
2.624692
2.630332
2.625498
2.628721
2.625498
2.629526
2.626303
2.629526
2.626303
2.629526
2.627109
2.629526
2.627109
2.627915
2.627109
2.629526
2.627109
2.627915
2.627109
2.628721
2.626303
2.628721
2.628721
2.627915
2.627109
2.627915
2.627915
2.627915
2.627915
2.627109
2.627915
2.628721
2.627915
2.627109
2.627109
2.625498
2.627109
2.627109
2.627915
2.627915
2.627109
2.627915
2.627109
2.627915
2.627109
2.627109
2.627109
2.627109
2.626303
2.627109
2.627915
2.627915
2.625498
2.627109
2.627109
2.627109
2.626303
2.627915
2.626303
2.628721
2.624692
2.627109
2.625498
2.627915
2.625498
2.628721
2.624692
2.628721
2.624692
2.627915
2.623886
2.629526
2.624692
2.628721
2.622275
2.631137
2.623886
2.632749
2.623886
2.631137
2.623886
2.630332
2.624692
2.628721
2.624692
2.629526
2.624692
2.627915
2.625498
2.625498
2.626303
2.626303
2.628721
2.624692
2.628721
2.624692
2.629526
2.624692
2.629526
2.622275
2.630332
2.623886
2.630332
2.623886
2.630332
2.623081
2.630332
2.623081
2.628721
2.624692
2.629526
2.623886
2.630332
2.623081
2.628721
2.624692
2.627915
2.624692
2.629526
2.623886
2.627915
2.625498
2.627109
2.624692
2.628721
2.624692
2.628721
2.624692
2.628721
2.625498
2.627109
2.626303
2.626303
2.625498
2.628721
2.625498
2.627915
2.625498
2.627109
2.625498
2.627109
2.625498
2.627915
2.626303
2.627109
2.625498
2.627109
2.624692
2.626303
2.625498
2.627915
2.624692
2.627915
2.626303
2.626303
2.624692
2.627109
2.624692
2.627109
2.623886
2.627109
2.625498
2.627109
2.625498
2.626303
2.625498
2.627109
2.624692
2.625498
2.623886
2.627109
2.623886
2.626303
2.624692
2.627915
2.625498
2.627109
2.624692
2.626303
2.624692
2.627915
2.624692
2.627109
2.624692
2.627109
2.623886
2.627915
2.624692
2.627915
2.623886
2.627109
2.624692
2.627915
2.624692
2.627915
2.623886
2.627915
2.623081
2.627915
2.623886
2.627109
2.624692
2.627915
2.623081
2.627109
2.624692
2.627915
2.623886
2.627109
2.625498
2.626303
2.623886
2.625498
2.624692
2.625498
2.625498
2.627109
2.624692
2.627109
2.624692
2.626303
2.623886
2.627109
2.623886
2.627109
2.624692
2.627915
2.625498
2.625498
2.624692
2.626303
2.624692
2.626303
2.625498
2.627109
2.625498
2.625498
2.625498
2.626303
2.626303
2.627109
2.626303
2.625498
2.626303
2.623886
2.625498
2.625498
2.624692
2.624692
2.625498
2.624692
2.625498
2.626303
2.625498
2.627109
2.624692
2.624692
2.625498
2.625498
2.625498
2.624692
2.623886
2.624692
2.626303
2.625498
2.623886
2.625498
2.624692
2.624692
2.623886
2.626303
2.624692
2.625498
2.623886
2.625498
2.624692
2.624692
2.623886
2.624692
2.623886
2.627109
2.623886
2.624692
2.623886
2.626303
2.624692
2.625498
2.625498
2.625498
2.624692
2.624692
2.623886
2.625498
2.624692
2.625498
2.623886
2.624692
2.624692
2.627109
2.624692
2.624692
2.623886
2.625498
2.624692
2.625498
2.622275
2.626303
2.623081
2.625498
2.623081
2.625498
2.623886
2.625498
2.623886
2.626303
2.623886
2.623886
2.623081
2.625498
2.623081
2.625498
2.623081
2.624692
2.622275
2.627109
2.622275
2.625498
2.622275
2.627915
2.620664
2.627109
2.622275
2.627109
2.621469
2.627109
2.622275
2.628721
2.621469
2.627915
2.620664
2.628721
2.619858
2.627109
2.621469
2.627915
2.620664
2.627915
2.619052
2.626303
2.619858
2.627915
2.621469
2.625498
2.621469
2.627109
2.620664
2.627109
2.622275
2.625498
2.622275
2.624692
2.623886
2.625498
2.623886
2.622275
2.626303
2.623081
2.626303
2.620664
2.627109
2.621469
2.627109
2.620664
2.626303
2.620664
2.627109
2.621469
2.627109
2.619858
2.627915
2.620664
2.627109
2.621469
2.627915
2.620664
2.627915
2.619858
2.626303
2.619858
2.624692
2.620664
2.627109
2.619858
2.627109
2.620664
2.627109
2.620664
2.627109
2.619052
2.626303
2.620664
2.628721
2.621469
2.626303
2.619858
2.627109
2.619052
2.625498
2.619858
2.626303
2.620664
2.627109
2.620664
2.626303
2.620664
2.627915
2.620664
2.627109
2.619858
2.626303
2.619858
2.627109
2.620664
2.627109
2.620664
2.625498
2.619858
2.626303
2.618247
2.626303
2.619858
2.627109
2.619858
2.626303
2.619858
2.627915
2.619858
2.626303
2.619052
2.627109
2.619052
2.624692
2.618247
2.627109
2.619052
2.627915
2.619858
2.625498
2.619052
2.626303
2.619858
2.627109
2.619052
2.627915
2.619052
2.625498
2.619858
2.627109
2.620664
2.627109
2.619052
2.627109
2.619052
2.627109
2.620664
2.627109
2.619052
2.626303
2.619858
2.625498
2.619858
2.625498
2.619052
2.625498
2.619858
2.624692
2.618247
2.624692
2.620664
2.625498
2.620664
2.624692
2.621469
2.623886
2.621469
2.625498
2.621469
2.624692
2.621469
2.624692
2.620664
2.623886
2.621469
2.623886
2.621469
2.624692
2.621469
2.623886
2.622275
2.623081
2.623081
2.622275
2.622275
2.623081
2.623081
2.622275
2.622275
2.622275
2.622275
2.621469
2.621469
2.622275
2.620664
2.622275
2.621469
2.622275
2.620664
2.622275
2.622275
2.622275
2.621469
2.623081
2.621469
2.624692
2.621469
2.623081
2.621469
2.623886
2.621469
2.624692
2.620664
2.624692
2.619052
2.625498
2.619858
2.624692
2.619052
2.624692
2.618247
2.624692
2.619052
2.625498
2.618247
2.625498
2.618247
2.626303
2.617441
2.626303
2.618247
2.625498
2.619052
2.625498
2.618247
2.624692
2.619858
2.624692
2.619052
2.624692
2.619052
2.623886
2.621469
2.621469
2.620664
2.620664
2.621469
2.620664
2.623886
2.620664
2.623886
2.620664
2.623886
2.618247
2.624692
2.618247
2.623886
2.618247
2.624692
2.619052
2.625498
2.619052
2.624692
2.617441
2.625498
2.619858
2.624692
2.619052
2.624692
2.619052
2.624692
2.620664
2.623081
2.619858
2.622275
2.620664
2.621469
2.621469
2.622275
2.620664
2.620664
2.621469
2.621469
2.621469
2.621469
2.621469
2.621469
2.620664
2.621469
2.620664
2.620664
2.621469
2.621469
2.619858
2.621469
2.621469
2.621469
2.621469
2.621469
2.620664
2.621469
2.620664
2.623081
2.620664
2.622275
2.617441
2.621469
2.619052
2.621469
2.620664
2.622275
2.619858
2.623081
2.619858
2.623081
2.618247
2.624692
2.619052
2.623081
2.617441
2.624692
2.618247
2.623886
2.616635
2.624692
2.616635
2.624692
2.619052
2.625498
2.61583
2.624692
2.616635
2.624692
2.615024
2.623886
2.618247
2.623081
2.617441
2.623081
2.618247
2.621469
2.619858
2.620664
2.623886
2.620664
2.621469
2.619052
2.623081
2.616635
2.623886
2.618247
2.624692
2.616635
2.625498
2.617441
2.624692
2.616635
2.624692
2.617441
2.623886
2.618247
2.624692
2.618247
2.623081
2.617441
2.623081
2.618247
2.623081
2.617441
2.622275
2.619052
2.623081
2.618247
2.621469
2.618247
2.621469
2.619858
2.622275
2.619052
2.621469
2.620664
2.621469
2.619858
2.619858
2.618247
2.619052
2.619052
2.621469
2.620664
2.619858
2.619858
2.620664
2.619858
2.620664
2.619052
2.619858
2.620664
2.620664
2.619858
2.620664
2.620664
2.619052
2.619052
2.619052
2.620664
2.620664
2.619052
2.620664
2.619052
2.619858
2.619858
2.620664
2.619858
2.619858
2.619052
2.619858
2.619858
2.619052
2.619858
2.619858
2.619052
2.619858
2.618247
2.620664
2.619858
2.620664
2.618247
2.620664
2.616635
2.622275
2.616635
2.621469
2.616635
2.622275
2.616635
2.622275
2.617441
2.623081
2.61583
2.623886
2.61583
2.622275
2.618247
2.622275
2.61583
2.622275
2.616635
2.619858
2.619858
2.619052
2.619858
2.618247
2.621469
2.616635
2.623886
2.61583
2.623886
2.61583
2.623081
2.61583
2.621469
2.616635
2.623081
2.617441
2.622275
2.616635
2.621469
2.616635
2.620664
2.618247
2.620664
2.617441
2.618247
2.618247
2.619858
2.619052
2.619052
2.619858
2.619052
2.619858
2.619052
2.617441
2.618247
2.619052
2.619052
2.619052
2.619052
2.618247
2.618247
2.619052
2.619052
2.617441
2.619052
2.619052
2.620664
2.619858
2.619052
2.617441
2.620664
2.617441
2.620664
2.618247
2.621469
2.617441
2.620664
2.615024
2.621469
2.61583
2.622275
2.61583
2.622275
2.615024
2.623081
2.617441
2.621469
2.616635
2.619858
2.618247
2.619052
2.620664
2.617441
2.621469
2.61583
2.621469
2.61583
2.622275
2.614218
2.622275
2.61583
2.621469
2.616635
2.620664
2.616635
2.619052
2.616635
2.619052
2.616635
2.619858
2.618247
2.619858
2.620664
2.618247
2.617441
2.618247
2.618247
2.617441
2.619052
2.618247
2.618247
2.617441
2.618247
2.618247
2.619052
2.619858
2.618247
2.618247
2.618247
2.619858
2.618247
2.619052
2.617441
2.619858
2.616635
2.619052
2.615024
2.619858
2.615024
2.621469
2.61583
2.619858
2.615024
2.620664
2.615024
2.622275
2.615024
2.621469
2.614218
2.622275
2.615024
2.621469
2.614218
2.621469
2.61583
2.620664
2.61583
2.619052
2.616635
2.619052
2.618247
2.619052
2.619052
2.619052
2.618247
2.61583
2.618247
2.61583
2.620664
2.615024
2.619858
2.615024
2.620664
2.615024
2.620664
2.614218
2.621469
2.615024
2.621469
2.614218
2.621469
2.614218
2.622275
2.612607
2.621469
2.613413
2.620664
2.615024
2.620664
2.615024
2.620664
2.615024
2.620664
2.615024
2.620664
2.615024
2.620664
2.614218
2.619052
2.614218
2.619858
2.61583
2.620664
2.615024
2.619052
2.61583
2.619052
2.61583
2.620664
2.615024
2.617441
2.61583
2.619052
2.61583
2.617441
2.616635
2.618247
2.616635
2.619052
2.616635
2.618247
2.617441
2.617441
2.617441
2.618247
2.617441
2.619052
2.617441
2.616635
2.617441
2.618247
2.616635
2.616635
2.616635
2.618247
2.61583
2.616635
2.618247
2.617441
2.617441
2.618247
2.616635
2.617441
2.617441
2.618247
2.616635
2.616635
2.616635
2.619052
2.61583
2.618247
2.615024
2.619052
2.615024
2.619052
2.614218
2.620664
2.614218
2.619858
2.611801
2.620664
2.612607
2.619052
2.614218
2.619052
2.615024
2.617441
2.616635
2.61583
2.619858
2.615024
2.619052
2.613413
2.620664
2.612607
2.619858
2.613413
2.620664
2.614218
2.618247
2.614218
2.619052
2.613413
2.618247
2.614218
2.618247
2.61583
2.617441
2.615024
2.61583
2.616635
2.617441
2.617441
2.616635
2.616635
2.61583
2.616635
2.618247
2.61583
2.61583
2.616635
2.616635
2.615024
2.618247
2.614218
2.618247
2.614218
2.619052
2.614218
2.618247
2.612607
2.619858
2.613413
2.619858
2.611801
2.619858
2.613413
2.619858
2.612607
2.616635
2.61583
2.616635
2.617441
2.614218
2.618247
2.614218
2.618247
2.612607
2.620664
2.613413
2.619858
2.611801
2.618247
2.613413
2.619052
2.613413
2.618247
2.614218
2.617441
2.614218
2.616635
2.616635
2.617441
2.61583
2.616635
2.61583
2.61583
2.61583
2.615024
2.615024
2.614218
2.617441
2.61583
2.615024
2.616635
2.615024
2.61583
2.61583
2.617441
2.615024
2.617441
2.615024
2.618247
2.612607
2.616635
2.612607
2.619052
2.613413
2.619052
2.611801
2.617441
2.611801
2.617441
2.612607
2.615024
2.617441
2.614218
2.616635
2.61019
2.619052
2.61019
2.618247
2.612607
2.617441
2.613413
2.616635
2.614218
2.61583
2.615024
2.615024
2.616635
2.61583
2.61583
2.615024
2.615024
2.615024
2.615024
2.61583
2.615024
2.61583
2.615024
2.615024
2.613413
2.61583
2.613413
2.618247
2.612607
2.617441
2.610996
2.617441
2.612607
2.618247
2.611801
2.617441
2.611801
2.618247
2.613413
2.615024
2.617441
2.612607
2.618247
2.611801
2.617441
2.611801
2.619052
2.612607
2.619052
2.612607
2.616635
2.613413
2.616635
2.613413
2.614218
2.614218
2.616635
2.615024
2.614218
2.615024
2.614218
2.616635
2.615024
2.615024
2.615024
2.613413
2.615024
2.611801
2.61583
2.614218
2.616635
2.612607
2.617441
2.612607
2.619052
2.610996
2.617441
2.611801
2.616635
2.611801
2.614218
2.61583
2.611801
2.618247
2.611801
2.618247
2.610996
2.618247
2.610996
2.617441
2.614218
2.615024
2.613413
2.614218
2.614218
2.614218
2.615024
2.614218
2.615024
2.613413
2.614218
2.614218
2.612607
2.613413
2.613413
2.613413
2.611801
2.61583
2.610996
2.616635
2.61019
2.619052
2.610996
2.619052
2.61019
2.61583
2.613413
2.611801
2.61583
2.610996
2.618247
2.609384
2.616635
2.610996
2.617441
2.611801
2.615024
2.613413
2.612607
2.612607
2.613413
2.612607
2.613413
2.614218
2.612607
2.612607
2.614218
2.612607
2.614218
2.613413
2.61583
2.612607
2.615024
2.610996
2.616635
2.61019
2.616635
2.609384
2.616635
2.609384
2.617441
2.612607
2.613413
2.613413
2.612607
2.616635
2.610996
2.617441
2.610996
2.616635
2.611801
2.61583
2.609384
2.615024
2.610996
2.615024
2.612607
2.614218
2.613413
2.615024
2.613413
2.611801
2.612607
2.613413
2.612607
2.613413
2.614218
2.611801
2.614218
2.61583
2.612607
2.615024
2.610996
2.615024
2.611801
2.616635
2.609384
2.616635
2.609384
2.61583
2.610996
2.613413
2.614218
2.610996
2.61583
2.61019
2.61583
2.608578
2.615024
2.609384
2.614218
2.610996
2.615024
2.613413
2.613413
2.610996
2.611801
2.612607
2.612607
2.61019
2.613413
2.611801
2.611801
2.611801
2.614218
2.612607
2.615024
2.61019
2.614218
2.609384
2.61583
2.608578
2.614218
2.61019
2.614218
2.611801
2.610996
2.615024
2.608578
2.61583
2.609384
2.61583
2.61019
2.61583
2.612607
2.614218
2.609384
2.612607
2.612607
2.613413
2.612607
2.611801
2.612607
2.612607
2.612607
2.611801
2.612607
2.610996
2.611801
2.61583
2.61019
2.614218
2.61019
2.615024
2.608578
2.616635
2.607773
2.61583
2.609384
2.61583
2.611801
2.61019
2.615024
2.608578
2.617441
2.607773
2.61583
2.609384
2.614218
2.609384
2.614218
2.61019
2.614218
2.611801
2.612607
2.611801
2.612607
2.612607
2.612607
2.61019
2.611801
2.612607
2.610996
2.61019
2.612607
2.610996
2.614218
2.609384
2.613413
2.609384
2.61583
2.607773
2.616635
2.606967
2.615024
2.610996
2.611801
2.613413
2.608578
2.614218
2.608578
2.613413
2.608578
2.614218
2.609384
2.614218
2.611801
2.612607
2.610996
2.611801
2.610996
2.610996
2.611801
2.61019
2.611801
2.610996
2.610996
2.611801
2.61019
2.614218
2.610996
2.613413
2.608578
2.614218
2.606967
2.61583
2.606967
2.614218
2.609384
2.612607
2.610996
2.609384
2.615024
2.606967
2.615024
2.606967
2.615024
2.608578
2.613413
2.609384
2.613413
2.607773
2.611801
2.61019
2.611801
2.612607
2.61019
2.611801
2.610996
2.61019
2.611801
2.610996
2.610996
2.61019
2.610996
2.609384
2.613413
2.607773
2.614218
2.607773
2.612607
2.606967
2.613413
2.607773
2.612607
2.608578
2.611801
2.612607
2.608578
2.614218
2.607773
2.615024
2.607773
2.612607
2.608578
2.612607
2.606967
2.612607
2.610996
2.611801
2.610996
2.609384
2.61019
2.610996
2.610996
2.611801
2.610996
2.61019
2.608578
2.610996
2.609384
2.612607
2.607773
2.612607
2.606967
2.614218
2.606967
2.615024
2.607773
2.615024
2.609384
2.61019
2.611801
2.606967
2.614218
2.606967
2.613413
2.607773
2.614218
2.607773
2.614218
2.609384
2.610996
2.610996
2.611801
2.61019
2.609384
2.611801
2.609384
2.609384
2.61019
2.610996
2.610996
2.608578
2.610996
2.607773
2.611801
2.607773
2.611801
2.605356
2.614218
2.605356
2.612607
2.607773
2.610996
2.61019
2.609384
2.613413
2.606967
2.613413
2.606162
2.612607
2.607773
2.613413
2.606967
2.611801
2.608578
2.609384
2.608578
2.608578
2.609384
2.608578
2.608578
2.609384
2.609384
2.609384
2.609384
2.61019
2.607773
2.610996
2.606162
2.611801
2.606967
2.613413
2.606162
2.612607
2.606162
2.611801
2.607773
2.61019
2.61019
2.607773
2.612607
2.606162
2.612607
2.606162
2.612607
2.606967
2.609384
2.607773
2.610996
2.608578
2.608578
2.609384
2.608578
2.607773
2.609384
2.608578
2.608578
2.608578
2.609384
2.609384
2.61019
2.608578
2.610996
2.606967
2.612607
2.606162
2.611801
2.605356
2.612607
2.606162
2.610996
2.607773
2.608578
2.610996
2.606162
2.613413
2.60455
2.61019
2.606162
2.611801
2.605356
2.610996
2.606967
2.61019
2.608578
2.607773
2.607773
2.608578
2.608578
2.609384
2.607773
2.608578
2.608578
2.609384
2.608578
2.608578
2.607773
2.609384
2.60455
2.610996
2.605356
2.612607
2.602939
2.612607
2.603745
2.611801
2.606162
2.609384
2.608578
2.606967
2.612607
2.606162
2.611801
2.603745
2.611801
2.605356
2.610996
2.605356
2.610996
2.610996
2.609384
2.607773
2.608578
2.607773
2.607773
2.608578
2.606967
2.607773
2.606967
2.607773
2.606967
2.606162
2.607773
2.607773
2.61019
2.607773
2.608578
2.60455
2.610996
2.605356
2.610996
2.605356
2.613413
2.603745
2.611801
2.60455
2.610996
2.606967
2.607773
2.608578
2.607773
2.610996
2.606162
2.61019
2.60455
2.611801
2.605356
2.61019
2.606162
2.61019
2.605356
2.608578
2.606967
2.607773
2.606967
2.607773
2.607773
2.606162
2.606967
2.607773
2.607773
2.607773
2.607773
2.606967
2.606162
2.608578
2.606162
2.609384
2.606967
2.61019
2.606162
2.61019
2.603745
2.61019
2.60455
2.611801
2.603745
2.610996
2.605356
2.610996
2.605356
2.606967
2.608578
2.607773
2.609384
2.60455
2.61019
2.60455
2.611801
2.603745
2.610996
2.603745
2.610996
2.605356
2.61019
2.605356
2.61019
2.606967
2.61019
2.605356
2.608578
2.60455
2.608578
2.607773
2.606162
2.607773
2.606162
2.606162
2.607773
2.607773
2.607773
2.606967
2.608578
2.607773
2.606967
2.606967
2.606967
2.606967
2.608578
2.605356
2.608578
2.606967
2.608578
2.602939
2.61019
2.602939
2.61019
2.60455
2.611801
2.60455
2.610996
2.602939
2.612607
2.602133
2.610996
2.60455
2.609384
2.60455
2.608578
2.606162
2.606967
2.606967
2.605356
2.609384
2.60455
2.610996
2.602133
2.609384
2.603745
2.609384
2.60455
2.608578
2.60455
2.61019
2.60455
2.606967
2.60455
2.606967
2.606162
2.606967
2.606967
2.606967
2.606967
2.605356
2.606967
2.606162
2.605356
2.606162
2.606162
2.606967
2.605356
2.607773
2.605356
2.607773
2.605356
2.608578
2.60455
2.609384
2.602939
2.609384
2.602939
2.611801
2.602939
2.610996
2.601327
2.610996
2.606162
2.606162
2.605356
2.606162
2.607773
2.603745
2.609384
2.602939
2.609384
2.603745
2.608578
2.602133
2.607773
2.602939
2.609384
2.603745
2.607773
2.603745
2.606162
2.603745
2.606162
2.605356
2.606967
2.606162
2.606162
2.606162
2.606162
2.605356
2.607773
2.605356
2.606162
2.606162
2.606162
2.606162
2.606967
2.606967
2.606967
2.605356
2.607773
2.60455
2.607773
2.605356
2.607773
2.602939
2.61019
2.602939
2.608578
2.602133
2.61019
2.602133
2.607773
2.603745
2.605356
2.606162
2.603745
2.61019
2.602939
2.609384
2.602133
2.609384
2.602939
2.607773
2.602939
2.606967
2.60455
2.607773
2.605356
2.607773
2.603745
2.606162
2.60455
2.60455
2.605356
2.605356
2.605356
2.606162
2.60455
2.60455
2.605356
2.605356
2.60455
2.605356
2.603745
2.606162
2.603745
2.606967
2.602939
2.606967
2.602133
2.607773
2.602939
2.606967
2.601327
2.607773
2.602133
2.607773
2.602133
2.607773
2.60455
2.606162
2.606162
2.602939
2.606967
2.601327
2.607773
2.601327
2.607773
2.602133
2.608578
2.602133
2.607773
2.602133
2.607773
2.602133
2.605356
2.602939
2.607773
2.60455
2.606162
2.602939
2.605356
2.60455
2.605356
2.60455
2.60455
2.60455
2.605356
2.605356
2.605356
2.602133
2.60455
2.60455
2.60455
2.605356
2.605356
2.60455
2.605356
2.602939
2.606967
2.602939
2.606162
2.602133
2.607773
2.602939
2.608578
2.601327
2.608578
2.600522
2.606967
2.601327
2.606967
2.602939
2.606162
2.60455
2.603745
2.606967
2.601327
2.607773
2.600522
2.608578
2.601327
2.606967
2.601327
2.607773
2.602939
2.606162
2.602939
2.606162
2.602939
2.60455
2.602133
2.603745
2.602939
2.60455
2.603745
2.60455
2.60455
2.603745
2.602939
2.60455
2.605356
2.603745
2.603745
2.60455
2.602133
2.606967
2.601327
2.606967
2.601327
2.607773
2.600522
2.606967
2.600522
2.606162
2.602133
2.60455
2.603745
2.602939
2.606162
2.601327
2.606967
2.599716
2.606967
2.601327
2.606967
2.602133
2.606967
2.602133
2.60455
2.602939
2.603745
2.602939
2.603745
2.603745
2.602939
2.603745
2.603745
2.603745
2.605356
2.603745
2.60455
2.602939
2.603745
2.601327
2.605356
2.602133
2.606162
2.601327
2.606162
2.600522
2.605356
2.599716
2.606967
2.59891
2.606162
2.600522
2.60455
2.603745
2.602939
2.605356
2.600522
2.607773
2.599716
2.606967
2.601327
2.606162
2.601327
2.60455
2.600522
2.605356
2.601327
2.60455
2.603745
2.602939
2.602133
2.602133
2.602939
2.603745
2.602939
2.603745
2.600522
2.602939
2.602133
2.603745
2.600522
2.605356
2.601327
2.606162
2.59891
2.607773
2.599716
2.606967
2.602133
2.603745
2.603745
2.601327
2.605356
2.598105
2.606162
2.599716
2.605356
2.601327
2.605356
2.600522
2.60455
2.602133
2.602939
2.602133
2.603745
2.602939
2.602939
2.602939
2.600522
2.602133
2.602133
2.601327
2.602939
2.602133
2.603745
2.601327
2.606162
2.600522
2.605356
2.598105
2.606162
2.59891
2.606162
2.59891
2.606162
2.600522
2.602939
2.603745
2.600522
2.60455
2.599716
2.606162
2.596493
2.606162
2.599716
2.60455
2.598105
2.60455
2.600522
2.603745
2.601327
2.603745
2.602133
2.602939
2.602939
2.602133
2.602133
2.601327
2.602939
2.602133
2.602939
2.602939
2.600522
2.603745
2.600522
2.603745
2.599716
2.60455
2.59891
2.605356
2.596493
2.605356
2.59891
2.60455
2.601327
2.601327
2.603745
2.599716
2.605356
2.597299
2.605356
2.59891
2.60455
2.599716
2.602939
2.601327
2.603745
2.602133
2.602939
2.600522
2.600522
2.601327
2.602939
2.601327
2.602939
2.600522
2.603745
2.59891
2.603745
2.598105
2.605356
2.597299
2.60455
2.599716
2.603745
2.600522
2.600522
2.60455
2.59891
2.605356
2.59891
2.603745
2.599716
2.602939
2.600522
2.602939
2.600522
2.600522
2.600522
2.601327
2.600522
2.601327
2.600522
2.601327
2.600522
2.602939
2.601327
2.603745
2.59891
2.605356
2.598105
2.605356
2.597299
2.602939
2.600522
2.601327
2.602939
2.599716
2.605356
2.598105
2.60455
2.59891
2.602939
2.59891
2.603745
2.600522
2.602133
2.601327
2.600522
2.602133
2.601327
2.601327
2.602133
2.601327
2.602133
2.600522
2.602939
2.59891
2.602133
2.59891
2.603745
2.597299
2.60455
2.598105
2.600522
2.602939
2.59891
2.60455
2.597299
2.60455
2.596493
2.603745
2.599716
2.602133
2.59891
2.600522
2.600522
2.601327
2.599716
2.600522
2.600522
2.601327
2.600522
2.601327
2.599716
2.601327
2.59891
2.603745
2.597299
2.602939
2.596493
2.60455
2.595688
2.603745
2.59891
2.601327
2.599716
2.599716
2.602133
2.597299
2.60455
2.596493
2.60455
2.598105
2.602939
2.59891
2.602133
2.596493
2.601327
2.598105
2.600522
2.599716
2.600522
2.600522
2.599716
2.599716
2.601327
2.59891
2.599716
2.59891
2.599716
2.59891
2.599716
2.599716
2.601327
2.598105
2.602133
2.597299
2.602133
2.596493
2.602939
2.596493
2.602939
2.594882
2.602939
2.596493
2.602939
2.59891
2.600522
2.601327
2.59891
2.602133
2.594882
2.60455
2.595688
2.603745
2.595688
2.602133
2.597299
2.601327
2.598105
2.601327
2.598105
2.601327
2.59891
2.599716
2.59891
2.599716
2.602133
2.59891
2.59891
2.599716
2.59891
2.598105
2.600522
2.599716
2.59891
2.59891
2.59891
2.600522
2.598105
2.599716
2.596493
2.602939
2.595688
2.601327
2.595688
2.602939
2.594882
2.603745
2.595688
2.602133
2.597299
2.598105
2.599716
2.596493
2.602133
2.594882
2.602939
2.594882
2.601327
2.596493
2.601327
2.597299
2.599716
2.598105
2.599716
2.598105
2.59891
2.59891
2.59891
2.599716
2.59891
2.600522
2.599716
2.59891
2.598105
2.59891
2.599716
2.596493
2.600522
2.594882
2.601327
2.595688
2.601327
2.594882
2.602133
2.595688
2.599716
2.59891
2.597299
2.602133
2.595688
2.601327
2.594882
2.601327
2.597299
2.600522
2.596493
2.59891
2.598105
2.59891
2.597299
2.597299
2.596493
2.59891
2.597299
2.598105
2.597299
2.59891
2.595688
2.600522
2.594882
2.602133
2.594882
2.602133
2.594882
2.597299
2.599716
2.594882
2.602133
2.594076
2.601327
2.594076
2.599716
2.597299
2.599716
2.597299
2.59891
2.598105
2.597299
2.59891
2.597299
2.59891
2.596493
2.596493
2.59891
2.594076
2.601327
2.595688
2.601327
2.593271
2.601327
2.594882
2.59891
2.59891
2.594882
2.601327
2.594882
2.602133
2.594882
2.600522
2.594882
2.598105
2.598105
2.59891
2.598105
2.596493
2.598105
2.597299
2.596493
2.59891
2.596493
2.598105
2.595688
2.59891
2.594076
2.601327
2.592465
2.601327
2.595688
2.597299
2.598105
2.595688
2.602133
2.594076
2.599716
2.594882
2.59891
2.594882
2.59891
2.596493
2.597299
2.596493
2.597299
2.598105
2.598105
2.595688
2.598105
2.598105
2.598105
2.593271
2.599716
2.593271
2.602133
2.593271
2.600522
2.594882
2.59891
2.598105
2.594882
2.600522
2.592465
2.59891
2.594076
2.598105
2.594882
2.598105
2.595688
2.596493
2.596493
2.595688
2.597299
2.595688
2.595688
2.596493
2.597299
2.598105
2.596493
2.598105
2.593271
2.599716
2.594076
2.599716
2.592465
2.59891
2.592465
2.599716
2.597299
2.596493
2.59891
2.593271
2.59891
2.593271
2.600522
2.594076
2.598105
2.594076
2.597299
2.595688
2.598105
2.595688
2.596493
2.595688
2.596493
2.596493
2.597299
2.595688
2.596493
2.594882
2.597299
2.594076
2.598105
2.594076
2.599716
2.591659
2.599716
2.592465
2.599716
2.594882
2.595688
2.598105
2.593271
2.599716
2.592465
2.59891
2.593271
2.599716
2.593271
2.598105
2.594882
2.595688
2.598105
2.596493
2.594882
2.594882
2.595688
2.596493
2.594076
2.595688
2.595688
2.598105
2.594076
2.598105
2.593271
2.599716
2.590854
2.599716
2.592465
2.597299
2.593271
2.595688
2.598105
2.590854
2.59891
2.594076
2.59891
2.594076
2.597299
2.593271
2.596493
2.595688
2.597299
2.594882
2.594882
2.595688
2.595688
2.594882
2.595688
2.593271
2.59891
2.593271
2.59891
2.590048
2.598105
2.593271
2.596493
2.595688
2.591659
2.599716
2.591659
2.59891
2.591659
2.598105
2.594076
2.595688
2.594076
2.595688
2.594076
2.595688
2.594882
2.595688
2.594882
2.594882
2.594882
2.594882
2.593271
2.597299
2.591659
2.597299
2.593271
2.59891
2.590854
2.59891
2.592465
2.596493
2.594882
2.593271
2.598105
2.590854
2.599716
2.592465
2.598105
2.593271
2.596493
2.592465
2.596493
2.595688
2.595688
2.594076
2.594076
2.595688
2.594882
2.594076
2.594882
2.594882
2.595688
2.594076
2.594882
2.594882
2.597299
2.590854
2.595688
2.592465
2.598105
2.591659
2.597299
2.591659
2.597299
2.592465
2.595688
2.594076
2.591659
2.596493
2.590048
2.598105
2.591659
2.598105
2.590048
2.597299
2.592465
2.596493
2.594882
2.594882
2.592465
2.594076
2.594076
2.594882
2.594076
2.594076
2.593271
2.593271
2.594076
2.594076
2.592465
2.595688
2.593271
2.594882
2.590854
2.597299
2.591659
2.598105
2.591659
2.598105
2.588437
2.598105
2.591659
2.595688
2.594882
2.592465
2.598105
2.590854
2.596493
2.589242
2.595688
2.590854
2.594882
2.590854
2.596493
2.592465
2.593271
2.594076
2.594882
2.592465
2.593271
2.594076
2.592465
2.592465
2.594076
2.593271
2.594076
2.591659
2.596493
2.590048
2.598105
2.590048
2.598105
2.589242
2.595688
2.591659
2.592465
2.594882
2.589242
2.596493
2.588437
2.596493
2.589242
2.594882
2.591659
2.594076
2.590048
2.593271
2.592465
2.593271
2.591659
2.592465
2.593271
2.593271
2.593271
2.593271
2.591659
2.594882
2.591659
2.594882
2.590048
2.596493
2.587631
2.596493
2.590048
2.594076
2.593271
2.590048
2.595688
2.589242
2.596493
2.588437
2.594076
2.590854
2.594076
2.592465
2.593271
2.592465
2.592465
2.591659
2.592465
2.590854
2.592465
2.592465
2.594076
2.590854
2.592465
2.591659
2.594076
2.588437
2.594076
2.589242
2.595688
2.588437
2.594882
2.590048
2.592465
2.592465
2.590854
2.595688
2.589242
2.595688
2.589242
2.594882
2.589242
2.594882
2.590048
2.594076
2.590854
2.593271
2.593271
2.591659
2.593271
2.591659
2.594076
2.591659
2.590854
2.592465
2.590854
2.594076
2.589242
2.593271
2.590048
2.594882
2.588437
2.594882
2.587631
2.595688
2.587631
2.594882
2.588437
2.594076
2.590048
2.592465
2.593271
2.589242
2.594882
2.588437
2.594882
2.587631
2.594882
2.590048
2.594882
2.589242
2.593271
2.589242
2.592465
2.591659
2.590854
2.591659
2.591659
2.593271
2.591659
2.592465
2.591659
2.591659
2.592465
2.590854
2.591659
2.590048
2.591659
2.590854
2.593271
2.590048
2.594076
2.588437
2.593271
2.588437
2.594882
2.587631
2.594076
2.586825
2.596493
2.589242
2.594882
2.588437
2.591659
2.592465
2.590048
2.591659
2.588437
2.593271
2.587631
2.594882
2.587631
2.595688
2.587631
2.593271
2.587631
2.591659
2.587631
2.592465
2.589242
2.593271
2.590854
2.592465
2.590854
2.592465
2.590048
2.591659
2.590854
2.590048
2.590854
2.588437
2.590048
2.591659
2.591659
2.592465
2.589242
2.591659
2.589242
2.593271
2.588437
2.594882
2.587631
2.594076
2.58602
2.598105
2.587631
2.593271
2.588437
2.590854
2.590048
2.589242
2.593271
2.586825
2.594882
2.587631
2.594076
2.587631
2.592465
2.588437
2.593271
2.587631
2.591659
2.589242
2.591659
2.590048
2.590048
2.590048
2.590048
2.590048
2.592465
2.590048
2.590048
2.590048
2.591659
2.590048
2.592465
2.589242
2.590048
2.588437
2.590854
2.588437
2.592465
2.588437
2.592465
2.588437
2.594076
2.58602
2.594076
2.58602
2.594076
2.586825
2.592465
2.589242
2.590854
2.590854
2.590048
2.591659
2.58602
2.593271
2.58602
2.592465
2.586825
2.593271
2.589242
2.590854
2.586825
2.591659
2.590048
2.590048
2.589242
2.589242
2.589242
2.589242
2.590854
2.590048
2.590854
2.590854
2.588437
2.590854
2.590048
2.590854
2.589242
2.590048
2.586825
2.591659
2.58602
2.592465
2.58602
2.593271
2.585214
2.592465
2.587631
2.590048
2.589242
2.588437
2.593271
2.585214
2.594076
2.58602
2.591659
2.586825
2.592465
2.587631
2.591659
2.588437
2.589242
2.588437
2.589242
2.590048
2.587631
2.589242
2.588437
2.590048
2.590048
2.588437
2.590048
2.587631
2.592465
2.58602
2.591659
2.58602
2.593271
2.58602
2.591659
2.586825
2.588437
2.588437
2.587631
2.591659
2.585214
2.591659
2.585214
2.593271
2.586825
2.591659
2.58602
2.590048
2.587631
2.588437
2.589242
2.588437
2.589242
2.590048
2.590048
2.587631
2.588437
2.587631
2.588437
2.587631
2.586825
2.587631
2.588437
2.588437
2.587631
2.589242
2.586825
2.592465
2.583603
2.592465
2.582797
2.592465
2.58602
2.590854
2.58602
2.588437
2.589242
2.58602
2.590048
2.585214
2.592465
2.584408
2.591659
2.58602
2.590854
2.585214
2.590048
2.586825
2.588437
2.587631
2.587631
2.588437
2.588437
2.589242
2.588437
2.588437
2.588437
2.586825
2.588437
2.588437
2.589242
2.586825
2.588437
2.58602
2.590854
2.585214
2.590854
2.582797
2.591659
2.584408
2.590854
2.585214
2.590048
2.587631
2.58602
2.590048
2.584408
2.590048
2.583603
2.590854
2.584408
2.589242
2.58602
2.589242
2.58602
2.588437
2.58602
2.587631
2.588437
2.587631
2.587631
2.587631
2.586825
2.588437
2.587631
2.586825
2.588437
2.587631
2.586825
2.588437
2.587631
2.590048
2.58602
2.590048
2.583603
2.590048
2.583603
2.590048
2.582797
2.590854
2.585214
2.589242
2.585214
2.586825
2.587631
2.585214
2.590854
2.584408
2.590048
2.582797
2.590854
2.583603
2.590048
2.585214
2.588437
2.58602
2.589242
2.585214
2.586825
2.58602
2.586825
2.58602
2.587631
2.587631
2.587631
2.586825
2.58602
2.586825
2.586825
2.587631
2.58602
2.58602
2.588437
2.585214
2.588437
2.585214
2.589242
2.583603
2.588437
2.583603
2.591659
2.582797
2.590048
2.583603
2.588437
2.582797
2.588437
2.58602
2.585214
2.590048
2.581991
2.589242
2.581991
2.590854
2.581991
2.588437
2.583603
2.587631
2.584408
2.586825
2.58602
2.587631
2.58602
2.58602
2.586825
2.58602
2.58602
2.587631
2.58602
2.58602
2.587631
2.58602
2.585214
2.58602
2.585214
2.587631
2.584408
2.588437
2.584408
2.590048
2.583603
2.589242
2.582797
2.590854
2.582797
2.589242
2.581186
2.588437
2.582797
2.588437
2.583603
2.58602
2.585214
2.584408
2.588437
2.585214
2.588437
2.585214
2.588437
2.581991
2.589242
2.581991
2.588437
2.583603
2.588437
2.582797
2.588437
2.583603
2.588437
2.583603
2.586825
2.584408
2.58602
2.583603
2.58602
2.583603
2.586825
2.585214
2.585214
2.584408
2.58602
2.585214
2.583603
2.58602
2.583603
2.585214
2.585214
2.58602
2.584408
2.585214
2.58602
2.585214
2.58602
2.58602
2.58602
2.583603
2.584408
2.585214
2.584408
2.583603
2.58602
2.584408
2.58602
2.583603
2.586825
2.583603
2.586825
2.582797
2.587631
2.582797
2.588437
2.581991
2.586825
2.581186
2.587631
2.581991
2.588437
2.581186
2.588437
2.58038
2.589242
2.581991
2.590048
2.582797
2.588437
2.581186
2.588437
2.579574
2.588437
2.581186
2.58602
2.582797
2.583603
2.584408
2.583603
2.586825
2.583603
2.587631
2.58038
2.587631
2.581186
2.586825
2.58038
2.588437
2.58038
2.58602
2.579574
2.585214
2.581991
2.58602
2.581186
2.58602
2.581991
2.585214
2.581991
2.585214
2.584408
2.583603
2.583603
2.585214
2.582797
2.582797
2.583603
2.585214
2.582797
2.585214
2.583603
2.583603
2.582797
2.583603
2.583603
2.583603
2.585214
2.583603
2.582797
2.584408
2.582797
2.584408
2.581991
2.584408
2.583603
2.583603
2.582797
2.585214
2.581186
2.582797
2.583603
2.583603
2.581991
2.582797
2.582797
2.58602
2.582797
2.584408
2.583603
2.584408
2.582797
2.585214
2.58038
2.585214
2.58038
2.586825
2.579574
2.585214
2.581186
2.586825
2.58038
2.585214
2.58038
2.58602
2.58038
2.58602
2.581186
2.585214
2.581991
2.585214
2.58038
2.58602
2.579574
2.58602
2.581186
2.58602
2.58038
2.58602
2.579574
2.585214
2.579574
2.585214
2.58038
2.585214
2.58038
2.585214
2.581186
2.586825
2.581186
2.585214
2.579574
2.584408
2.581186
2.584408
2.581991
2.583603
2.581186
2.584408
2.581186
2.583603
2.582797
2.583603
2.581991
2.583603
2.581186
2.582797
2.58038
2.582797
2.58038
2.582797
2.581186
2.583603
2.581186
2.582797
2.581991
2.584408
2.581186
2.582797
2.581991
2.582797
2.58038
2.582797
2.581186
2.582797
2.581186
2.584408
2.581186
2.582797
2.58038
2.583603
2.581991
2.582797
2.581186
2.582797
2.581186
2.583603
2.58038
2.581991
2.581186
2.581991
2.581186
2.583603
2.58038
2.581186
2.581991
2.581991
2.581991
2.582797
2.581991
2.581991
2.581186
2.581991
2.581186
2.581991
2.581186
2.582797
2.581991
2.581991
2.581186
2.581991
2.581991
2.581991
2.58038
2.581186
2.58038
2.579574
2.581186
2.581991
2.58038
2.581991
2.581186
2.581186
2.58038
2.581991
2.58038
2.581991
2.58038
2.581991
2.58038
2.58038
2.579574
2.581186
2.581186
2.581186
2.58038
2.579574
2.585214
2.581186
2.581186
2.579574
2.579574
2.581186
2.58038
2.58038
2.581186
2.581186
2.579574
2.581186
2.581186
2.58038
2.582797
2.581186
2.58038
2.581186
2.581186
2.581186
2.58038
2.58038
2.581186
2.58038
2.578768
2.581186
2.58038
2.579574
2.579574
2.581186
2.58038
2.581186
2.58038
2.58038
2.581186
2.58038
2.581186
2.58038
2.58038
2.58038
2.58038
2.58038
2.581186
2.581186
2.581186
2.58038
2.579574
2.579574
2.579574
2.581186
2.579574
2.579574
2.58038
2.581186
2.58038
2.579574
2.58038
2.58038
2.579574
2.578768
2.58038
2.578768
2.58038
2.579574
2.579574
2.58038
2.581186
2.58038
2.579574
2.58038
2.579574
2.579574
2.579574
2.58038
2.578768
2.58038
2.58038
2.579574
2.58038
2.579574
2.58038
2.58038
2.578768
2.579574
2.58038
2.579574
2.579574
2.58038
2.579574
2.579574
2.578768
2.577963
2.578768
2.578768
2.579574
2.58038
2.58038
2.58038
2.579574
2.58038
2.579574
2.58038
2.579574
2.579574
2.58038
2.578768
2.579574
2.579574
2.579574
2.579574
2.578768
2.577963
2.579574
2.58038
2.578768
2.58038
2.578768
2.578768
2.578768
2.579574
2.579574
2.578768
2.578768
2.579574
2.579574
2.578768
2.578768
2.579574
2.579574
2.578768
2.578768
2.579574
2.579574
2.578768
2.578768
2.579574
2.577157
2.579574
2.578768
2.578768
2.578768
2.578768
2.579574
2.579574
2.578768
2.578768
2.579574
2.577963
2.576351
2.578768
2.578768
2.577963
2.579574
2.578768
2.578768
2.578768
2.578768
2.58038
2.578768
2.578768
2.578768
2.579574
2.577963
2.578768
2.577157
2.578768
2.578768
2.579574
2.578768
2.578768
2.58038
2.578768
2.578768
2.578768
2.577157
2.577157
2.576351
2.577157
2.577963
2.578768
2.577963
2.576351
2.577963
2.579574
2.577157
2.576351
2.578768
2.578768
2.578768
2.578768
2.577157
2.577157
2.578768
2.578768
2.578768
2.577157
2.578768
2.578768
2.577157
2.579574
2.577157
2.577157
2.576351
2.578768
2.576351
2.579574
2.57474
2.578768
2.577157
2.578768
2.575546
2.58038
2.573935
2.579574
2.573935
2.58038
2.57474
2.581186
2.573129
2.581186
2.572323
2.58038
2.573129
2.581186
2.573129
2.579574
2.575546
2.577157
2.575546
2.576351
2.575546
2.576351
2.578768
2.573935
2.579574
2.573935
2.58038
2.573935
2.581186
2.572323
2.58038
2.573935
2.579574
2.57474
2.581186
2.576351
2.579574
2.573935
2.579574
2.573129
2.578768
2.57474
2.577157
2.576351
2.578768
2.577157
2.577157
2.576351
2.577157
2.577157
2.576351
2.577157
2.577157
2.577157
2.57474
2.577157
2.577157
2.577157
2.577157
2.575546
2.576351
2.576351
2.577157
2.576351
2.577157
2.575546
2.578768
2.576351
2.578768
2.573935
2.578768
2.57474
2.579574
2.573935
2.58038
2.572323
2.58038
2.573935
2.58038
2.573935
2.58038
2.572323
2.579574
2.573935
2.578768
2.57474
2.57474
2.576351
2.57474
2.577963
2.573935
2.579574
2.573129
2.579574
2.572323
2.579574
2.570712
2.58038
2.572323
2.579574
2.573129
2.579574
2.572323
2.578768
2.571517
2.578768
2.573129
2.577157
2.573935
2.576351
2.575546
2.577157
2.57474
2.575546
2.575546
2.575546
2.575546
2.576351
2.573935
2.575546
2.573935
2.576351
2.57474
2.575546
2.57474
2.575546
2.576351
2.575546
2.57474
2.57474
2.575546
2.57474
2.575546
2.57474
2.573935
2.575546
2.575546
2.575546
2.575546
2.575546
2.57474
2.577157
2.576351
2.57474
2.57474
2.57474
2.57474
2.576351
2.573935
2.575546
2.57474
2.576351
2.573129
2.576351
2.572323
2.576351
2.573129
2.576351
2.571517
2.578768
2.571517
2.577157
2.572323
2.576351
2.571517
2.577157
2.570712
2.578768
2.569906
2.579574
2.570712
2.58038
2.572323
2.578768
2.571517
2.579574
2.571517
2.578768
2.572323
2.579574
2.572323
2.576351
2.572323
2.575546
2.573935
2.57474
2.573129
2.575546
2.573935
2.573935
2.575546
2.571517
2.575546
2.571517
2.578768
2.571517
2.577157
2.570712
2.578768
2.568295
2.579574
2.570712
2.577157
2.5691
2.577157
2.570712
2.577157
2.571517
2.577157
2.572323
2.578768
2.571517
2.576351
2.571517
2.576351
2.572323
2.57474
2.572323
2.573935
2.573129
2.573935
2.573935
2.573129
2.573129
2.573935
2.573935
2.57474
2.573935
2.573935
2.572323
2.573935
2.573129
2.572323
2.573935
2.573129
2.573935
2.573935
2.572323
2.575546
2.572323
2.577157
2.569906
2.577157
2.570712
2.576351
2.569906
2.577157
2.5691
2.576351
2.5691
2.576351
2.5691
2.573935
2.571517
2.57474
2.573129
2.571517
2.575546
2.570712
2.57474
2.568295
2.577157
2.5691
2.577157
2.5691
2.578768
2.569906
2.575546
2.570712
2.576351
2.5691
2.57474
2.570712
2.575546
2.569906
2.57474
2.572323
2.571517
2.570712
2.573129
2.573129
2.573129
2.571517
2.573935
2.571517
2.572323
2.573129
2.573129
2.573935
2.573129
2.57474
2.572323
2.572323
2.573935
2.572323
2.573935
2.572323
2.573129
2.571517
2.57474
2.570712
2.57474
2.569906
2.575546
2.569906
2.573935
2.569906
2.576351
2.568295
2.575546
2.5691
2.576351
2.5691
2.576351
2.568295
2.573935
2.570712
2.570712
2.572323
2.570712
2.573935
2.5691
2.57474
2.5691
2.576351
2.568295
2.576351
2.567489
2.575546
2.568295
2.575546
2.568295
2.575546
2.5691
2.573935
2.569906
2.573935
2.570712
2.572323
2.570712
2.573129
2.572323
2.569906
2.571517
2.572323
2.572323
2.570712
2.572323
2.572323
2.569906
2.570712
2.570712
2.572323
2.570712
2.570712
2.569906
2.573129
2.5691
2.572323
2.569906
2.57474
2.568295
2.57474
2.5691
2.573935
2.567489
2.575546
2.567489
2.575546
2.568295
2.57474
2.570712
2.573129
2.571517
2.570712
2.571517
2.568295
2.573129
2.568295
2.57474
2.5691
2.576351
2.567489
2.576351
2.568295
2.573935
2.568295
2.573129
2.568295
2.573129
2.568295
2.569906
2.570712
2.573129
2.569906
2.570712
2.570712
2.570712
2.570712
2.570712
2.570712
2.570712
2.571517
2.570712
2.569906
2.570712
2.570712
2.570712
2.570712
2.569906
2.572323
2.572323
2.5691
2.573129
2.568295
2.573129
2.568295
2.573129
2.566683
2.573935
2.565878
2.573129
2.565878
2.573935
2.568295
2.572323
2.568295
2.570712
2.570712
2.568295
2.573129
2.566683
2.575546
2.566683
2.573935
2.566683
2.573935
2.565072
2.573129
2.5691
2.573129
2.568295
2.569906
2.568295
2.571517
2.570712
2.570712
2.568295
2.570712
2.569906
2.5691
2.569906
2.5691
2.568295
2.569906
2.570712
2.570712
2.568295
2.570712
2.5691
2.573129
2.568295
2.571517
2.567489
2.573129
2.566683
2.572323
2.566683
2.573935
2.566683
2.572323
2.567489
2.570712
2.5691
2.568295
2.570712
2.565072
2.573935
2.565878
2.572323
2.564266
2.573129
2.567489
2.572323
2.567489
2.5691
2.567489
2.5691
2.568295
2.569906
2.568295
2.570712
2.567489
2.5691
2.570712
2.568295
2.5691
2.568295
2.569906
2.568295
2.569906
2.5691
2.568295
2.5691
2.567489
2.569906
2.567489
2.571517
2.565878
2.571517
2.565878
2.573129
2.565072
2.572323
2.565072
2.572323
2.564266
2.571517
2.566683
2.572323
2.567489
2.568295
2.569906
2.567489
2.571517
2.565878
2.571517
2.565072
2.573129
2.564266
2.571517
2.562655
2.572323
2.565072
2.571517
2.565072
2.571517
2.564266
2.570712
2.565878
2.569906
2.566683
2.5691
2.568295
2.5691
2.568295
2.5691
2.567489
2.568295
2.568295
2.5691
2.567489
2.567489
2.568295
2.5691
2.567489
2.567489
2.5691
2.568295
2.568295
2.568295
2.567489
2.567489
2.565878
2.567489
2.566683
2.569906
2.565878
2.568295
2.565878
2.569906
2.567489
2.569906
2.565878
2.569906
2.565878
2.571517
2.565072
2.569906
2.564266
2.572323
2.564266
2.573129
2.564266
2.569906
2.561849
2.569906
2.562655
2.569906
2.565878
2.570712
2.564266
2.569906
2.565878
2.569906
2.566683
2.5691
2.566683
2.565878
2.568295
2.565878
2.569906
2.565072
2.570712
2.564266
2.569906
2.564266
2.571517
2.563461
2.572323
2.562655
2.571517
2.564266
2.571517
2.563461
2.569906
2.564266
2.569906
2.563461
2.569906
2.564266
2.569906
2.565072
2.568295
2.565878
2.568295
2.566683
2.568295
2.566683
2.567489
2.565878
2.567489
2.567489
2.566683
2.566683
2.567489
2.567489
2.566683
2.564266
2.565878
2.567489
2.567489
2.566683
2.566683
2.565878
2.566683
2.565878
2.567489
2.564266
2.568295
2.565072
2.5691
2.562655
2.5691
2.563461
2.5691
2.562655
2.569906
2.562655
2.571517
2.562655
2.569906
2.563461
2.567489
2.564266
2.565878
2.567489
2.564266
2.5691
2.563461
2.5691
2.561849
2.570712
2.561044
2.570712
2.562655
2.569906
2.563461
2.5691
2.563461
2.568295
2.562655
2.567489
2.564266
2.565878
2.564266
2.566683
2.565072
2.567489
2.565878
2.566683
2.565878
2.565072
2.565878
2.565878
2.566683
2.563461
2.565878
2.565072
2.565072
2.565878
2.564266
2.565878
2.564266
2.566683
2.564266
2.566683
2.565072
2.567489
2.561849
2.568295
2.563461
2.566683
2.561849
2.571517
2.562655
2.5691
2.561044
2.5691
2.560238
2.566683
2.561849
2.568295
2.563461
2.566683
2.565072
2.566683
2.567489
2.563461
2.568295
2.561849
2.567489
2.561044
2.567489
2.561849
2.569906
2.561044
2.5691
2.561849
2.5691
2.562655
2.567489
2.562655
2.565072
2.564266
2.565878
2.564266
2.565072
2.565878
2.565072
2.564266
2.564266
2.565072
2.565072
2.564266
2.565072
2.564266
2.565072
2.564266
2.564266
2.564266
2.565878
2.562655
2.565072
2.562655
2.565878
2.562655
2.565878
2.563461
2.566683
2.561044
2.5691
2.561849
2.566683
2.561849
2.5691
2.560238
2.567489
2.561849
2.566683
2.561849
2.565072
2.564266
2.562655
2.565072
2.561044
2.566683
2.560238
2.567489
2.559432
2.568295
2.559432
2.567489
2.558627
2.567489
2.561044
2.568295
2.561044
2.565878
2.562655
2.566683
2.563461
2.565878
2.561849
2.562655
2.564266
2.563461
2.562655
2.564266
2.563461
2.563461
2.562655
2.563461
2.564266
2.563461
2.563461
2.565072
2.562655
2.565072
2.564266
2.564266
2.563461
2.563461
2.562655
2.565878
2.561849
2.565878
2.561044
2.565072
2.560238
2.565878
2.560238
2.568295
2.559432
2.566683
2.561044
2.565072
2.561044
2.565072
2.562655
2.562655
2.564266
2.560238
2.565072
2.559432
2.566683
2.557821
2.567489
2.557821
2.567489
2.559432
2.565878
2.561044
2.565878
2.560238
2.565072
2.561849
2.565072
2.562655
2.563461
2.562655
2.562655
2.563461
2.561849
2.562655
2.562655
2.562655
2.562655
2.562655
2.561849
2.562655
2.563461
2.562655
2.561849
2.562655
2.562655
2.561044
2.565072
2.560238
2.565072
2.559432
2.565072
2.559432
2.566683
2.557821
2.564266
2.558627
2.565878
2.559432
2.564266
2.561044
2.561044
2.565072
2.559432
2.566683
2.557015
2.566683
2.557821
2.564266
2.558627
2.564266
2.558627
2.563461
2.560238
2.561849
2.560238
2.562655
2.561849
2.562655
2.561849
2.562655
2.562655
2.562655
2.562655
2.562655
2.560238
2.562655
2.561044
2.562655
2.560238
2.564266
2.558627
2.565072
2.557821
2.565072
2.557015
2.565878
2.559432
2.563461
2.560238
2.561044
2.565072
2.559432
2.565878
2.557015
2.565072
2.557015
2.565072
2.559432
2.564266
2.559432
2.562655
2.561044
2.562655
2.559432
2.561044
2.561849
2.561849
2.560238
2.561044
2.561044
2.561849
2.561044
2.559432
2.560238
2.561849
2.560238
2.564266
2.558627
2.562655
2.558627
2.562655
2.560238
2.564266
2.557821
2.564266
2.557015
2.564266
2.557015
2.563461
2.55621
2.561044
2.559432
2.561044
2.561849
2.557821
2.561044
2.558627
2.563461
2.55621
2.564266
2.555404
2.565072
2.557821
2.563461
2.557015
2.563461
2.557015
2.562655
2.557015
2.565072
2.558627
2.561849
2.561849
2.561044
2.561044
2.560238
2.560238
2.560238
2.560238
2.560238
2.561044
2.560238
2.559432
2.560238
2.561044
2.560238
2.561044
2.560238
2.560238
2.560238
2.559432
2.561044
2.559432
2.561849
2.557015
2.562655
2.55621
2.561849
2.557821
2.562655
2.55621
2.563461
2.55621
2.564266
2.55621
2.562655
2.555404
2.562655
2.558627
2.560238
2.559432
2.558627
2.561849
2.55621
2.561044
2.55621
2.563461
2.554598
2.562655
2.554598
2.563461
2.55621
2.562655
2.55621
2.561849
2.555404
2.561849
2.561044
2.560238
2.557821
2.561044
2.559432
2.559432
2.558627
2.560238
2.558627
2.557015
2.559432
2.559432
2.558627
2.559432
2.559432
2.559432
2.558627
2.559432
2.560238
2.558627
2.557821
2.559432
2.558627
2.559432
2.55621
2.561044
2.55621
2.561849
2.555404
2.561044
2.554598
2.562655
2.555404
2.562655
2.554598
2.562655
2.554598
2.560238
2.557821
2.557821
2.560238
2.55621
2.561044
2.552987
2.562655
2.554598
2.563461
2.552987
2.561849
2.555404
2.559432
2.557015
2.560238
2.55621
2.559432
2.557821
2.559432
2.557821
2.558627
2.558627
2.557015
2.557015
2.558627
2.55621
2.557821
2.557821
2.558627
2.557015
2.559432
2.557015
2.558627
2.554598
2.560238
2.555404
2.560238
2.552987
2.561044
2.554598
2.561849
2.554598
2.558627
2.557015
2.555404
2.560238
2.554598
2.561044
2.553792
2.561849
2.552987
2.561849
2.553792
2.560238
2.554598
2.561044
2.554598
2.559432
2.557015
2.557821
2.557821
2.557015
2.557015
2.557015
2.557015
2.557015
2.557015
2.557821
2.557821
2.557015
2.557015
2.558627
2.55621
2.557821
2.554598
2.557821
2.554598
2.559432
2.552987
2.559432
2.552987
2.561044
2.554598
2.560238
2.553792
2.557821
2.555404
2.55621
2.559432
2.554598
2.561044
2.552181
2.561044
2.552181
2.561849
2.552181
2.557821
2.552987
2.559432
2.553792
2.558627
2.554598
2.557015
2.555404
2.55621
2.55621
2.555404
2.55621
2.55621
2.557015
2.555404
2.557015
2.55621
2.555404
2.55621
2.55621
2.55621
2.555404
2.55621
2.554598
2.55621
2.554598
2.557821
2.555404
2.557821
2.554598
2.559432
2.555404
2.557015
2.554598
2.558627
2.552181
2.559432
2.552987
2.558627
2.551376
2.557821
2.551376
2.559432
2.551376
2.557015
2.552987
2.557821
2.554598
2.557015
2.555404
2.554598
2.557821
2.553792
2.558627
2.552181
2.559432
2.552987
2.560238
2.551376
2.559432
2.552181
2.560238
2.55057
2.557821
2.552181
2.559432
2.552181
2.559432
2.552181
2.557821
2.552987
2.557015
2.552987
2.557015
2.553792
2.55621
2.555404
2.554598
2.553792
2.554598
2.553792
2.555404
2.553792
2.553792
2.553792
2.555404
2.55621
2.554598
2.555404
2.555404
2.554598
2.552987
2.555404
2.55621
2.555404
2.555404
2.554598
2.555404
2.553792
2.553792
2.553792
2.55621
2.553792
2.55621
2.552987
2.55621
2.551376
2.557821
2.551376
2.557821
2.549764
2.557821
2.551376
2.557821
2.549764
2.558627
2.552181
2.557015
2.55057
2.55621
2.553792
2.555404
2.555404
2.554598
2.55621
2.551376
2.557015
2.549764
2.557015
2.549764
2.557821
2.551376
2.557015
2.551376
2.555404
2.551376
2.557821
2.55057
2.55621
2.552987
2.554598
2.552987
2.555404
2.552987
2.553792
2.553792
2.554598
2.554598
2.553792
2.553792
2.554598
2.553792
2.553792
2.553792
2.552987
2.553792
2.552987
2.552987
2.552987
2.554598
2.554598
2.552987
2.553792
2.552181
2.553792
2.553792
2.553792
2.552181
2.554598
2.552181
2.55621
2.551376
2.555404
2.552181
2.553792
2.551376
2.555404
2.55057
2.557015
2.551376
2.55621
2.55057
2.555404
2.55057
2.557015
2.551376
2.555404
2.549764
2.557015
2.548959
2.557821
2.549764
2.557015
2.55057
2.557015
2.548959
2.555404
2.549764
2.554598
2.55057
2.553792
2.552181
2.552987
2.553792
2.552181
2.553792
2.55057
2.555404
2.548959
2.555404
2.548959
2.55621
2.548153
2.557015
2.548959
2.55621
2.55057
2.555404
2.549764
2.555404
2.55057
2.553792
2.551376
2.553792
2.552181
2.552987
2.552987
2.551376
2.552987
2.551376
2.552987
2.552987
2.552181
2.552987
2.552181
2.551376
2.551376
2.552987
2.551376
2.552987
2.551376
2.553792
2.549764
2.553792
2.549764
2.555404
2.548959
2.555404
2.549764
2.55621
2.548153
2.557015
2.548959
2.553792
2.548959
2.552987
2.551376
2.552181
2.552987
2.551376
2.555404
2.547347
2.55621
2.548153
2.555404
2.548153
2.553792
2.548959
2.554598
2.549764
2.554598
2.548959
2.554598
2.548959
2.553792
2.55057
2.552987
2.55057
2.551376
2.551376
2.55057
2.551376
2.552181
2.552181
2.55057
2.55057
2.552181
2.551376
2.55057
2.552181
2.551376
2.552181
2.551376
2.549764
2.551376
2.55057
2.55057
2.549764
2.551376
2.55057
2.551376
2.549764
2.552987
2.548959
2.552987
2.547347
2.553792
2.548153
2.553792
2.548153
2.553792
2.548153
2.553792
2.548153
2.554598
2.546541
2.553792
2.547347
2.554598
2.548959
2.554598
2.548153
2.552181
2.547347
2.552181
2.549764
2.551376
2.552181
2.55057
2.551376
2.548959
2.552181
2.548153
2.551376
2.547347
2.553792
2.545736
2.553792
2.547347
2.554598
2.546541
2.554598
2.545736
2.553792
2.546541
2.553792
2.54493
2.554598
2.548153
2.553792
2.547347
2.552987
2.546541
2.552987
2.546541
2.554598
2.547347
2.552181
2.545736
2.551376
2.548153
2.552181
2.548959
2.551376
2.548959
2.55057
2.549764
2.55057
2.548153
2.549764
2.548959
2.55057
2.548959
2.55057
2.548959
2.55057
2.551376
2.549764
2.548959
2.549764
2.549764
2.548959
2.548959
2.548153
2.549764
2.549764
2.549764
2.55057
2.549764
2.548959
2.548959
2.548959
2.551376
2.548153
2.548153
2.549764
2.548153
2.549764
2.548153
2.549764
2.548153
2.551376
2.546541
2.551376
2.547347
2.551376
2.548153
2.552181
2.546541
2.552181
2.54493
2.551376
2.544124
2.552987
2.544124
2.55057
2.545736
2.551376
2.546541
2.551376
2.546541
2.549764
2.548153
2.548959
2.548153
2.548153
2.55057
2.547347
2.551376
2.545736
2.552181
2.544124
2.552987
2.544124
2.552181
2.544124
2.552987
2.543319
2.552181
2.546541
2.55057
2.546541
2.551376
2.546541
2.549764
2.546541
2.55057
2.548153
2.549764
2.547347
2.548959
2.547347
2.548959
2.547347
2.548959
2.548153
2.548153
2.548153
2.548153
2.547347
2.548153
2.548959
2.548153
2.547347
2.546541
2.547347
2.548959
2.546541
2.548153
2.547347
2.548153
2.544124
2.55057
2.54493
2.551376
2.543319
2.551376
2.542513
2.551376
2.543319
2.55057
2.545736
2.548959
2.547347
2.547347
2.548959
2.54493
2.551376
2.543319
2.552181
2.541708
2.55057
2.543319
2.55057
2.54493
2.549764
2.54493
2.549764
2.544124
2.549764
2.54493
2.548153
2.54493
2.548153
2.546541
2.548959
2.548153
2.546541
2.547347
2.546541
2.547347
2.546541
2.546541
2.546541
2.548153
2.547347
2.545736
2.547347
2.546541
2.545736
2.547347
2.548959
2.547347
2.548959
2.54493
2.547347
2.54493
2.547347
2.544124
2.548153
2.544124
2.549764
2.544124
2.548959
2.542513
2.548959
2.543319
2.549764
2.541708
2.55057
2.541708
2.55057
2.544124
2.549764
2.54493
2.549764
2.54493
2.548153
2.543319
2.546541
2.546541
2.546541
2.547347
2.543319
2.548959
2.542513
2.548959
2.542513
2.548959
2.541708
2.549764
2.540902
2.549764
2.541708
2.55057
2.540902
2.548153
2.544124
2.548959
2.542513
2.548959
2.542513
2.549764
2.542513
2.548153
2.541708
2.548153
2.543319
2.548959
2.543319
2.548153
2.543319
2.546541
2.543319
2.546541
2.544124
2.546541
2.544124
2.54493
2.54493
2.546541
2.544124
2.54493
2.543319
2.545736
2.54493
2.54493
2.54493
2.544124
2.544124
2.54493
2.54493
2.544124
2.54493
2.544124
2.544124
2.54493
2.545736
2.54493
2.54493
2.545736
2.54493
2.546541
2.54493
2.545736
2.54493
2.544124
2.544124
2.544124
2.543319
2.54493
2.543319
2.545736
2.544124
2.545736
2.54493
2.54493
2.544124
2.544124
2.54493
2.54493
2.544124
2.54493
2.542513
2.545736
2.544124
2.545736
2.544124
2.545736
2.543319
2.545736
2.544124
2.54493
2.544124
2.546541
2.544124
2.54493
2.542513
2.54493
2.542513
2.54493
2.542513
2.54493
2.541708
2.545736
2.542513
2.545736
2.541708
2.546541
2.542513
2.544124
2.541708
2.545736
2.542513
2.545736
2.541708
2.545736
2.541708
2.545736
2.541708
2.546541
2.540902
2.54493
2.541708
2.545736
2.540902
2.546541
2.541708
2.54493
2.541708
2.546541
2.540902
2.546541
2.540902
2.545736
2.53929
2.546541
2.540096
2.54493
2.540096
2.546541
2.540096
2.546541
2.538485
2.545736
2.53929
2.546541
2.538485
2.54493
2.53929
2.54493
2.540096
2.546541
2.540902
2.548153
2.53929
2.546541
2.538485
2.547347
2.538485
2.546541
2.538485
2.54493
2.540096
2.545736
2.538485
2.547347
2.537679
2.547347
2.53929
2.546541
2.540096
2.546541
2.538485
2.546541
2.538485
2.546541
2.53929
2.545736
2.537679
2.545736
2.538485
2.546541
2.537679
2.54493
2.538485
2.545736
2.538485
2.544124
2.536873
2.54493
2.537679
2.545736
2.53929
2.545736
2.53929
2.545736
2.53929
2.54493
2.538485
2.54493
2.53929
2.54493
2.538485
2.54493
2.53929
2.544124
2.538485
2.543319
2.537679
2.541708
2.538485
2.542513
2.53929
2.544124
2.53929
2.543319
2.540096
2.543319
2.53929
2.543319
2.540096
2.542513
2.540096
2.541708
2.53929
2.542513
2.540096
2.541708
2.53929
2.540902
2.540096
2.541708
2.53929
2.541708
2.541708
2.542513
2.540902
2.542513
2.540902
2.540902
2.541708
2.540902
2.540096
2.541708
2.540902
2.540902
2.540902
2.540902
2.540902
2.540902
2.540902
2.540096
2.540902
2.53929
2.540902
2.53929
2.540096
2.540902
2.540096
2.540902
2.53929
2.540096
2.540902
2.540096
2.540902
2.540096
2.540096
2.53929
2.540096
2.53929
2.540902
2.540902
2.53929
2.540096
2.540902
2.540902
2.540096
2.540096
2.53929
2.540096
2.540096
2.540096
2.53929
2.541708
2.540096
2.53929
2.540096
2.540902
2.540096
2.540902
2.540096
2.541708
2.538485
2.540096
2.53929
2.53929
2.538485
2.540902
2.538485
2.53929
2.540096
2.540902
2.53929
2.540902
2.537679
2.540096
2.53929
2.540902
2.538485
2.540096
2.538485
2.540902
2.538485
2.540096
2.538485
2.53929
2.538485
2.540096
2.538485
2.540096
2.538485
2.540902
2.538485
2.53929
2.538485
2.53929
2.537679
2.540902
2.53929
2.537679
2.538485
2.540096
2.537679
2.540096
2.538485
2.53929
2.538485
2.536873
2.540096
2.540096
2.53929
2.538485
2.538485
2.538485
2.538485
2.540096
2.538485
2.538485
2.537679
2.540096
2.538485
2.540096
2.53929
2.538485
2.538485
2.538485
2.538485
2.53929
2.537679
2.537679
2.538485
2.538485
2.538485
2.538485
2.53929
2.538485
2.538485
2.538485
2.536873
2.53929
2.537679
2.53929
2.536873
2.538485
2.537679
2.537679
2.538485
2.538485
2.538485
2.537679
2.536873
2.537679
2.537679
2.536873
2.536873
2.537679
2.537679
2.537679
2.537679
2.537679
2.538485
2.536873
2.537679
2.537679
2.536873
2.536873
2.536873
2.536873
2.537679
2.536873
2.536873
2.538485
2.538485
2.537679
2.537679
2.537679
2.537679
2.538485
2.537679
2.538485
2.537679
2.536873
2.536873
2.536873
2.536068
2.537679
2.537679
2.536873
2.536873
2.536873
2.536873
2.538485
2.536068
2.536873
2.536068
2.536068
2.536873
2.536873
2.536873
2.536068
2.537679
2.537679
2.537679
2.536873
2.536873
2.536873
2.535262
2.536068
2.536873
2.536873
2.536068
2.536873
2.537679
2.537679
2.536068
2.536873
2.536873
2.535262
2.536873
2.536068
2.536068
2.536873
2.536873
2.536873
2.536873
2.536068
2.536068
2.535262
2.536873
2.536068
2.537679
2.535262
2.536873
2.537679
2.535262
2.536068
2.535262
2.536873
2.536873
2.535262
2.536873
2.535262
2.536068
2.536873
2.536873
2.536873
2.536873
2.535262
2.536873
2.536873
2.536068
2.536068
2.536068
2.535262
2.536873
2.535262
2.536068
2.534456
2.535262
2.535262
2.535262
2.535262
2.533651
2.534456
2.535262
2.536068
2.535262
2.535262
2.535262
2.535262
2.536068
2.536873
2.536068
2.536068
2.535262
2.535262
2.535262
2.534456
2.536068
2.535262
2.536068
2.533651
2.535262
2.535262
2.534456
2.534456
2.535262
2.534456
2.535262
2.535262
2.536873
2.535262
2.534456
2.534456
2.534456
2.533651
2.534456
2.534456
2.535262
2.534456
2.534456
2.534456
2.536068
2.533651
2.533651
2.536068
2.531234
2.534456
2.534456
2.535262
2.534456
2.535262
2.533651
2.533651
2.534456
2.534456
2.533651
2.533651
2.533651
2.535262
2.532845
2.534456
2.533651
2.535262
2.532039
2.536068
2.532845
2.536068
2.532845
2.537679
2.533651
2.536873
2.530428
2.537679
2.531234
2.536873
2.530428
2.535262
2.530428
2.536068
2.531234
2.537679
2.529622
2.536873
2.530428
2.536873
2.530428
2.537679
2.529622
2.536873
2.528011
2.537679
2.528817
2.538485
2.529622
2.536068
2.529622
2.538485
2.530428
2.536873
2.528011
2.537679
2.529622
2.536873
2.528011
2.536873
2.530428
2.536873
2.528817
2.536873
2.530428
2.536068
2.530428
2.535262
2.528817
2.536068
2.530428
2.536873
2.529622
2.536873
2.530428
2.535262
2.530428
2.534456
2.528817
2.535262
2.530428
2.533651
2.532039
2.534456
2.532845
2.533651
2.531234
2.532845
2.532845
2.533651
2.532845
2.532845
2.532845
2.532845
2.533651
2.531234
2.534456
2.532039
2.532039
2.531234
2.534456
2.530428
2.534456
2.529622
2.535262
2.528011
2.534456
2.527205
2.535262
2.527205
2.536873
2.529622
2.536068
2.528817
2.536068
2.528011
2.536068
2.528817
2.535262
2.528817
2.534456
2.528817
2.534456
2.528011
2.534456
2.528817
2.535262
2.528817
2.533651
2.528817
2.533651
2.530428
2.532845
2.530428
2.533651
2.530428
2.533651
2.528817
2.533651
2.530428
2.532039
2.529622
2.531234
2.530428
2.531234
2.529622
2.530428
2.532039
2.531234
2.530428
2.529622
2.529622
2.530428
2.530428
2.532039
2.530428
2.532039
2.531234
2.530428
2.530428
2.531234
2.531234
2.532039
2.530428
2.529622
2.530428
2.531234
2.530428
2.530428
2.532039
2.529622
2.531234
2.529622
2.530428
2.530428
2.530428
2.529622
2.529622
2.530428
2.530428
2.529622
2.530428
2.531234
2.530428
2.528817
2.531234
2.529622
2.530428
2.529622
2.530428
2.529622
2.529622
2.528817
2.531234
2.529622
2.530428
2.532039
2.528817
2.530428
2.530428
2.528817
2.530428
2.529622
2.529622
2.529622
2.528817
2.528817
2.530428
2.529622
2.529622
2.528817
2.528817
2.529622
2.530428
2.529622
2.529622
2.529622
2.528011
2.528817
2.530428
2.528817
2.529622
2.528817
2.528817
2.528817
2.529622
2.528817
2.529622
2.529622
2.529622
2.529622
2.529622
2.529622
2.530428
2.528817
2.528817
2.529622
2.528817
2.528817
2.5264
2.529622
2.529622
2.528817
2.528011
2.528817
2.528817
2.528817
2.528817
2.528011
2.528817
2.529622
2.528011
2.528817
2.528817
2.530428
2.527205
2.528011
2.529622
2.528011
2.528011
2.528817
2.528011
2.529622
2.528817
2.529622
2.528011
2.528817
2.529622
2.528817
2.527205
2.528011
2.527205
2.528817
2.528011
2.528011
2.528817
2.528011
2.528817
2.528817
2.528011
2.528011
2.528011
2.528011
2.528817
2.528011
2.528011
2.527205
2.527205
2.527205
2.528011
2.527205
2.527205
2.527205
2.5264
2.528011
2.527205
2.527205
2.528011
2.529622
2.527205
2.528011
2.527205
2.527205
2.528011
2.527205
2.5264
2.527205
2.527205
2.528011
2.5264
2.528011
2.527205
2.528011
2.527205
2.527205
2.527205
2.527205
2.527205
2.528817
2.525594
2.528011
2.527205
2.529622
2.525594
2.529622
2.525594
2.528817
2.525594
2.528817
2.525594
2.528817
2.525594
2.528817
2.524788
2.528817
2.524788
2.528011
2.524788
2.528817
2.524788
2.528817
2.524788
2.528011
2.523983
2.528817
2.524788
2.528011
2.524788
2.528011
2.523177
2.530428
2.523983
2.529622
2.524788
2.528817
2.523177
2.528817
2.523983
2.528817
2.523983
2.528817
2.523177
2.528817
2.523177
2.528817
2.523177
2.528011
2.523177
2.528817
2.523983
2.528817
2.522371
2.528817
2.52076
2.529622
2.521565
2.529622
2.522371
2.529622
2.522371
2.528817
2.522371
2.530428
2.521565
2.528011
2.522371
2.528011
2.521565
2.529622
2.523177
2.528011
2.523177
2.528011
2.523177
2.528817
2.523177
2.528011
2.524788
2.528011
2.523983
2.525594
2.523983
2.524788
2.524788
2.524788
2.525594
2.524788
2.525594
2.523983
2.524788
2.523983
2.5264
2.523177
2.528011
2.523983
2.527205
2.522371
2.528011
2.521565
2.528817
2.521565
2.528817
2.521565
2.529622
2.52076
2.528011
2.521565
2.528011
2.519149
2.528011
2.521565
2.529622
2.519954
2.528817
2.519954
2.530428
2.519954
2.528011
2.521565
2.528817
2.521565
2.528817
2.52076
2.531234
2.519149
2.527205
2.519954
2.528817
2.518343
2.530428
2.52076
2.527205
2.519954
2.528011
2.519149
2.528011
2.52076
2.528011
2.519149
2.527205
2.52076
2.528011
2.521565
2.528011
2.52076
2.527205
2.52076
2.528011
2.519954
2.527205
2.519954
2.528011
2.519149
2.529622
2.519149
2.527205
2.518343
2.527205
2.518343
2.527205
2.519149
2.528011
2.518343
2.527205
2.519954
2.528817
2.518343
2.527205
2.518343
2.5264
2.519954
2.525594
2.519149
2.528011
2.519954
2.5264
2.52076
2.525594
2.519954
2.525594
2.52076
2.523177
2.521565
2.523983
2.523983
2.523983
2.523983
2.521565
2.524788
2.52076
2.525594
2.52076
2.525594
2.52076
2.527205
2.518343
2.5264
2.518343
2.527205
2.517537
2.527205
2.519149
2.525594
2.517537
2.527205
2.518343
2.525594
2.519149
2.5264
2.519954
2.5264
2.519149
2.523983
2.518343
2.524788
2.518343
2.522371
2.518343
2.523177
2.519954
2.524788
2.519954
2.523177
2.519149
2.523177
2.52076
2.522371
2.52076
2.523177
2.522371
2.522371
2.519954
2.523983
2.52076
2.523177
2.519149
2.523177
2.519954
2.523177
2.52076
2.523177
2.52076
2.523983
2.519954
2.523177
2.519954
2.523177
2.519954
2.522371
2.518343
2.521565
2.519149
2.522371
2.52076
2.522371
2.519954
2.523177
2.519149
2.521565
2.519149
2.522371
2.519149
2.523177
2.52076
2.522371
2.518343
2.523177
2.519954
2.519954
2.52076
2.521565
2.519149
2.522371
2.52076
2.521565
2.519149
2.521565
2.519149
2.521565
2.521565
2.52076
2.519149
2.52076
2.519954
2.519954
2.519954
2.519954
2.52076
2.52076
2.518343
2.519149
2.52076
2.52076
2.519149
2.519149
2.519149
2.519149
2.52076
2.52076
2.52076
2.519954
2.52076
2.52076
2.52076
2.521565
2.519954
2.519954
2.519954
2.521565
2.519149
2.519954
2.518343
2.519954
2.52076
2.521565
2.52076
2.519954
2.519149
2.52076
2.518343
2.52076
2.519954
2.517537
2.519954
2.519149
2.518343
2.52076
2.519149
2.519149
2.519149
2.518343
2.519954
2.519149
2.519149
2.519954
2.519149
2.518343
2.518343
2.518343
2.518343
2.518343
2.519954
2.518343
2.519149
2.519149
2.518343
2.516732
2.519149
2.519149
2.517537
2.518343
2.518343
2.519149
2.518343
2.518343
2.519149
2.518343
2.519149
2.517537
2.518343
2.518343
2.518343
2.518343
2.517537
2.518343
2.518343
2.517537
2.517537
2.519149
2.519149
2.519149
2.517537
2.519149
2.517537
2.517537
2.518343
2.516732
2.515926
2.518343
2.515926
2.518343
2.517537
2.518343
2.517537
2.519149
2.516732
2.519149
2.516732
2.517537
2.515926
2.519954
2.517537
2.519149
2.515926
2.518343
2.515926
2.517537
2.515926
2.518343
2.516732
2.518343
2.514314
2.52076
2.516732
2.519149
2.51512
2.517537
2.515926
2.519954
2.515926
2.517537
2.516732
2.517537
2.515926
2.518343
2.515926
2.519149
2.515926
2.515926
2.516732
2.517537
2.51512
2.519149
2.515926
2.518343
2.516732
2.517537
2.51512
2.517537
2.517537
2.515926
2.515926
2.517537
2.515926
2.517537
2.515926
2.518343
2.516732
2.517537
2.515926
2.516732
2.515926
2.515926
2.515926
2.515926
2.51512
2.516732
2.515926
2.51512
2.51512
2.516732
2.514314
2.515926
2.515926
2.515926
2.515926
2.516732
2.516732
2.515926
2.515926
2.515926
2.51512
2.51512
2.514314
2.515926
2.515926
2.516732
2.514314
2.515926
2.51512
2.518343
2.514314
2.516732
2.513509
2.518343
2.512703
2.517537
2.513509
2.518343
2.511897
2.518343
2.512703
2.519149
2.511092
2.519149
2.510286
2.519149
2.510286
2.518343
2.511897
2.517537
2.512703
2.516732
2.512703
2.51512
2.514314
2.514314
2.51512
2.513509
2.516732
2.511897
2.517537
2.511092
2.517537
2.508675
2.518343
2.510286
2.519954
2.50948
2.519149
2.511092
2.516732
2.510286
2.517537
2.511897
2.516732
2.511897
2.51512
2.511897
2.515926
2.511897
2.516732
2.512703
2.516732
2.512703
2.515926
2.512703
2.51512
2.514314
2.51512
2.513509
2.514314
2.513509
2.514314
2.514314
2.514314
2.513509
2.512703
2.513509
2.51512
2.514314
2.514314
2.513509
2.513509
2.514314
2.513509
2.514314
2.512703
2.513509
2.51512
2.514314
2.514314
2.513509
2.513509
2.513509
2.513509
2.512703
2.512703
2.513509
2.514314
2.514314
2.514314
2.513509
2.513509
2.512703
2.513509
2.512703
2.513509
2.512703
2.511897
2.511897
2.512703
2.512703
2.514314
2.512703
2.514314
2.511897
2.51512
2.511897
2.514314
2.510286
2.514314
2.511897
2.514314
2.510286
2.514314
2.511092
2.511897
2.511897
2.512703
2.511092
2.513509
2.511092
2.513509
2.508675
2.513509
2.511897
2.514314
2.510286
2.511897
2.511897
2.513509
2.511092
2.513509
2.511897
2.511897
2.512703
2.511092
2.511092
2.511897
2.511897
2.511897
2.511092
2.512703
2.510286
2.511092
2.511092
2.512703
2.511092
2.512703
2.511092
2.511092
2.511897
2.511092
2.511897
2.511092
2.511092
2.511092
2.511092
2.511897
2.511092
2.511092
2.511897
2.511092
2.511092
2.510286
2.511897
2.511897
2.50948
2.510286
2.510286
2.511092
2.511092
2.511897
2.510286
2.511092
2.511092
2.511092
2.511897
2.510286
2.510286
2.511092
2.510286
2.511092
2.510286
2.511092
2.511092
2.511092
2.50948
2.50948
2.510286
2.511092
2.50948
2.510286
2.510286
2.511092
2.50948
2.510286
2.510286
2.510286
2.50948
2.50948
2.508675
2.510286
2.508675
2.510286
2.511092
2.511897
2.50948
2.511092
2.510286
2.510286
2.508675
2.50948
2.508675
2.50948
2.50948
2.510286
2.508675
2.508675
2.507869
2.511092
2.50948
2.510286
2.508675
2.511092
2.506258
2.511092
2.507063
2.510286
2.506258
2.511897
2.506258
2.511897
2.505452
2.514314
2.505452
2.512703
2.506258
2.511897
2.506258
2.50948
2.50948
2.508675
2.511092
2.507869
2.511897
2.504646
2.511897
2.503841
2.513509
2.503841
2.512703
2.506258
2.511092
2.505452
2.511092
2.507063
2.510286
2.506258
2.511092
2.507869
2.50948
2.507063
2.508675
2.508675
2.508675
2.508675
2.507869
2.507869
2.50948
2.507063
2.506258
2.507869
2.508675
2.507869
2.507869
2.507869
2.507869
2.507869
2.508675
2.506258
2.508675
2.506258
2.50948
2.505452
2.50948
2.506258
2.50948
2.506258
2.50948
2.505452
2.510286
2.504646
2.510286
2.505452
2.50948
2.503841
2.511897
2.503035
2.511897
2.503035
2.510286
2.504646
2.50948
2.504646
2.507063
2.506258
2.507869
2.511092
2.504646
2.508675
2.504646
2.510286
2.503035
2.511092
2.503035
2.511897
2.500618
2.511897
2.503035
2.510286
2.503035
2.50948
2.503035
2.50948
2.503841
2.50948
2.503035
2.507869
2.504646
2.507063
2.505452
2.507063
2.505452
2.507063
2.505452
2.506258
2.504646
2.505452
2.506258
2.504646
2.505452
2.505452
2.505452
2.505452
2.507063
2.507063
2.505452
2.507869
2.504646
2.507063
2.503841
2.507063
2.503035
2.507869
2.503035
2.507869
2.501424
2.50948
2.501424
2.510286
2.501424
2.50948
2.502229
2.507063
2.503841
2.504646
2.507063
2.502229
2.50948
2.500618
2.50948
2.500618
2.50948
2.501424
2.507869
2.502229
2.506258
2.501424
2.507063
2.503035
2.505452
2.503035
2.505452
2.503841
2.504646
2.505452
2.504646
2.504646
2.505452
2.504646
2.504646
2.504646
2.503841
2.504646
2.503841
2.504646
2.503841
2.503035
2.504646
2.503841
2.506258
2.503035
2.506258
2.503035
2.505452
2.501424
2.508675
2.502229
2.507869
2.500618
2.507869
2.499812
2.507869
2.500618
2.507063
2.501424
2.505452
2.503035
2.503841
2.505452
2.502229
2.508675
2.500618
2.507063
2.499007
2.507869
2.499812
2.507063
2.499812
2.507063
2.499812
2.505452
2.501424
2.506258
2.500618
2.504646
2.501424
2.504646
2.502229
2.503841
2.503035
2.503035
2.503035
2.503035
2.502229
2.503841
2.502229
2.502229
2.503035
2.503035
2.503035
2.502229
2.503035
2.503035
2.502229
2.504646
2.501424
2.504646
2.500618
2.504646
2.499812
2.505452
2.499812
2.506258
2.497395
2.506258
2.499812
2.504646
2.499812
2.501424
2.503841
2.499007
2.506258
2.498201
2.506258
2.498201
2.505452
2.499812
2.504646
2.499007
2.503841
2.499812
2.503035
2.501424
2.502229
2.500618
2.503035
2.500618
2.500618
2.502229
2.501424
2.501424
2.502229
2.501424
2.502229
2.501424
2.502229
2.500618
2.502229
2.500618
2.503841
2.498201
2.503035
2.499007
2.503035
2.498201
2.504646
2.498201
2.503841
2.498201
2.503035
2.499812
2.501424
2.499812
2.499812
2.503841
2.498201
2.503841
2.495784
2.504646
2.496589
2.504646
2.496589
2.503841
2.498201
2.502229
2.496589
2.502229
2.499007
2.502229
2.500618
2.499812
2.500618
2.501424
2.499812
2.501424
2.501424
2.500618
2.500618
2.500618
2.499812
2.500618
2.500618
2.500618
2.498201
2.501424
2.497395
2.500618
2.498201
2.501424
2.498201
2.501424
2.496589
2.500618
2.498201
2.503841
2.497395
2.503841
2.495784
2.503035
2.495784
2.502229
2.496589
2.501424
2.499007
2.499007
2.502229
2.498201
2.503035
2.497395
2.503841
2.495784
2.504646
2.495784
2.503035
2.495784
2.503035
2.497395
2.501424
2.497395
2.501424
2.498201
2.500618
2.497395
2.500618
2.497395
2.497395
2.499007
2.499007
2.498201
2.499007
2.499007
2.498201
2.497395
2.498201
2.498201
2.498201
2.499007
2.499007
2.497395
2.500618
2.497395
2.499812
2.497395
2.499812
2.496589
2.500618
2.494978
2.501424
2.494978
2.501424
2.494978
2.502229
2.494978
2.502229
2.495784
2.499812
2.495784
2.497395
2.500618
2.495784
2.500618
2.494978
2.503035
2.495784
2.501424
2.494173
2.500618
2.495784
2.501424
2.494978
2.499007
2.495784
2.498201
2.497395
2.497395
2.497395
2.497395
2.498201
2.496589
2.496589
2.497395
2.499007
2.496589
2.497395
2.497395
2.497395
2.499007
2.496589
2.498201
2.494173
2.500618
2.492561
2.499812
2.492561
2.501424
2.493367
2.500618
2.494173
2.499007
2.498201
2.495784
2.499812
2.492561
2.500618
2.492561
2.501424
2.493367
2.499007
2.492561
2.499007
2.494173
2.499007
2.493367
2.498201
2.495784
2.496589
2.495784
2.496589
2.495784
2.496589
2.495784
2.494173
2.496589
2.495784
2.496589
2.495784
2.495784
2.495784
2.496589
2.497395
2.494978
2.497395
2.493367
2.498201
2.493367
2.499007
2.491755
2.499812
2.491755
2.499007
2.493367
2.497395
2.495784
2.495784
2.498201
2.492561
2.499007
2.49095
2.499007
2.49095
2.499007
2.49095
2.496589
2.491755
2.496589
2.492561
2.496589
2.494173
2.498201
2.494978
2.494978
2.495784
2.495784
2.495784
2.495784
2.494978
2.494173
2.494978
2.493367
2.494978
2.494978
2.494173
2.494978
2.492561
2.494978
2.492561
2.497395
2.491755
2.497395
2.491755
2.497395
2.489338
2.498201
2.490144
2.499007
2.490144
2.497395
2.492561
2.494173
2.494173
2.492561
2.497395
2.49095
2.496589
2.490144
2.498201
2.488533
2.498201
2.490144
2.495784
2.490144
2.496589
2.489338
2.496589
2.49095
2.494978
2.491755
2.493367
2.491755
2.492561
2.494173
2.493367
2.492561
2.491755
2.492561
2.493367
2.491755
2.493367
2.491755
2.493367
2.493367
2.492561
2.492561
2.491755
2.492561
2.493367
2.492561
2.493367
2.491755
2.494978
2.491755
2.494978
2.49095
2.494978
2.488533
2.494978
2.489338
2.493367
2.489338
2.495784
2.488533
2.494978
2.486921
2.494978
2.486921
2.494978
2.489338
2.492561
2.491755
2.49095
2.493367
2.489338
2.495784
2.488533
2.496589
2.486921
2.496589
2.487727
2.494978
2.488533
2.494173
2.489338
2.494978
2.489338
2.493367
2.49095
2.493367
2.489338
2.491755
2.490144
2.491755
2.49095
2.49095
2.491755
2.49095
2.492561
2.49095
2.490144
2.488533
2.490144
2.490144
2.490144
2.49095
2.49095
2.49095
2.490144
2.490144
2.489338
2.491755
2.488533
2.493367
2.488533
2.493367
2.486921
2.492561
2.486921
2.494978
2.486116
2.494978
2.48531
2.494173
2.487727
2.491755
2.488533
2.49095
2.490144
2.489338
2.491755
2.486116
2.492561
2.486116
2.493367
2.486116
2.494173
2.486921
2.493367
2.48531
2.493367
2.486921
2.492561
2.486921
2.492561
2.48531
2.491755
2.487727
2.49095
2.488533
2.49095
2.487727
2.490144
2.488533
2.489338
2.489338
2.488533
2.489338
2.489338
2.490144
2.489338
2.489338
2.488533
2.489338
2.489338
2.490144
2.488533
2.486921
2.488533
2.488533
2.490144
2.486921
2.49095
2.486921
2.49095
2.487727
2.492561
2.48531
2.491755
2.484504
2.491755
2.484504
2.491755
2.484504
2.491755
2.48531
2.491755
2.48531
2.49095
2.488533
2.488533
2.489338
2.487727
2.49095
2.48531
2.491755
2.484504
2.493367
2.482087
2.491755
2.482893
2.489338
2.483699
2.489338
2.484504
2.49095
2.48531
2.488533
2.48531
2.489338
2.486921
2.488533
2.486921
2.487727
2.486921
2.487727
2.487727
2.487727
2.488533
2.486921
2.486116
2.486921
2.486921
2.487727
2.486116
2.486116
2.486921
2.487727
2.486116
2.488533
2.484504
2.487727
2.484504
2.488533
2.48531
2.490144
2.482893
2.488533
2.483699
2.49095
2.482893
2.49095
2.482087
2.489338
2.482893
2.488533
2.484504
2.487727
2.486116
2.486116
2.486116
2.483699
2.488533
2.483699
2.490144
2.482087
2.49095
2.482087
2.491755
2.482087
2.488533
2.482893
2.488533
2.481282
2.488533
2.483699
2.486921
2.483699
2.486921
2.483699
2.486116
2.484504
2.48531
2.484504
2.484504
2.48531
2.486116
2.48531
2.48531
2.483699
2.486116
2.48531
2.486116
2.484504
2.48531
2.484504
2.486116
2.486116
2.486116
2.48531
2.486116
2.484504
2.486116
2.482893
2.486116
2.483699
2.488533
2.482893
2.486921
2.481282
2.486921
2.481282
2.487727
2.481282
2.489338
2.482087
2.486921
2.47967
2.488533
2.47967
2.487727
2.47967
2.487727
2.480476
2.486921
2.480476
2.486921
2.482087
2.486116
2.482087
2.48531
2.482087
2.483699
2.483699
2.484504
2.484504
2.483699
2.48531
2.482087
2.486116
2.480476
2.487727
2.481282
2.488533
2.47967
2.487727
2.478059
2.488533
2.478059
2.486921
2.478865
2.486921
2.480476
2.48531
2.47967
2.486116
2.481282
2.486116
2.480476
2.484504
2.480476
2.48531
2.481282
2.484504
2.482087
2.482893
2.481282
2.483699
2.482087
2.483699
2.482087
2.482893
2.483699
2.482893
2.483699
2.482087
2.482893
2.482087
2.47967
2.483699
2.482087
2.482893
2.482087
2.482087
2.481282
2.482087
2.481282
2.482893
2.481282
2.482893
2.481282
2.483699
2.480476
2.483699
2.47967
2.484504
2.478865
2.48531
2.477253
2.48531
2.477253
2.486116
2.478865
2.484504
2.478059
2.483699
2.47967
2.481282
2.482087
2.480476
2.484504
2.478865
2.484504
2.477253
2.48531
2.477253
2.48531
2.478059
2.482893
2.478865
2.484504
2.476448
2.482893
2.478865
2.482893
2.478865
2.482087
2.478865
2.481282
2.47967
2.481282
2.480476
2.480476
2.481282
2.47967
2.47967
2.478865
2.480476
2.481282
2.47967
2.480476
2.480476
2.480476
2.478865
2.47967
2.478059
2.481282
2.478059
2.480476
2.477253
2.482893
2.475642
2.482893
2.475642
2.483699
2.475642
2.482893
2.474786
2.48531
2.475642
2.482893
2.476448
2.481282
2.478059
2.47967
2.477253
2.47967
2.480476
2.477253
2.482087
2.475642
2.482893
2.475642
2.482087
2.47398
2.482893
2.475642
2.482893
2.47398
2.482893
2.475642
2.482087
2.475642
2.481282
2.474786
2.480476
2.475642
2.480476
2.475642
2.47967
2.477253
2.480476
2.478059
2.47967
2.477253
2.478059
2.477253
2.478865
2.476448
2.478865
2.477253
2.478059
2.478059
2.478059
2.477253
2.478059
2.477253
2.477253
2.478059
2.476448
2.478059
2.478059
2.478059
2.476448
2.477253
2.476448
2.478865
2.476448
2.476448
2.478059
2.478865
2.477253
2.477253
2.477253
2.476448
2.477253
2.476448
2.477253
2.47398
2.477253
2.475642
2.478865
2.475642
2.478865
2.474786
2.480476
2.475642
2.478865
2.473175
2.480476
2.47398
2.47967
2.47398
2.47967
2.473175
2.480476
2.472369
2.482087
2.471563
2.480476
2.471563
2.480476
2.472369
2.480476
2.472369
2.47967
2.473175
2.478865
2.472369
2.47967
2.472369
2.478865
2.473175
2.477253
2.47398
2.478059
2.475642
2.477253
2.473175
2.476448
2.475642
2.476448
2.476448
2.47398
2.476448
2.47398
2.477253
2.47398
2.478059
2.472369
2.478059
2.471563
2.478865
2.471563
2.478059
2.469952
2.47967
2.470757
2.47967
2.470757
2.478865
2.470757
2.478059
2.471563
2.478865
2.471563
2.478059
2.472369
2.477253
2.470757
2.478059
2.470757
2.477253
2.471563
2.476448
2.471563
2.476448
2.472369
2.475642
2.471563
2.477253
2.47398
2.475642
2.472369
2.475642
2.472369
2.475642
2.473175
2.474786
2.472369
2.474786
2.473175
2.474786
2.473175
2.475642
2.472369
2.475642
2.472369
2.47398
2.47398
2.47398
2.472369
2.473175
2.473175
2.473175
2.472369
2.472369
2.473175
2.473175
2.47398
2.473175
2.471563
2.472369
2.471563
2.472369
2.472369
2.474786
2.471563
2.473175
2.472369
2.471563
2.473175
2.472369
2.472369
2.473175
2.472369
2.472369
2.472369
2.472369
2.473175
2.472369
2.471563
2.472369
2.473175
2.473175
2.470757
2.472369
2.470757
2.473175
2.469952
2.472369
2.470757
2.47398
2.46834
2.473175
2.469146
2.47398
2.467535
2.473175
2.469146
2.47398
2.467535
2.475642
2.46834
2.474786
2.46834
2.474786
2.46834
2.473175
2.467535
2.474786
2.466729
2.475642
2.467535
2.475642
2.466729
2.475642
2.466729
2.474786
2.465924
2.475642
2.465924
2.475642
2.467535
2.473175
2.466729
2.473175
2.466729
2.473175
2.469146
2.473175
2.46834
2.473175
2.466729
2.470757
2.467535
2.472369
2.467535
2.471563
2.467535
2.471563
2.469146
2.469952
2.469146
2.470757
2.469146
2.470757
2.469952
2.469952
2.470757
2.469952
2.470757
2.469146
2.469952
2.467535
2.471563
2.467535
2.471563
2.465924
2.472369
2.465924
2.47398
2.464312
2.472369
2.464312
2.47398
2.465118
2.47398
2.465118
2.473175
2.465118
2.471563
2.465924
2.472369
2.465118
2.470757
2.465924
2.472369
2.466729
2.470757
2.466729
2.470757
2.467535
2.470757
2.46834
2.46834
2.46834
2.46834
2.46834
2.469146
2.466729
2.467535
2.467535
2.46834
2.465924
2.469146
2.467535
2.469146
2.466729
2.467535
2.467535
2.46834
2.467535
2.46834
2.467535
2.467535
2.466729
2.466729
2.466729
2.469146
2.466729
2.467535
2.466729
2.46834
2.466729
2.467535
2.465924
2.469146
2.465118
2.469952
2.465118
2.469146
2.464312
2.469952
2.463506
2.469952
2.464312
2.470757
2.463506
2.469146
2.463506
2.470757
2.463506
2.470757
2.463506
2.470757
2.463506
2.470757
2.462701
2.469952
2.462701
2.469146
2.464312
2.46834
2.464312
2.46834
2.464312
2.466729
2.466729
2.465924
2.467535
2.465118
2.467535
2.462701
2.467535
2.463506
2.469952
2.463506
2.470757
2.461895
2.469146
2.461895
2.469952
2.462701
2.469146
2.461089
2.469952
2.461895
2.469146
2.462701
2.469952
2.460284
2.471563
2.461089
2.469146
2.461089
2.469952
2.461089
2.469146
2.461089
2.469146
2.461089
2.46834
2.460284
2.469146
2.461895
2.46834
2.461895
2.469146
2.461895
2.469952
2.461089
2.467535
2.461895
2.466729
2.462701
2.466729
2.461895
2.466729
2.461895
2.465924
2.460284
2.46834
2.461089
2.466729
2.461895
2.466729
2.461089
2.466729
2.461089
2.466729
2.461089
2.465924
2.461895
2.466729
2.460284
2.466729
2.461895
2.465924
2.461895
2.465924
2.461089
2.465924
2.462701
2.464312
2.461895
2.466729
2.461895
2.465118
2.461089
2.465924
2.461895
2.466729
2.460284
2.465924
2.461089
2.465924
2.459478
2.465924
2.459478
2.465118
2.459478
2.465924
2.458672
2.466729
2.459478
2.466729
2.458672
2.466729
2.458672
2.465924
2.457867
2.467535
2.458672
2.465924
2.458672
2.465924
2.458672
2.465924
2.459478
2.465118
2.460284
2.464312
2.460284
2.462701
2.460284
2.462701
2.462701
2.461895
2.461895
2.461895
2.463506
2.460284
2.463506
2.460284
2.463506
2.460284
2.462701
2.460284
2.464312
2.458672
2.463506
2.457867
2.465118
2.456255
2.464312
2.458672
2.465118
2.457867
2.465924
2.457867
2.465118
2.457061
2.465118
2.457061
2.465118
2.457867
2.465118
2.457061
2.464312
2.457061
2.464312
2.457061
2.465118
2.457867
2.464312
2.457061
2.462701
2.458672
2.463506
2.457061
2.463506
2.457867
2.463506
2.457867
2.462701
2.456255
2.461895
2.457867
2.461895
2.457061
2.461895
2.457867
2.462701
2.457061
2.461089
2.457867
2.461895
2.458672
2.461089
2.457867
2.460284
2.458672
2.460284
2.457867
2.461089
2.457867
2.460284
2.458672
2.460284
2.459478
2.458672
2.459478
2.460284
2.458672
2.458672
2.457867
2.458672
2.458672
2.460284
2.457061
2.458672
2.458672
2.457867
2.458672
2.459478
2.458672
2.458672
2.457061
2.458672
2.457867
2.458672
2.459478
2.457867
2.457867
2.459478
2.459478
2.458672
2.458672
2.459478
2.458672
2.459478
2.457061
2.458672
2.457867
2.458672
2.457867
2.457867
2.457867
2.457867
2.457867
2.457867
2.456255
2.457061
2.457061
2.456255
2.456255
2.457061
2.457061
2.457061
2.457061
2.457061
2.457061
2.457061
2.457061
2.457061
2.456255
2.457061
2.457061
2.456255
2.457061
2.456255
2.456255
2.458672
2.457061
2.457061
2.456255
2.458672
2.457867
2.457061
2.456255
2.457867
2.456255
2.457061
2.456255
2.458672
2.45545
2.456255
2.454644
2.457061
2.45545
2.457867
2.453838
2.457061
2.45545
2.457867
2.453033
2.457061
2.453838
2.457061
2.454644
2.457867
2.453838
2.457867
2.452227
2.457061
2.452227
2.458672
2.451421
2.457061
2.452227
2.457867
2.452227
2.458672
2.452227
2.457867
2.451421
2.458672
2.451421
2.458672
2.450616
2.457061
2.450616
2.458672
2.44981
2.458672
2.44981
2.460284
2.44981
2.459478
2.450616
2.457061
2.44981
2.457867
2.44981
2.459478
2.44981
2.457867
2.450616
2.459478
2.44981
2.459478
2.44981
2.457867
2.44981
2.458672
2.450616
2.458672
2.448199
2.457867
2.449004
2.457867
2.450616
2.457867
2.449004
2.457867
2.448199
2.458672
2.44981
2.457867
2.449004
2.457867
2.44981
2.457061
2.449004
2.458672
2.449004
2.457061
2.449004
2.457867
2.448199
2.457061
2.449004
2.456255
2.44981
2.454644
2.44981
2.456255
2.44981
2.45545
2.449004
2.456255
2.449004
2.45545
2.449004
2.454644
2.44981
2.453838
2.44981
2.454644
2.44981
2.453033
2.450616
2.453033
2.452227
2.452227
2.451421
2.453838
2.450616
2.452227
2.450616
2.452227
2.450616
2.451421
2.451421
2.451421
2.450616
2.451421
2.451421
2.451421
2.452227
2.450616
2.451421
2.452227
2.450616
2.451421
2.451421
2.451421
2.44981
2.44981
2.450616
2.451421
2.450616
2.450616
2.44981
2.452227
2.450616
2.453033
2.44981
2.44981
2.447393
2.44981
2.44981
2.450616
2.449004
2.44981
2.44981
2.450616
2.453838
2.44981
2.450616
2.450616
2.44981
2.451421
2.449004
2.450616
2.449004
2.450616
2.448199
2.452227
2.448199
2.453033
2.448199
2.452227
2.447393
2.451421
2.446587
2.452227
2.446587
2.453838
2.447393
2.453033
2.445781
2.452227
2.445781
2.453033
2.447393
2.453033
2.44417
2.453033
2.44417
2.453838
2.44417
2.453033
2.444976
2.452227
2.445781
2.453033
2.444976
2.452227
2.446587
2.450616
2.445781
2.44981
2.446587
2.447393
2.447393
2.449004
2.449004
2.448199
2.44981
2.447393
2.450616
2.445781
2.449004
2.44417
2.450616
2.445781
2.451421
2.444976
2.450616
2.442559
2.451421
2.443365
2.451421
2.44417
2.451421
2.44417
2.452227
2.443365
2.451421
2.44417
2.452227
2.443365
2.450616
2.44417
2.44981
2.444976
2.44981
2.444976
2.44981
2.444976
2.448199
2.44417
2.44981
2.444976
2.446587
2.445781
2.447393
2.445781
2.447393
2.445781
2.446587
2.446587
2.447393
2.446587
2.446587
2.445781
2.446587
2.446587
2.444976
2.446587
2.445781
2.445781
2.445781
2.446587
2.444976
2.446587
2.445781
2.444976
2.445781
2.446587
2.445781
2.444976
2.445781
2.445781
2.444976
2.445781
2.44417
2.445781
2.444976
2.444976
2.445781
2.44417
2.44417
2.444976
2.444976
2.444976
2.445781
2.44417
2.446587
2.444976
2.445781
2.44417
2.445781
2.443365
2.446587
2.441753
2.445781
2.443365
2.447393
2.440948
2.447393
2.440142
2.447393
2.440948
2.447393
2.441753
2.448199
2.440948
2.449004
2.439336
2.448199
2.440948
2.449004
2.439336
2.447393
2.440142
2.449004
2.440142
2.447393
2.440142
2.446587
2.440948
2.445781
2.442559
2.443365
2.44417
2.442559
2.446587
2.440948
2.446587
2.440142
2.446587
2.43853
2.447393
2.439336
2.446587
2.43853
2.447393
2.439336
2.447393
2.440142
2.446587
2.439336
2.444976
2.439336
2.447393
2.440142
2.445781
2.440142
2.444976
2.440948
2.444976
2.441753
2.44417
2.442559
2.442559
2.441753
2.443365
2.442559
2.441753
2.441753
2.442559
2.440948
2.441753
2.441753
2.443365
2.441753
2.440948
2.441753
2.441753
2.441753
2.440948
2.441753
2.442559
2.441753
2.441753
2.440948
2.441753
2.440142
2.44417
2.440948
2.443365
2.439336
2.443365
2.43853
2.443365
2.439336
2.44417
2.437725
2.444976
2.436919
2.444976
2.436113
2.446587
2.436919
2.443365
2.436919
2.44417
2.437725
2.440948
2.441753
2.440142
2.441753
2.437725
2.44417
2.436919
2.444976
2.434502
2.444976
2.436113
2.443365
2.437725
2.443365
2.436919
2.441753
2.437725
2.441753
2.43853
2.440948
2.437725
2.43853
2.439336
2.440948
2.440142
2.43853
2.439336
2.440142
2.439336
2.43853
2.43853
2.440142
2.43853
2.440142
2.437725
2.439336
2.439336
2.437725
2.43853
2.439336
2.436919
2.439336
2.435308
2.440142
2.436113
2.442559
2.435308
2.441753
2.434502
2.442559
2.435308
2.442559
2.433697
2.443365
2.435308
2.441753
2.436113
2.440142
2.436919
2.437725
2.437725
2.436113
2.440948
2.435308
2.441753
2.434502
2.442559
2.434502
2.441753
2.433697
2.440142
2.435308
2.439336
2.435308
2.43853
2.435308
2.439336
2.435308
2.439336
2.435308
2.43853
2.436113
2.43853
2.436919
2.437725
2.436919
2.436113
2.436919
2.436919
2.436919
2.436113
2.437725
2.436113
2.436113
2.436919
2.436919
2.436919
2.436919
2.435308
2.437725
2.436113
2.436113
2.435308
2.436919
2.436113
2.435308
2.437725
2.436919
2.436113
2.435308
2.436919
2.435308
2.436113
2.434502
2.436113
2.435308
2.435308
2.436113
2.436919
2.435308
2.437725
2.435308
2.436919
2.435308
2.436919
2.432085
2.436919
2.433697
2.437725
2.432085
2.436919
2.432085
2.437725
2.432085
2.437725
2.432085
2.437725
2.432085
2.437725
2.430474
2.436919
2.431279
2.439336
2.430474
2.436919
2.431279
2.437725
2.430474
2.43853
2.430474
2.43853
2.430474
2.43853
2.429668
2.437725
2.430474
2.436919
2.430474
2.436113
2.431279
2.436113
2.432891
2.434502
2.433697
2.433697
2.434502
2.432085
2.435308
2.432085
2.436113
2.429668
2.436113
2.430474
2.436919
2.429668
2.436919
2.430474
2.436919
2.428862
2.437725
2.428862
2.437725
2.429668
2.436919
2.430474
2.436113
2.430474
2.436113
2.429668
2.435308
2.430474
2.435308
2.430474
2.434502
2.430474
2.435308
2.431279
2.434502
2.431279
2.433697
2.431279
2.432891
2.432891
2.432085
2.432891
2.431279
2.432085
2.431279
2.431279
2.433697
2.432085
2.431279
2.432085
2.432085
2.430474
2.431279
2.430474
2.431279
2.430474
2.432891
2.431279
2.432085
2.430474
2.432891
2.429668
2.433697
2.427251
2.435308
2.428057
2.434502
2.428057
2.433697
2.427251
2.435308
2.426445
2.434502
2.42564
2.435308
2.427251
2.434502
2.428057
2.434502
2.428057
2.432891
2.428057
2.432085
2.430474
2.429668
2.432085
2.427251
2.433697
2.42564
2.434502
2.42564
2.434502
2.42564
2.434502
2.427251
2.433697
2.426445
2.433697
2.428057
2.432085
2.428057
2.431279
2.428057
2.430474
2.427251
2.429668
2.429668
2.430474
2.428057
2.430474
2.428862
2.428862
2.430474
2.429668
2.428862
2.430474
2.430474
2.428862
2.429668
2.428862
2.428862
2.428862
2.428057
2.428057
2.428057
2.428057
2.427251
2.430474
2.428057
2.430474
2.427251
2.430474
2.426445
2.430474
2.424834
2.430474
2.424834
2.431279
2.424834
2.431279
2.423223
2.432085
2.424028
2.431279
2.423223
2.432085
2.423223
2.432085
2.423223
2.431279
2.423223
2.430474
2.424028
2.428862
2.42564
2.427251
2.426445
2.428057
2.427251
2.426445
2.428057
2.422417
2.429668
2.423223
2.430474
2.423223
2.430474
2.421611
2.429668
2.422417
2.430474
2.422417
2.428862
2.424028
2.428862
2.423223
2.428057
2.423223
2.428057
2.424028
2.427251
2.424028
2.427251
2.424834
2.427251
2.424028
2.426445
2.424834
2.42564
2.42564
2.426445
2.42564
2.42564
2.426445
2.426445
2.42564
2.426445
2.424834
2.42564
2.424028
2.424834
2.424834
2.424834
2.424834
2.42564
2.42564
2.424834
2.424834
2.42564
2.42564
2.424834
2.42564
2.424028
2.424028
2.424834
2.422417
2.424834
2.424028
2.42564
2.423223
2.42564
2.422417
2.42564
2.421611
2.426445
2.422417
2.426445
2.420806
2.42564
2.420806
2.428057
2.420806
2.426445
2.419194
2.428057
2.418389
2.427251
2.418389
2.428862
2.417583
2.427251
2.419194
2.426445
2.42
2.42564
2.421611
2.424028
2.422417
2.424028
2.423223
2.422417
2.42564
2.419194
2.42564
2.42
2.427251
2.42
2.428057
2.418389
2.426445
2.419194
2.424834
2.418389
2.42564
2.420806
2.424834
2.418389
2.424834
2.42
2.42564
2.419194
2.424834
2.420806
2.424028
2.418389
2.424028
2.420806
2.424028
2.420806
2.422417
2.420806
2.422417
2.420806
2.424028
2.420806
2.422417
2.420806
2.423223
2.420806
2.421611
2.421611
2.422417
2.42
2.42
2.420806
2.419194
2.420806
2.420806
2.420806
2.420806
2.421611
2.42
2.42
2.42
2.421611
2.420806
2.419194
2.420806
2.420806
2.420806
2.42
2.421611
2.419194
2.420806
2.42
2.421611
2.419194
2.423223
2.418389
2.422417
2.417583
2.423223
2.416777
2.423223
2.415972
2.423223
2.415166
2.424028
2.41436
2.423223
2.41436
2.424028
2.415166
2.422417
2.41436
2.422417
2.415166
2.420806
2.417583
2.420806
2.418389
2.418389
2.42
2.42
2.422417
2.415166
2.422417
2.415972
2.420806
2.41436
2.421611
2.41436
2.421611
2.41436
2.421611
2.415166
2.421611
2.415972
2.420806
2.415972
2.42
2.415166
2.42
2.417583
2.418389
2.416777
2.418389
2.416777
2.419194
2.418389
2.418389
2.417583
2.417583
2.417583
2.418389
2.415972
2.417583
2.418389
2.417583
2.417583
2.416777
2.415972
2.417583
2.417583
2.417583
2.417583
2.416777
2.416777
2.415972
2.415972
2.418389
2.415972
2.417583
2.415166
2.418389
2.41436
2.418389
2.413554
2.417583
2.413554
2.42
2.412749
2.418389
2.411943
2.419194
2.412749
2.419194
2.411943
2.420806
2.411138
2.419194
2.411943
2.42
2.412749
2.418389
2.412749
2.416777
2.41436
2.415166
2.415972
2.413554
2.417583
2.411943
2.42
2.411138
2.42
2.409526
2.42
2.411138
2.419194
2.409526
2.417583
2.411943
2.416777
2.413554
2.416777
2.413554
2.416777
2.413554
2.415166
2.41436
2.41436
2.412749
2.41436
2.41436
2.41436
2.413554
2.415166
2.413554
2.415166
2.413554
2.415166
2.41436
2.412749
2.412749
2.415972
2.413554
2.415972
2.412749
2.415972
2.411943
2.416777
2.411943
2.417583
2.40872
2.418389
2.410332
2.418389
2.40872
2.418389
2.409526
2.415972
2.411138
2.415166
2.412749
2.411943
2.412749
2.411138
2.415166
2.40872
2.416777
2.40872
2.417583
2.40872
2.415972
2.409526
2.415166
2.409526
2.415972
2.409526
2.415972
2.410332
2.41436
2.410332
2.413554
2.410332
2.412749
2.410332
2.412749
2.412749
2.412749
2.411943
2.412749
2.411943
2.409526
2.410332
2.411138
2.410332
2.411943
2.411943
2.411138
2.411138
2.411943
2.411138
2.411943
2.410332
2.413554
2.407109
2.41436
2.407915
2.415166
2.406303
2.415166
2.407109
2.415166
2.406303
2.413554
2.406303
2.413554
2.407109
2.411138
2.411138
2.40872
2.412749
2.40872
2.413554
2.405498
2.41436
2.406303
2.413554
2.406303
2.412749
2.407109
2.411943
2.404692
2.411943
2.407109
2.411138
2.40872
2.409526
2.40872
2.409526
2.40872
2.409526
2.410332
2.40872
2.40872
2.40872
2.40872
2.409526
2.407915
2.410332
2.40872
2.40872
2.40872
2.410332
2.405498
2.411138
2.405498
2.411943
2.405498
2.411138
2.403886
2.412749
2.403886
2.412749
2.403886
2.412749
2.403886
2.412749
2.406303
2.410332
2.407109
2.409526
2.409526
2.405498
2.412749
2.405498
2.410332
2.404692
2.411138
2.404692
2.411138
2.403081
2.409526
2.405498
2.407915
2.405498
2.409526
2.403886
2.40872
2.406303
2.40872
2.406303
2.407109
2.406303
2.406303
2.406303
2.407109
2.406303
2.406303
2.406303
2.407109
2.405498
2.406303
2.406303
2.407109
2.407109
2.407109
2.406303
2.40872
2.404692
2.40872
2.403886
2.40872
2.403081
2.407915
2.403081
2.40872
2.400664
2.409526
2.402275
2.409526
2.400664
2.409526
2.401469
2.409526
2.403081
2.407915
2.405498
2.403886
2.407109
2.404692
2.40872
2.400664
2.409526
2.400664
2.40872
2.400664
2.40872
2.401469
2.407109
2.403081
2.407915
2.403081
2.407109
2.403081
2.406303
2.403886
2.404692
2.403886
2.404692
2.403081
2.404692
2.404692
2.403886
2.401469
2.402275
2.403886
2.403886
2.403081
2.406303
2.403886
2.404692
2.400664
2.406303
2.400664
2.407109
2.399858
2.407915
2.399052
2.407915
2.398247
2.407109
2.399858
2.406303
2.400664
2.401469
2.404692
2.400664
2.406303
2.399052
2.407915
2.398247
2.407109
2.399858
2.406303
2.402275
2.405498
2.399052
2.404692
2.401469
2.403886
2.401469
2.403081
2.402275
2.403081
2.401469
2.401469
2.402275
2.401469
2.401469
2.401469
2.400664
2.403081
2.400664
2.402275
2.399052
2.403081
2.399052
2.404692
2.398247
2.405498
2.397441
2.405498
2.398247
2.404692
2.399052
2.401469
2.401469
2.399052
2.403886
2.397441
2.404692
2.396635
2.404692
2.396635
2.404692
2.399052
2.402275
2.399858
2.401469
2.400664
2.401469
2.399052
2.400664
2.400664
2.399858
2.400664
2.400664
2.399052
2.400664
2.399052
2.401469
2.398247
2.401469
2.399052
2.401469
2.396635
2.402275
2.396635
2.403081
2.397441
2.401469
2.395024
2.403886
2.395024
2.403886
2.39583
2.401469
2.396635
2.399858
2.398247
2.398247
2.399858
2.396635
2.401469
2.395024
2.402275
2.395024
2.403081
2.39583
2.402275
2.396635
2.401469
2.39583
2.401469
2.396635
2.399858
2.398247
2.399858
2.397441
2.399858
2.396635
2.399052
2.399052
2.397441
2.398247
2.399052
2.398247
2.397441
2.396635
2.398247
2.397441
2.397441
2.397441
2.398247
2.396635
2.399052
2.396635
2.399858
2.396635
2.399858
2.39583
2.399858
2.393413
2.399858
2.393413
2.400664
2.392607
2.400664
2.392607
2.399858
2.392607
2.399052
2.393413
2.399858
2.395024
2.396635
2.397441
2.394218
2.398247
2.393413
2.398247
2.393413
2.399858
2.391801
2.398247
2.391801
2.399858
2.392607
2.399858
2.393413
2.398247
2.392607
2.398247
2.392607
2.397441
2.394218
2.396635
2.395024
2.39583
2.395024
2.39583
2.395024
2.39583
2.395024
2.395024
2.394218
2.395024
2.395024
2.395024
2.394218
2.395024
2.393413
2.395024
2.394218
2.39583
2.394218
2.39583
2.391801
2.397441
2.39019
2.398247
2.390996
2.399052
2.39019
2.398247
2.387773
2.399052
2.39019
2.396635
2.392607
2.39583
2.395024
2.393413
2.396635
2.39019
2.396635
2.389384
2.396635
2.388579
2.397441
2.388579
2.39583
2.39019
2.39583
2.391801
2.394218
2.391801
2.393413
2.391801
2.394218
2.392607
2.391801
2.393413
2.392607
2.392607
2.393413
2.392607
2.392607
2.392607
2.392607
2.392607
2.392607
2.391801
2.392607
2.39019
2.393413
2.39019
2.393413
2.389384
2.393413
2.388579
2.394218
2.388579
2.394218
2.388579
2.395024
2.388579
2.39583
2.386162
2.396635
2.387773
2.395024
2.385356
2.395024
2.387773
2.394218
2.39019
2.393413
2.389384
2.39019
2.392607
2.388579
2.393413
2.387773
2.394218
2.387773
2.395024
2.386162
2.394218
2.385356
2.392607
2.386162
2.395024
2.385356
2.394218
2.386967
2.392607
2.386162
2.392607
2.386967
2.391801
2.387773
2.391801
2.386967
2.391801
2.388579
2.392607
2.386967
2.391801
2.386967
2.39019
2.388579
2.39019
2.388579
2.388579
2.387773
2.39019
2.389384
2.389384
2.39019
2.389384
2.388579
2.388579
2.388579
2.389384
2.389384
2.388579
2.389384
2.387773
2.388579
2.387773
2.387773
2.387773
2.387773
2.387773
2.387773
2.388579
2.388579
2.387773
2.386162
2.388579
2.387773
2.387773
2.387773
2.387773
2.387773
2.388579
2.386162
2.389384
2.386967
2.387773
2.386162
2.387773
2.385356
2.388579
2.386162
2.388579
2.385356
2.388579
2.386967
2.388579
2.383744
2.388579
2.383744
2.389384
2.382939
2.39019
2.382939
2.387773
2.382939
2.388579
2.382939
2.387773
2.382133
2.391801
2.382133
2.389384
2.380522
2.390996
2.379716
2.39019
2.381327
2.389384
2.382133
2.388579
2.382939
2.387773
2.382939
2.386967
2.385356
2.382939
2.386162
2.383744
2.388579
2.382133
2.387773
2.380522
2.387773
2.380522
2.388579
2.380522
2.389384
2.379716
2.387773
2.380522
2.387773
2.381327
2.387773
2.382133
2.386967
2.380522
2.385356
2.382133
2.385356
2.383744
2.38455
2.383744
2.383744
2.382939
2.382133
2.383744
2.383744
2.383744
2.38455
2.382939
2.382133
2.382133
2.383744
2.382133
2.382939
2.382133
2.383744
2.380522
2.38455
2.382133
2.385356
2.380522
2.388579
2.378105
2.387773
2.376493
2.386162
2.377299
2.385356
2.379716
2.383744
2.380522
2.381327
2.382939
2.379716
2.385356
2.378911
2.386967
2.378105
2.385356
2.378911
2.383744
2.379716
2.38455
2.379716
2.382939
2.380522
2.382133
2.379716
2.381327
2.380522
2.382939
2.381327
2.381327
2.381327
2.380522
2.381327
2.381327
2.380522
2.382133
2.382133
2.381327
2.381327
2.381327
2.378911
2.380522
2.378911
2.381327
2.377299
2.382133
2.377299
2.382939
2.375688
2.383744
2.377299
2.383744
2.376493
2.383744
2.374882
2.385356
2.374882
2.383744
2.373271
2.383744
2.375688
2.383744
2.375688
2.382133
2.378105
2.381327
2.380522
2.377299
2.380522
2.376493
2.382133
2.374882
2.382939
2.375688
2.382133
2.374076
2.382939
2.374882
2.381327
2.374882
2.381327
2.374882
2.381327
2.375688
2.382133
2.376493
2.379716
2.376493
2.379716
2.377299
2.378911
2.377299
2.379716
2.377299
2.377299
2.376493
2.376493
2.378105
2.378105
2.377299
2.377299
2.376493
2.378105
2.376493
2.377299
2.375688
2.376493
2.377299
2.377299
2.375688
2.378105
2.376493
2.377299
2.374882
2.378911
2.374882
2.378911
2.372465
2.378911
2.373271
2.379716
2.373271
2.380522
2.371659
2.382133
2.371659
2.380522
2.372465
2.378911
2.372465
2.378911
2.374882
2.375688
2.377299
2.373271
2.378911
2.371659
2.378911
2.370048
2.380522
2.370854
2.379716
2.373271
2.379716
2.370854
2.377299
2.372465
2.376493
2.372465
2.376493
2.374076
2.376493
2.374882
2.375688
2.374882
2.374882
2.374882
2.375688
2.372465
2.373271
2.374076
2.374882
2.373271
2.374076
2.373271
2.375688
2.372465
2.374882
2.371659
2.375688
2.370854
2.376493
2.370854
2.377299
2.369242
2.377299
2.369242
2.378105
2.367631
2.377299
2.370048
2.375688
2.370854
2.374076
2.374076
2.371659
2.377299
2.369242
2.378105
2.369242
2.375688
2.367631
2.376493
2.369242
2.374882
2.369242
2.374076
2.370048
2.374076
2.370854
2.373271
2.372465
2.372465
2.371659
2.373271
2.370854
2.372465
2.369242
2.370854
2.370854
2.371659
2.370048
2.372465
2.371659
2.369242
2.369242
2.371659
2.369242
2.374076
2.368437
2.374076
2.367631
2.374076
2.366825
2.374882
2.36602
2.374882
2.364408
2.375688
2.36602
2.374076
2.367631
2.372465
2.370048
2.370048
2.370854
2.366825
2.374076
2.367631
2.374076
2.364408
2.374076
2.364408
2.373271
2.36602
2.373271
2.364408
2.370854
2.366825
2.370854
2.36602
2.370854
2.367631
2.370854
2.366825
2.370048
2.367631
2.366825
2.367631
2.369242
2.370048
2.368437
2.367631
2.367631
2.369242
2.368437
2.368437
2.367631
2.368437
2.366825
2.368437
2.367631
2.368437
2.367631
2.366825
2.368437
2.367631
2.367631
2.367631
2.366825
2.366825
2.366825
2.36602
2.367631
2.366825
2.367631
2.36602
2.367631
2.36602
2.366825
2.36602
2.366825
2.36602
2.367631
2.363603
2.36602
2.365214
2.368437
2.363603
2.368437
2.364408
2.369242
2.363603
2.368437
2.363603
2.369242
2.362797
2.369242
2.362797
2.368437
2.361186
2.367631
2.361991
2.369242
2.361991
2.368437
2.361991
2.369242
2.361186
2.370048
2.36038
2.370048
2.361991
2.370854
2.359574
2.369242
2.359574
2.370048
2.36038
2.369242
2.359574
2.369242
2.359574
2.367631
2.36038
2.366825
2.359574
2.367631
2.361186
2.367631
2.36038
2.368437
2.36038
2.36602
2.36038
2.36602
2.361991
2.365214
2.361991
2.364408
2.361991
2.363603
2.361991
2.363603
2.361186
2.361991
2.362797
2.361991
2.361186
2.363603
2.362797
2.362797
2.361991
2.361991
2.362797
2.362797
2.362797
2.361991
2.362797
2.361186
2.361991
2.361991
2.362797
2.361991
2.361991
2.361186
2.363603
2.361991
2.361991
2.361186
2.361186
2.361186
2.361991
2.361186
2.362797
2.361186
2.361991
2.361186
2.361186
2.36038
2.361991
2.359574
2.361186
2.36038
2.36038
2.358768
2.361186
2.36038
2.36038
2.36038
2.361186
2.358768
2.36038
2.36038
2.361186
2.36038
2.36038
2.358768
2.359574
2.359574
2.359574
2.359574
2.358768
2.359574
2.36038
2.36038
2.358768
2.36038
2.356352
2.36038
2.357157
2.36038
2.356352
2.36038
2.357963
2.361186
2.357157
2.359574
2.356352
2.361186
2.355546
2.361991
2.353935
2.361991
2.35474
2.361991
2.355546
2.361186
2.35474
2.361991
2.353935
2.361991
2.353129
2.362797
2.352323
2.363603
2.353129
2.362797
2.353129
2.362797
2.352323
2.361186
2.353129
2.361186
2.353935
2.361186
2.353935
2.361991
2.35474
2.36038
2.353935
2.361186
2.353935
2.359574
2.355546
2.359574
2.356352
2.357963
2.35474
2.356352
2.355546
2.357157
2.353935
2.357157
2.353935
2.357157
2.355546
2.356352
2.355546
2.357157
2.356352
2.355546
2.355546
2.355546
2.357157
2.35474
2.355546
2.355546
2.355546
2.355546
2.355546
2.35474
2.353129
2.355546
2.35474
2.355546
2.355546
2.353935
2.353935
2.35474
2.353935
2.35474
2.353935
2.353935
2.353935
2.35474
2.35474
2.353129
2.353935
2.35474
2.353129
2.353935
2.35474
2.353935
2.353129
2.353935
2.353129
2.353129
2.353935
2.353129
2.352323
2.353129
2.353129
2.351517
2.353935
2.353935
2.352323
2.353935
2.352323
2.353935
2.353129
2.353935
2.353129
2.35474
2.352323
2.353129
2.351517
2.352323
2.350712
2.353129
2.352323
2.350712
2.351517
2.352323
2.351517
2.350712
2.350712
2.351517
2.351517
2.351517
2.350712
2.350712
2.350712
2.351517
2.350712
2.350712
2.350712
2.350712
2.352323
2.350712
2.3491
2.350712
2.349906
2.350712
2.350712
2.351517
2.349906
2.351517
2.349906
2.349906
2.351517
2.3491
2.349906
2.348295
2.3491
2.349906
2.349906
2.3491
2.349906
2.3491
2.349906
2.350712
2.3491
2.3491
2.3491
2.348295
2.3491
2.346684
2.351517
2.3491
2.3491
2.349906
2.349906
2.3491
2.3491
2.349906
2.348295
2.348295
2.348295
2.3491
2.3491
2.3491
2.347489
2.3491
2.347489
2.3491
2.346684
2.349906
2.345878
2.3491
2.345878
2.350712
2.345072
2.350712
2.345072
2.3491
2.345072
2.349906
2.343461
2.350712
2.343461
2.349906
2.342655
2.350712
2.344266
2.349906
2.344266
2.350712
2.341849
2.352323
2.341849
2.350712
2.341849
2.351517
2.344266
2.351517
2.343461
2.350712
2.341849
2.349906
2.341849
2.349906
2.342655
2.3491
2.344266
2.347489
2.344266
2.347489
2.345072
2.345878
2.345878
2.345878
2.347489
2.343461
2.347489
2.341849
2.348295
2.341849
2.348295
2.341849
2.349906
2.340238
2.348295
2.340238
2.349906
2.341044
2.349906
2.340238
2.3491
2.340238
2.3491
2.338627
2.348295
2.339432
2.347489
2.339432
2.348295
2.340238
2.347489
2.340238
2.347489
2.340238
2.347489
2.339432
2.346684
2.343461
2.345878
2.339432
2.346684
2.340238
2.345878
2.340238
2.345072
2.339432
2.345878
2.340238
2.344266
2.340238
2.344266
2.341849
2.344266
2.340238
2.344266
2.341044
2.343461
2.341849
2.342655
2.341044
2.343461
2.341044
2.342655
2.341849
2.341849
2.341044
2.341849
2.340238
2.341849
2.340238
2.341849
2.341849
2.341849
2.341849
2.340238
2.340238
2.341044
2.341044
2.341044
2.340238
2.341044
2.341849
2.340238
2.341044
2.340238
2.340238
2.339432
2.339432
2.340238
2.340238
2.340238
2.340238
2.341849
2.340238
2.338627
2.339432
2.340238
2.340238
2.340238
2.340238
2.339432
2.340238
2.341044
2.338627
2.339432
2.339432
2.340238
2.339432
2.337821
2.338627
2.340238
2.338627
2.340238
2.337821
2.338627
2.338627
2.338627
2.338627
2.338627
2.337821
2.338627
2.338627
2.338627
2.338627
2.337015
2.337015
2.337015
2.337015
2.337821
2.337821
2.337821
2.33621
2.338627
2.335404
2.338627
2.337015
2.338627
2.335404
2.337015
2.334598
2.340238
2.333792
2.340238
2.332987
2.339432
2.334598
2.339432
2.332987
2.340238
2.332987
2.339432
2.332987
2.341044
2.332181
2.340238
2.332987
2.341044
2.33057
2.340238
2.331376
2.341044
2.332181
2.340238
2.332181
2.338627
2.333792
2.337821
2.333792
2.335404
2.334598
2.333792
2.338627
2.333792
2.337821
2.33057
2.337821
2.33057
2.337821
2.33057
2.341044
2.328959
2.340238
2.328959
2.340238
2.329764
2.337821
2.33057
2.338627
2.329764
2.337821
2.33057
2.337015
2.33057
2.335404
2.33057
2.337015
2.329764
2.33621
2.329764
2.33621
2.33057
2.335404
2.331376
2.334598
2.332181
2.334598
2.33057
2.334598
2.331376
2.332987
2.332181
2.332181
2.332181
2.332987
2.332181
2.333792
2.332181
2.333792
2.332181
2.332987
2.331376
2.331376
2.33057
2.332181
2.331376
2.332181
2.332987
2.331376
2.331376
2.331376
2.331376
2.331376
2.332181
2.332181
2.331376
2.332181
2.332181
2.331376
2.33057
2.33057
2.33057
2.331376
2.328959
2.332181
2.329764
2.333792
2.33057
2.332987
2.33057
2.331376
2.328959
2.332987
2.328959
2.334598
2.327347
2.333792
2.326541
2.333792
2.32493
2.332987
2.325736
2.333792
2.32493
2.333792
2.324124
2.334598
2.32493
2.333792
2.32493
2.332987
2.325736
2.332987
2.325736
2.332987
2.32493
2.331376
2.327347
2.329764
2.327347
2.328153
2.328959
2.327347
2.328153
2.32493
2.328959
2.325736
2.329764
2.325736
2.329764
2.32493
2.33057
2.324124
2.331376
2.324124
2.331376
2.322513
2.331376
2.322513
2.332987
2.320902
2.331376
2.321707
2.33057
2.320902
2.331376
2.321707
2.332181
2.321707
2.331376
2.320902
2.331376
2.320902
2.331376
2.321707
2.33057
2.320096
2.33057
2.320096
2.331376
2.320902
2.33057
2.320096
2.329764
2.321707
2.331376
2.320902
2.329764
2.320096
2.329764
2.320096
2.33057
2.320902
2.329764
2.320902
2.328959
2.320902
2.328959
2.320096
2.328959
2.31929
2.33057
2.320096
2.328153
2.31929
2.327347
2.320902
2.325736
2.320902
2.327347
2.320902
2.325736
2.321707
2.326541
2.320902
2.327347
2.320902
2.326541
2.321707
2.326541
2.321707
2.32493
2.321707
2.323319
2.322513
2.324124
2.321707
2.324124
2.322513
2.323319
2.321707
2.323319
2.321707
2.323319
2.322513
2.322513
2.320902
2.322513
2.320096
2.321707
2.321707
2.321707
2.323319
2.320902
2.322513
2.321707
2.320902
2.322513
2.320096
2.320902
2.320902
2.321707
2.320902
2.321707
2.321707
2.321707
2.320902
2.323319
2.320096
2.321707
2.320096
2.320902
2.31929
2.320902
2.31929
2.31929
2.320096
2.320096
2.320096
2.31929
2.31929
2.320096
2.320096
2.31929
2.31929
2.318485
2.31929
2.320902
2.31929
2.31929
2.317679
2.317679
2.31929
2.318485
2.318485
2.318485
2.31929
2.317679
2.316873
2.318485
2.318485
2.316873
2.317679
2.317679
2.318485
2.318485
2.317679
2.31929
2.317679
2.318485
2.317679
2.318485
2.316068
2.31929
2.316873
2.31929
2.316068
2.31929
2.314456
2.31929
2.314456
2.320096
2.314456
2.320096
2.314456
2.320096
2.312845
2.320902
2.312845
2.320096
2.311234
2.321707
2.312039
2.321707
2.312039
2.320902
2.311234
2.321707
2.312039
2.320096
2.312845
2.317679
2.314456
2.315262
2.315262
2.316068
2.318485
2.312845
2.316873
2.311234
2.318485
2.310428
2.31929
2.308817
2.320096
2.309622
2.31929
2.310428
2.31929
2.309622
2.318485
2.310428
2.317679
2.310428
2.317679
2.311234
2.317679
2.310428
2.316873
2.311234
2.314456
2.312039
2.315262
2.311234
2.314456
2.312845
2.313651
2.311234
2.313651
2.312039
2.312845
2.312845
2.313651
2.311234
2.312845
2.312845
2.313651
2.312845
2.313651
2.311234
2.312845
2.312039
2.312039
2.311234
2.312039
2.310428
2.312039
2.312039
2.311234
2.311234
2.311234
2.310428
2.310428
2.311234
2.311234
2.311234
2.310428
2.310428
2.311234
2.311234
2.310428
2.310428
2.310428
2.308817
2.309622
2.312039
2.310428
2.310428
2.310428
2.309622
2.310428
2.309622
2.309622
2.309622
2.309622
2.309622
2.309622
2.308817
2.310428
2.308011
2.310428
2.308817
2.311234
2.308011
2.309622
2.308011
2.310428
2.308011
2.310428
2.3064
2.309622
2.308011
2.310428
2.307205
2.309622
2.307205
2.308817
2.308011
2.309622
2.3064
2.309622
2.3064
2.308817
2.305594
2.309622
2.305594
2.310428
2.305594
2.309622
2.304788
2.308817
2.305594
2.309622
2.3064
2.308817
2.304788
2.309622
2.303982
2.308817
2.304788
2.308817
2.304788
2.308011
2.303982
2.307205
2.304788
2.307205
2.304788
2.308011
2.303177
2.307205
2.303982
2.307205
2.303982
2.308011
2.303982
2.307205
2.303177
2.308011
2.303177
2.307205
2.303177
2.307205
2.303177
2.307205
2.304788
2.3064
2.302371
2.308011
2.301565
2.3064
2.301565
2.3064
2.303177
2.305594
2.302371
2.307205
2.299954
2.3064
2.301565
2.307205
2.301565
2.305594
2.299954
2.3064
2.299954
2.3064
2.30076
2.307205
2.299149
2.305594
2.299954
2.305594
2.299954
2.3064
2.298343
2.3064
2.298343
2.3064
2.299954
2.3064
2.298343
2.3064
2.298343
2.307205
2.296731
2.308011
2.296731
2.3064
2.297537
2.3064
2.298343
2.305594
2.298343
2.304788
2.299149
2.303177
2.30076
2.301565
2.299954
2.301565
2.301565
2.297537
2.303177
2.297537
2.303177
2.296731
2.304788
2.295926
2.303982
2.295926
2.305594
2.295926
2.305594
2.29512
2.303982
2.29512
2.305594
2.29512
2.304788
2.295926
2.303982
2.29512
2.302371
2.295926
2.302371
2.295926
2.303982
2.295926
2.302371
2.295926
2.301565
2.296731
2.30076
2.295926
2.302371
2.297537
2.30076
2.296731
2.299149
2.298343
2.299149
2.296731
2.297537
2.295926
2.298343
2.297537
2.299149
2.297537
2.298343
2.297537
2.298343
2.296731
2.296731
2.295926
2.297537
2.296731
2.297537
2.296731
2.296731
2.296731
2.295926
2.296731
2.296731
2.296731
2.296731
2.297537
2.296731
2.296731
2.294314
2.298343
2.295926
2.295926
2.29512
2.29512
2.29512
2.295926
2.296731
2.296731
2.29512
2.295926
2.293509
2.295926
2.29512
2.29512
2.293509
2.293509
2.29512
2.29512
2.295926
2.294314
2.29512
2.293509
2.29512
2.294314
2.294314
2.293509
2.29512
2.293509
2.29512
2.293509
2.294314
2.293509
2.294314
2.292703
2.294314
2.293509
2.29512
2.292703
2.294314
2.293509
2.294314
2.292703
2.294314
2.292703
2.293509
2.291897
2.293509
2.291092
2.292703
2.291092
2.292703
2.291092
2.293509
2.28948
2.294314
2.291897
2.292703
2.291092
2.292703
2.291897
2.291897
2.291897
2.291897
2.291092
2.292703
2.291897
2.291092
2.291092
2.292703
2.291092
2.291897
2.290286
2.291092
2.290286
2.291092
2.290286
2.291092
2.290286
2.291092
2.290286
2.290286
2.290286
2.28948
2.291092
2.290286
2.28948
2.290286
2.290286
2.28948
2.291092
2.291092
2.28948
2.290286
2.28948
2.290286
2.288675
2.288675
2.28948
2.287869
2.288675
2.287063
2.28948
2.288675
2.288675
2.288675
2.288675
2.288675
2.288675
2.287869
2.287869
2.288675
2.287869
2.288675
2.288675
2.288675
2.287869
2.28948
2.288675
2.288675
2.287063
2.288675
2.287063
2.28948
2.286258
2.287063
2.283841
2.28948
2.285452
2.288675
2.283841
2.288675
2.285452
2.288675
2.284646
2.288675
2.286258
2.287063
2.283841
2.288675
2.283035
2.288675
2.284646
2.290286
2.283035
2.288675
2.283035
2.288675
2.282229
2.287869
2.282229
2.288675
2.281424
2.28948
2.282229
2.28948
2.281424
2.288675
2.281424
2.287063
2.282229
2.287063
2.282229
2.285452
2.280618
2.287063
2.280618
2.287063
2.281424
2.287063
2.279812
2.286258
2.279812
2.286258
2.278201
2.287063
2.279006
2.286258
2.279006
2.287063
2.277395
2.286258
2.277395
2.287063
2.278201
2.287869
2.278201
2.287869
2.277395
2.287869
2.278201
2.287063
2.275784
2.286258
2.27659
2.286258
2.278201
2.286258
2.277395
2.285452
2.27659
2.286258
2.278201
2.285452
2.279006
2.287063
2.278201
2.283035
2.277395
2.283841
2.278201
2.283841
2.279812
2.283035
2.278201
2.283035
2.280618
2.282229
2.279812
2.280618
2.279006
2.280618
2.279812
2.279006
2.279812
2.279812
2.281424
2.278201
2.280618
2.278201
2.280618
2.277395
2.281424
2.277395
2.280618
2.27659
2.280618
2.277395
2.281424
2.27659
2.279812
2.275784
2.280618
2.275784
2.281424
2.275784
2.280618
2.274978
2.280618
2.275784
2.280618
2.275784
2.280618
2.274978
2.281424
2.274173
2.279812
2.275784
2.281424
2.273367
2.279812
2.273367
2.280618
2.273367
2.280618
2.274173
2.279006
2.271755
2.280618
2.271755
2.281424
2.273367
2.279006
2.271755
2.279812
2.27095
2.280618
2.271755
2.280618
2.271755
2.279812
2.270144
2.279006
2.270144
2.279006
2.270144
2.278201
2.270144
2.279006
2.27095
2.279006
2.269338
2.279812
2.269338
2.279006
2.27095
2.279006
2.269338
2.279006
2.27095
2.278201
2.270144
2.278201
2.270144
2.27659
2.269338
2.27659
2.270144
2.275784
2.269338
2.275784
2.271755
2.274978
2.270144
2.273367
2.271755
2.272561
2.273367
2.272561
2.272561
2.270144
2.274173
2.270144
2.274978
2.27095
2.274978
2.268482
2.27659
2.268482
2.275784
2.268482
2.27659
2.267677
2.27659
2.266871
2.277395
2.266871
2.275784
2.266871
2.275784
2.267677
2.274978
2.26526
2.274978
2.266871
2.275784
2.266871
2.273367
2.267677
2.274173
2.266871
2.273367
2.266871
2.273367
2.267677
2.273367
2.266065
2.273367
2.267677
2.272561
2.266871
2.272561
2.266871
2.272561
2.266871
2.27095
2.267677
2.270144
2.266871
2.270144
2.266871
2.270144
2.268482
2.269338
2.267677
2.269338
2.268482
2.268482
2.268482
2.268482
2.267677
2.269338
2.267677
2.270144
2.266871
2.268482
2.266871
2.269338
2.266871
2.268482
2.266871
2.267677
2.26526
2.267677
2.267677
2.268482
2.26526
2.268482
2.266065
2.269338
2.26526
2.268482
2.266065
2.267677
2.266065
2.267677
2.26526
2.268482
2.264454
2.267677
2.263648
2.268482
2.263648
2.268482
2.262843
2.268482
2.262843
2.268482
2.261231
2.268482
2.260426
2.268482
2.262843
2.268482
2.262843
2.269338
2.262037
2.267677
2.262037
2.268482
2.25962
2.268482
2.25962
2.267677
2.261231
2.268482
2.258814
2.268482
2.25962
2.267677
2.260426
2.269338
2.258814
2.269338
2.258814
2.268482
2.25962
2.268482
2.256397
2.266871
2.258814
2.266871
2.258814
2.266065
2.25962
2.266065
2.260426
2.263648
2.260426
2.264454
2.262843
2.261231
2.262843
2.260426
2.263648
2.25962
2.264454
2.258009
2.266065
2.258009
2.26526
2.257203
2.26526
2.255592
2.26526
2.255592
2.266065
2.254786
2.266065
2.254786
2.26526
2.255592
2.26526
2.256397
2.263648
2.254786
2.262843
2.255592
2.263648
2.256397
2.263648
2.257203
2.264454
2.256397
2.262037
2.256397
2.261231
2.255592
2.262037
2.256397
2.262037
2.256397
2.262843
2.255592
2.261231
2.255592
2.260426
2.255592
2.260426
2.25398
2.260426
2.255592
2.260426
2.25398
2.260426
2.255592
2.25962
2.254786
2.25962
2.255592
2.258009
2.254786
2.258814
2.25398
2.258009
2.25398
2.258814
2.251563
2.25962
2.25398
2.257203
2.25398
2.257203
2.253175
2.257203
2.255592
2.258009
2.253175
2.255592
2.254786
2.256397
2.252369
2.258009
2.253175
2.257203
2.253175
2.257203
2.253175
2.256397
2.252369
2.256397
2.25398
2.256397
2.25398
2.255592
2.253175
2.25398
2.255592
2.254786
2.252369
2.254786
2.25398
2.25398
2.253175
2.253175
2.253175
2.252369
2.253175
2.253175
2.25398
2.253175
2.252369
2.253175
2.25398
2.253175
2.253175
2.252369
2.251563
2.251563
2.251563
2.250757
2.250757
2.250757
2.252369
2.252369
2.251563
2.251563
2.251563
2.251563
2.251563
2.250757
2.249952
2.251563
2.250757
2.250757
2.250757
2.250757
2.249952
2.251563
2.249952
2.249952
2.249952
2.250757
2.249952
2.251563
2.250757
2.250757
2.249952
2.249952
2.248341
2.251563
2.249146
2.251563
2.247535
2.249952
2.246729
2.252369
2.246729
2.251563
2.246729
2.251563
2.245924
2.250757
2.245924
2.251563
2.245118
2.252369
2.245118
2.251563
2.245118
2.251563
2.243506
2.252369
2.243506
2.253175
2.243506
2.252369
2.242701
2.251563
2.241089
2.252369
2.242701
2.252369
2.241089
2.251563
2.241895
2.249952
2.243506
2.249952
2.244312
2.248341
2.245924
2.245118
2.246729
2.243506
2.249146
2.242701
2.249952
2.241089
2.250757
2.241089
2.250757
2.241089
2.249952
2.241895
2.248341
2.241089
2.248341
2.241089
2.248341
2.241895
2.246729
2.242701
2.245924
2.242701
2.244312
2.242701
2.245118
2.243506
2.243506
2.245924
2.243506
2.243506
2.243506
2.241895
2.242701
2.241895
2.243506
2.244312
2.241895
2.241895
2.243506
2.242701
2.242701
2.242701
2.243506
2.242701
2.241895
2.241895
2.243506
2.240284
2.243506
2.240284
2.242701
2.238672
2.246729
2.238672
2.243506
2.239478
2.245118
2.237867
2.244312
2.23545
2.245924
2.237061
2.245118
2.23545
2.245924
2.234644
2.245118
2.23545
2.246729
2.237061
2.242701
2.237867
2.241895
2.239478
2.241089
2.239478
2.237867
2.240284
2.237061
2.241895
2.237061
2.242701
2.23545
2.242701
2.233838
2.241895
2.233838
2.243506
2.233033
2.243506
2.233838
2.242701
2.233838
2.240284
2.236255
2.240284
2.237061
2.239478
2.23545
2.238672
2.237061
2.237867
2.236255
2.237867
2.237061
2.236255
2.237867
2.237061
2.236255
2.237061
2.240284
2.237061
2.23545
2.237867
2.236255
2.237061
2.237061
2.236255
2.23545
2.237061
2.234644
2.236255
2.233838
2.237867
2.233033
2.238672
2.231421
2.238672
2.231421
2.238672
2.230616
2.240284
2.22981
2.240284
2.227393
2.239478
2.229004
2.237867
2.22981
2.237061
2.230616
2.23545
2.233033
2.233033
2.234644
2.232227
2.236255
2.230616
2.236255
2.229004
2.237061
2.229004
2.237061
2.227393
2.237867
2.227393
2.237061
2.228199
2.237061
2.229004
2.236255
2.229004
2.23545
2.22981
2.234644
2.228199
2.233838
2.230616
2.233838
2.22981
2.233033
2.231421
2.231421
2.22981
2.22981
2.22981
2.230616
2.22981
2.22981
2.230616
2.231421
2.231421
2.230616
2.22981
2.22981
2.231421
2.229004
2.22981
2.230616
2.22981
2.22981
2.228199
2.229004
2.228199
2.229004
2.227393
2.229004
2.228199
2.230616
2.227393
2.229004
2.227393
2.227393
2.226587
2.229004
2.225782
2.230616
2.222559
2.22981
2.22417
2.231421
2.22417
2.22981
2.22417
2.232227
2.221753
2.230616
2.221753
2.230616
2.220948
2.232227
2.220948
2.232227
2.220948
2.230616
2.222559
2.22981
2.221753
2.229004
2.22417
2.227393
2.223365
2.226587
2.224976
2.223365
2.225782
2.22417
2.226587
2.221753
2.227393
2.220948
2.229004
2.220142
2.230616
2.219336
2.226587
2.219336
2.228199
2.219336
2.22981
2.217725
2.228199
2.21853
2.228199
2.217725
2.228199
2.219336
2.227393
2.21853
2.225782
2.217725
2.226587
2.219336
2.225782
2.21853
2.224976
2.220142
2.22417
2.219336
2.22417
2.21853
2.223365
2.21853
2.222559
2.220142
2.222559
2.219336
2.221753
2.220142
2.220948
2.221753
2.220142
2.220142
2.220142
2.220142
2.219336
2.219336
2.220142
2.220142
2.220142
2.220142
2.219336
2.219336
2.220948
2.219336
2.219336
2.219336
2.219336
2.21853
2.220142
2.217725
2.220142
2.216919
2.219336
2.215308
2.222559
2.215308
2.220948
2.214502
2.221753
2.214502
2.221753
2.212085
2.222559
2.212891
2.223365
2.212085
2.221753
2.212891
2.220948
2.214502
2.220948
2.215308
2.217725
2.216919
2.214502
2.220142
2.212891
2.219336
2.211279
2.220142
2.211279
2.219336
2.211279
2.219336
2.212085
2.21853
2.212085
2.21853
2.212085
2.217725
2.212891
2.216919
2.213696
2.215308
2.215308
2.213696
2.213696
2.214502
2.213696
2.213696
2.214502
2.213696
2.213696
2.213696
2.212891
2.213696
2.212891
2.216114
2.212085
2.214502
2.212085
2.214502
2.209668
2.216919
2.207251
2.215308
2.208057
2.216114
2.207251
2.217725
2.206445
2.216114
2.206445
2.214502
2.208057
2.213696
2.208862
2.212891
2.210474
2.208862
2.211279
2.206445
2.214502
2.207251
2.213696
2.204028
2.215308
2.204834
2.213696
2.204834
2.213696
2.20564
2.214502
2.204834
2.213696
2.204834
2.212085
2.204834
2.211279
2.206445
2.211279
2.20564
2.211279
2.20564
2.210474
2.204834
2.209668
2.206445
2.209668
2.207251
2.209668
2.206445
2.208862
2.206445
2.207251
2.20564
2.20564
2.206445
2.206445
2.20564
2.20564
2.20564
2.20564
2.20564
2.204028
2.20564
2.206445
2.204834
2.20564
2.204834
2.204834
2.204028
2.20564
2.203223
2.20564
2.202417
2.206445
2.202417
2.208057
2.2
2.207251
2.199194
2.208057
2.198389
2.208057
2.198389
2.208057
2.199194
2.207251
2.200806
2.203223
2.204028
2.201611
2.208057
2.198389
2.208057
2.197583
2.20564
2.198389
2.20564
2.198389
2.20564
2.201611
2.203223
2.199194
2.202417
2.200806
2.201611
2.200806
2.201611
2.200806
2.202417
2.200806
2.200806
2.200806
2.200806
2.2
2.201611
2.198389
2.203223
2.195971
2.202417
2.195166
2.204834
2.193555
2.204028
2.195166
2.202417
2.199194
2.195166
2.201611
2.193555
2.203223
2.195166
2.202417
2.195166
2.200806
2.195971
2.2
2.195971
2.198389
2.196777
2.198389
2.198389
2.196777
2.196777
2.198389
2.198389
2.195166
2.195166
2.196777
2.195971
2.198389
2.192749
2.199194
2.191138
2.2
2.191138
2.200806
2.189526
2.200806
2.190332
2.198389
2.19436
2.195166
2.197583
2.191943
2.2
2.190332
2.199194
2.189526
2.198389
2.189526
2.196777
2.191138
2.198389
2.191138
2.195166
2.192749
2.193555
2.191943
2.192749
2.192749
2.191138
2.192749
2.193555
2.191943
2.192749
2.192749
2.192749
2.193555
2.191943
2.191138
2.191943
2.190332
2.191943
2.190332
2.19436
2.18872
2.195166
2.18872
2.19436
2.187109
2.195166
2.185498
2.195166
2.184692
2.195971
2.185498
2.195166
2.187109
2.192749
2.18872
2.191138
2.190332
2.187109
2.192749
2.184692
2.191943
2.183887
2.19436
2.183887
2.192749
2.183887
2.191138
2.185498
2.191943
2.186303
2.191138
2.184692
2.190332
2.185498
2.18872
2.186303
2.187109
2.187109
2.186303
2.187109
2.18872
2.186303
2.187109
2.187109
2.186303
2.187915
2.185498
2.183887
2.185498
2.185498
2.186303
2.184692
2.187109
2.186303
2.187109
2.183081
2.18872
2.180664
2.189526
2.180664
2.187915
2.180664
2.191943
2.179052
2.190332
2.176635
2.18872
2.179052
2.187109
2.181469
2.184692
2.183887
2.183081
2.184692
2.179052
2.189526
2.178247
2.187109
2.176635
2.187915
2.178247
2.185498
2.179052
2.184692
2.178247
2.183081
2.179858
2.182275
2.180664
2.180664
2.180664
2.181469
2.179858
2.179052
2.179858
2.179858
2.180664
2.180664
2.179858
2.180664
2.179858
2.179858
2.178247
2.179052
2.178247
2.180664
2.176635
2.181469
2.175024
2.182275
2.17583
2.182275
2.173413
2.182275
2.172607
2.183081
2.172607
2.183081
2.174218
2.179858
2.175024
2.178247
2.176635
2.176635
2.179858
2.173413
2.181469
2.170995
2.181469
2.169384
2.181469
2.172607
2.179052
2.172607
2.179858
2.173413
2.178247
2.173413
2.176635
2.173413
2.176635
2.175024
2.17583
2.174218
2.17583
2.174218
2.17583
2.175024
2.174218
2.175024
2.173413
2.174218
2.173413
2.172607
2.172607
2.172607
2.174218
2.172607
2.175024
2.172607
2.172607
2.169384
2.174218
2.171801
2.173413
2.167773
2.176635
2.169384
2.174218
2.167773
2.175024
2.166967
2.176635
2.166162
2.17583
2.16455
2.173413
2.163744
2.175024
2.166967
2.172607
2.168579
2.17019
2.17019
2.166967
2.173413
2.166967
2.174218
2.163744
2.174218
2.163744
2.172607
2.162939
2.174218
2.16455
2.170995
2.162939
2.172607
2.16455
2.169384
2.165356
2.168579
2.165356
2.168579
2.165356
2.167773
2.166162
2.166967
2.166162
2.166162
2.166162
2.165356
2.166162
2.16455
2.16455
2.166162
2.16455
2.16455
2.165356
2.166162
2.162939
2.167773
2.16455
2.166162
2.162939
2.166162
2.162133
2.165356
2.162133
2.16455
2.160522
2.166967
2.158911
2.166162
2.158911
2.166967
2.158105
2.167773
2.155688
2.167773
2.156493
2.166967
2.157299
2.166162
2.158911
2.163744
2.161327
2.160522
2.162939
2.157299
2.166162
2.155688
2.165356
2.154882
2.166162
2.155688
2.163744
2.156493
2.162133
2.156493
2.161327
2.157299
2.161327
2.156493
2.157299
2.158105
2.158105
2.157299
2.157299
2.158105
2.157299
2.156493
2.158105
2.157299
2.157299
2.156493
2.158105
2.155688
2.157299
2.153271
2.159716
2.153271
2.160522
2.152465
2.159716
2.149242
2.161327
2.151659
2.159716
2.151659
2.157299
2.154076
2.156493
2.155688
2.151659
2.158105
2.150048
2.158911
2.149242
2.158105
2.150048
2.156493
2.150854
2.156493
2.150854
2.154076
2.150854
2.153271
2.152465
2.153271
2.151659
2.152465
2.153271
2.152465
2.151659
2.153271
2.150048
2.151659
2.151659
2.152465
2.150048
2.150854
2.148437
2.154076
2.146825
2.153271
2.146825
2.154882
2.146825
2.156493
2.143603
2.153271
2.14602
2.150854
2.146825
2.148437
2.150048
2.145214
2.152465
2.144408
2.153271
2.144408
2.152465
2.143603
2.151659
2.142797
2.150048
2.144408
2.149242
2.144408
2.147631
2.145214
2.148437
2.146825
2.14602
2.14602
2.144408
2.145214
2.14602
2.14602
2.145214
2.145214
2.144408
2.145214
2.146825
2.144408
2.146825
2.142797
2.143603
2.141186
2.146825
2.14038
2.148437
2.138768
2.147631
2.14038
2.148437
2.137157
2.148437
2.137963
2.145214
2.14038
2.141186
2.143603
2.14038
2.145214
2.137963
2.145214
2.136352
2.145214
2.135546
2.142797
2.137963
2.141991
2.137157
2.14038
2.138768
2.14038
2.14038
2.138768
2.14038
2.137963
2.137963
2.138768
2.138768
2.139574
2.139574
2.138768
2.137157
2.14038
2.133934
2.141186
2.13474
2.141186
2.133934
2.143603
2.133934
2.14038
2.135546
2.136352
2.138768
2.132323
2.141991
2.131517
2.141186
2.131517
2.138768
2.132323
2.136352
2.133129
2.135546
2.136352
2.133934
2.133934
2.13474
2.133934
2.133934
2.131517
2.13474
2.133934
2.135546
2.130712
2.135546
2.127489
2.137157
2.128295
2.137963
2.127489
2.137157
2.1291
2.133129
2.132323
2.1291
2.135546
2.126683
2.137157
2.126683
2.133934
2.127489
2.133129
2.127489
2.132323
2.129906
2.130712
2.1291
2.1291
2.129906
2.129906
2.1291
2.130712
2.128295
2.1291
2.128295
2.129906
2.125072
2.131517
2.125072
2.131517
2.123461
2.132323
2.122655
2.129906
2.122655
2.128295
2.125878
2.125072
2.130712
2.123461
2.130712
2.121044
2.129906
2.121044
2.128295
2.123461
2.127489
2.123461
2.126683
2.121044
2.125878
2.124266
2.124266
2.122655
2.123461
2.123461
2.123461
2.123461
2.125878
2.122655
2.123461
2.122655
2.124266
2.121849
2.124266
2.119432
2.125072
2.117015
2.125072
2.117015
2.126683
2.11621
2.125878
2.11621
2.125072
2.117015
2.122655
2.118627
2.121044
2.121849
2.11621
2.123461
2.114598
2.124266
2.115404
2.122655
2.114598
2.121849
2.115404
2.120238
2.11621
2.119432
2.117015
2.117821
2.11621
2.117821
2.117821
2.117015
2.11621
2.118627
2.11621
2.117015
2.114598
2.117015
2.113793
2.118627
2.112987
2.117821
2.111376
2.119432
2.108958
2.118627
2.111376
2.117821
2.113793
2.112987
2.117015
2.109764
2.118627
2.11057
2.117821
2.108958
2.115404
2.108153
2.114598
2.111376
2.112181
2.112987
2.112181
2.112181
2.112181
2.111376
2.112181
2.11057
2.112987
2.108958
2.112987
2.106541
2.114598
2.105736
2.115404
2.10493
2.114598
2.10493
2.11057
2.109764
2.107347
2.112181
2.104125
2.112987
2.104125
2.112181
2.105736
2.111376
2.10493
2.108958
2.106541
2.108153
2.106541
2.105736
2.106541
2.106541
2.106541
2.106541
2.10493
2.106541
2.104125
2.106541
2.103319
2.108153
2.100902
2.108153
2.100096
2.108153
2.098485
2.11057
2.09929
2.106541
2.100902
2.103319
2.104125
2.100096
2.105736
2.096873
2.107347
2.097679
2.105736
2.098485
2.10493
2.098485
2.103319
2.09929
2.101707
2.100096
2.100902
2.100902
2.100096
2.101707
2.100096
2.100902
2.097679
2.098485
2.09929
2.09929
2.09929
2.096873
2.102513
2.096068
2.102513
2.095262
2.102513
2.092845
2.101707
2.091234
2.101707
2.092039
2.100902
2.092845
2.098485
2.096068
2.092845
2.09929
2.092039
2.09929
2.088817
2.100096
2.089622
2.098485
2.091234
2.097679
2.090428
2.095262
2.092845
2.096068
2.093651
2.093651
2.093651
2.092845
2.092845
2.092845
2.092039
2.092039
2.092039
2.092845
2.091234
2.092039
2.091234
2.092845
2.090428
2.092845
2.088817
2.093651
2.087205
2.093651
2.0864
2.095262
2.083982
2.095262
2.084788
2.094456
2.0864
2.092039
2.088011
2.087205
2.089622
2.0864
2.091234
2.083982
2.092039
2.083177
2.091234
2.082371
2.090428
2.083177
2.088817
2.083177
2.088011
2.084788
2.088011
2.084788
2.0864
2.084788
2.084788
2.085594
2.084788
2.084788
2.083982
2.083177
2.083982
2.083982
2.083982
2.083177
2.083177
2.081566
2.084788
2.081566
2.084788
2.079149
2.084788
2.078343
2.088011
2.076731
2.0864
2.07512
2.085594
2.074314
2.083982
2.078343
2.079954
2.081566
2.076731
2.083982
2.07512
2.084788
2.074314
2.083177
2.075926
2.082371
2.07512
2.079954
2.076731
2.078343
2.075926
2.077537
2.077537
2.076731
2.076731
2.076731
2.075926
2.075926
2.075926
2.077537
2.076731
2.07512
2.074314
2.076731
2.071898
2.079149
2.071898
2.077537
2.06948
2.078343
2.067869
2.076731
2.06948
2.077537
2.072703
2.071898
2.074314
2.068675
2.075926
2.067063
2.076731
2.067869
2.075926
2.067869
2.073509
2.06948
2.073509
2.06948
2.070286
2.06948
2.067869
2.067869
2.068675
2.06948
2.06948
2.068675
2.06948
2.06948
2.067869
2.06948
2.067869
2.066258
2.070286
2.063841
2.072703
2.063035
2.071092
2.059762
2.071092
2.058956
2.071092
2.060568
2.068675
2.065452
2.064646
2.067063
2.060568
2.068675
2.058151
2.067869
2.058956
2.065452
2.058151
2.067869
2.058956
2.064646
2.059762
2.064646
2.060568
2.059762
2.060568
2.058956
2.060568
2.059762
2.059762
2.059762
2.058151
2.059762
2.058151
2.058956
2.056539
2.059762
2.054928
2.061373
2.054122
2.060568
2.053317
2.064646
2.051705
2.060568
2.052511
2.059762
2.054928
2.054928
2.057345
2.0509
2.058956
2.0509
2.061373
2.050094
2.058956
2.0509
2.056539
2.051705
2.055733
2.052511
2.053317
2.053317
2.053317
2.052511
2.053317
2.052511
2.051705
2.051705
2.053317
2.0509
2.051705
2.048482
2.053317
2.04526
2.054122
2.044454
2.054928
2.044454
2.054122
2.044454
2.0509
2.048482
2.046871
2.051705
2.043648
2.053317
2.041231
2.052511
2.044454
2.050094
2.046065
2.049288
2.044454
2.046871
2.04526
2.046065
2.046065
2.046871
2.046871
2.04526
2.044454
2.04526
2.043648
2.04526
2.041231
2.046871
2.03962
2.047677
2.038814
2.046871
2.038009
2.046065
2.03962
2.043648
2.043648
2.038814
2.046871
2.035592
2.046065
2.037203
2.046065
2.038009
2.042843
2.038009
2.040426
2.038814
2.03962
2.038814
2.038814
2.038814
2.038009
2.038814
2.037203
2.038009
2.038009
2.037203
2.038009
2.035592
2.03962
2.03398
2.042037
2.031563
2.041231
2.029952
2.040426
2.031563
2.038814
2.03398
2.03398
2.038009
2.031563
2.038814
2.029146
2.037203
2.028341
2.036397
2.030758
2.035592
2.031563
2.03398
2.032369
2.032369
2.032369
2.033175
2.032369
2.030758
2.030758
2.031563
2.030758
2.029146
2.028341
2.032369
2.026729
2.031563
2.025923
2.034786
2.023506
2.032369
2.025923
2.030758
2.029952
2.024312
2.031563
2.02109
2.029146
2.024312
2.029952
2.025118
2.029146
2.025923
2.026729
2.025923
2.024312
2.025923
2.025923
2.025118
2.025923
2.023506
2.025118
2.021895
2.028341
2.02109
2.027535
2.018672
2.028341
2.019478
2.025118
2.022701
2.018672
2.025118
2.01545
2.025118
2.016255
2.025118
2.017867
2.023506
2.019478
2.020284
2.018672
2.018672
2.020284
2.019478
2.019478
2.019478
2.018672
2.019478
2.017867
2.020284
2.013838
2.020284
2.013033
2.022701
2.011421
2.017867
2.013033
2.017867
2.01545
2.013838
2.019478
2.010616
2.019478
2.009004
2.016255
2.010616
2.01545
2.011421
2.014644
2.011421
2.013033
2.013033
2.011421
2.012227
2.012227
2.012227
2.011421
2.011421
2.012227
2.00981
2.013033
2.006587
2.014644
2.006587
2.014644
2.004976
2.013838
2.006587
2.012227
2.009004
2.007393
2.012227
2.003365
2.013033
2.003365
2.011421
2.00417
2.009004
2.00417
2.007393
2.005782
2.006587
2.006587
2.006587
2.004976
2.005782
2.006587
2.005782
2.00417
2.004976
2.001753
2.007393
2.000947
2.006587
1.999336
2.009004
1.99853
2.006587
1.999336
2.002559
2.004976
1.997725
2.005782
1.995308
2.004976
1.996919
2.002559
1.996919
2.002559
1.997725
1.999336
1.99853
2.000142
1.999336
1.99853
1.99853
1.996919
1.997725
1.99853
1.996113
1.996919
1.995308
1.999336
1.992891
2.000142
1.992891
1.999336
1.989668
2.000142
1.991279
1.996919
1.994502
1.990474
1.99853
1.991279
1.99853
1.990474
1.996113
1.989668
1.994502
1.990474
1.993696
1.992891
1.992085
1.992891
1.990474
1.989668
1.992085
1.990474
1.990474
1.987251
1.990474
1.987251
1.992085
1.986445
1.991279
1.984834
1.993696
1.981611
1.992891
1.984028
1.987251
1.988862
1.984028
1.989668
1.981611
1.990474
1.982417
1.988057
1.981611
1.988057
1.982417
1.98564
1.984028
1.984028
1.984834
1.983223
1.984028
1.982417
1.982417
1.981611
1.982417
1.983223
1.980806
1.983223
1.977583
1.984028
1.976777
1.984834
1.975972
1.981611
1.97436
1.984028
1.975972
1.979194
1.980806
1.97436
1.983223
1.972749
1.982417
1.972749
1.980806
1.972749
1.978389
1.976777
1.977583
1.975166
1.975972
1.975166
1.975972
1.975166
1.97436
1.975166
1.975166
1.973555
1.973555
1.972749
1.975166
1.971138
1.975972
1.971138
1.975972
1.967915
1.977583
1.966303
1.975166
1.96872
1.972749
1.971943
1.967109
1.97436
1.964692
1.97436
1.965498
1.972749
1.965498
1.971138
1.965498
1.969526
1.967109
1.967915
1.967109
1.967109
1.967109
1.967109
1.966303
1.967915
1.964692
1.96872
1.963886
1.969526
1.961469
1.969526
1.959858
1.96872
1.958247
1.967109
1.962275
1.963081
1.966303
1.957441
1.969526
1.956635
1.966303
1.959052
1.963081
1.958247
1.961469
1.960664
1.960664
1.960664
1.959052
1.960664
1.959858
1.959858
1.958247
1.957441
1.959858
1.95583
1.962275
1.954218
1.960664
1.951801
1.961469
1.95019
1.962275
1.951801
1.959052
1.954218
1.953413
1.957441
1.948579
1.959858
1.947773
1.959052
1.949384
1.95583
1.95019
1.953413
1.95019
1.953413
1.950996
1.950996
1.950996
1.950996
1.95019
1.95019
1.95019
1.950996
1.949384
1.950996
1.947773
1.951801
1.94455
1.951801
1.943745
1.952607
1.942133
1.951801
1.94455
1.949384
1.946967
1.943745
1.949384
1.941327
1.951801
1.939716
1.948579
1.941327
1.947773
1.941327
1.945356
1.940522
1.94455
1.943745
1.942939
1.942939
1.942133
1.941327
1.941327
1.941327
1.942133
1.941327
1.939716
1.93891
1.942133
1.937299
1.942133
1.936493
1.942939
1.934882
1.942939
1.933271
1.943745
1.933271
1.941327
1.934076
1.938105
1.938105
1.933271
1.93891
1.930854
1.939716
1.930854
1.93891
1.930854
1.938105
1.931659
1.934882
1.931659
1.934076
1.932465
1.932465
1.933271
1.931659
1.931659
1.932465
1.932465
1.931659
1.930048
1.930854
1.930048
1.930048
1.926825
1.932465
1.925214
1.932465
1.923603
1.933271
1.922797
1.933271
1.923603
1.930048
1.925214
1.927631
1.928437
1.922797
1.930048
1.919574
1.930048
1.921186
1.928437
1.921186
1.927631
1.92038
1.92602
1.921991
1.923603
1.921186
1.922797
1.921991
1.921186
1.921991
1.921186
1.921186
1.92038
1.921186
1.921186
1.918769
1.92038
1.917963
1.92038
1.916352
1.921991
1.915546
1.921186
1.912323
1.921186
1.912323
1.921991
1.909906
1.92038
1.912323
1.917963
1.915546
1.913935
1.917157
1.910712
1.917963
1.9091
1.917963
1.908295
1.917157
1.908295
1.916352
1.908295
1.913935
1.908295
1.912323
1.909906
1.911518
1.909906
1.909906
1.9091
1.908295
1.9091
1.908295
1.908295
1.908295
1.9091
1.907489
1.908295
1.908295
1.907489
1.908295
1.905072
1.9091
1.902655
1.908295
1.901044
1.908295
1.901044
1.909906
1.897821
1.9091
1.899432
1.908295
1.898627
1.905878
1.902655
1.901849
1.903461
1.899432
1.905878
1.89621
1.905878
1.895404
1.904266
1.897015
1.903461
1.89621
1.902655
1.89621
1.900238
1.89621
1.899432
1.897015
1.898627
1.89621
1.89621
1.895404
1.897015
1.89621
1.89621
1.895404
1.893793
1.89621
1.895404
1.891376
1.893793
1.891376
1.89621
1.888959
1.895404
1.889764
1.897015
1.887347
1.89621
1.88493
1.89621
1.887347
1.893793
1.888959
1.89057
1.892181
1.888959
1.893793
1.884125
1.892987
1.883319
1.892181
1.884125
1.891376
1.884125
1.889764
1.884125
1.888153
1.88493
1.886541
1.88493
1.885736
1.884125
1.884125
1.883319
1.883319
1.881707
1.884125
1.882513
1.883319
1.881707
1.882513
1.881707
1.882513
1.880096
1.881707
1.878485
1.882513
1.877679
1.882513
1.876068
1.883319
1.876068
1.881707
1.874456
1.881707
1.873651
1.880902
1.872039
1.881707
1.872039
1.880096
1.872039
1.878485
1.872039
1.878485
1.872845
1.873651
1.872845
1.873651
1.875262
1.872039
1.876873
1.868011
1.876873
1.867205
1.876068
1.8664
1.876873
1.865594
1.873651
1.8664
1.872039
1.865594
1.872039
1.868011
1.870428
1.8664
1.870428
1.8664
1.868817
1.8664
1.867205
1.865594
1.8664
1.864788
1.865594
1.8664
1.864788
1.865594
1.864788
1.863983
1.863983
1.862371
1.863177
1.861565
1.863177
1.86076
1.861565
1.86076
1.86076
1.858343
1.861565
1.859149
1.861565
1.858343
1.863177
1.855875
1.861565
1.854264
1.86076
1.854264
1.861565
1.853458
1.862371
1.851041
1.862371
1.851847
1.86076
1.851847
1.859149
1.853458
1.855875
1.855875
1.854264
1.85507
1.851041
1.856731
1.850236
1.855875
1.847819
1.855875
1.847013
1.85507
1.847819
1.855875
1.847819
1.853458
1.847819
1.851847
1.845402
1.851847
1.847819
1.84943
1.847013
1.847819
1.847819
1.847819
1.846207
1.847013
1.847819
1.84379
1.847013
1.84379
1.845402
1.844596
1.844596
1.844596
1.84379
1.844596
1.842179
1.84379
1.842179
1.842985
1.840568
1.84379
1.838956
1.844596
1.835734
1.842985
1.835734
1.842985
1.834928
1.842985
1.834122
1.844596
1.832511
1.842985
1.832511
1.841373
1.834122
1.839762
1.834122
1.837345
1.834928
1.834122
1.837345
1.831705
1.838151
1.830094
1.838151
1.829288
1.837345
1.828482
1.837345
1.828482
1.834122
1.826871
1.834122
1.827677
1.832511
1.827677
1.832511
1.826871
1.831705
1.827677
1.830899
1.827677
1.829288
1.827677
1.827677
1.826871
1.826871
1.827677
1.827677
1.82526
1.826065
1.82526
1.82526
1.82526
1.824454
1.824454
1.824454
1.822843
1.823648
1.81962
1.824454
1.820426
1.824454
1.818814
1.82526
1.818814
1.824454
1.816397
1.82526
1.814786
1.824454
1.813175
1.823648
1.81398
1.821231
1.81398
1.818814
1.815592
1.816397
1.817203
1.814786
1.818009
1.811563
1.81962
1.808341
1.81962
1.809146
1.818814
1.809146
1.816397
1.809146
1.816397
1.809146
1.814786
1.809952
1.813175
1.809952
1.811563
1.808341
1.809952
1.809146
1.809146
1.808341
1.809146
1.808341
1.808341
1.806729
1.807535
1.806729
1.805118
1.805923
1.807535
1.805118
1.806729
1.804312
1.803506
1.801895
1.805923
1.800284
1.805923
1.800284
1.805923
1.797867
1.805923
1.797061
1.807535
1.79545
1.805923
1.796255
1.802701
1.797867
1.800284
1.800284
1.797061
1.801895
1.793838
1.801089
1.792227
1.801089
1.792227
1.801089
1.793033
1.799478
1.793033
1.797867
1.792227
1.79545
1.792227
1.79545
1.793033
1.793033
1.793033
1.792227
1.792227
1.792227
1.792227
1.791421
1.790616
1.790616
1.78981
1.78981
1.788199
1.790616
1.788199
1.789004
1.788199
1.78981
1.78417
1.78981
1.78417
1.790616
1.781753
1.790616
1.779336
1.790616
1.780142
1.789004
1.779336
1.785782
1.780948
1.782559
1.78417
1.778531
1.786587
1.777725
1.786587
1.775308
1.785782
1.776114
1.783365
1.776919
1.781753
1.776919
1.778531
1.777725
1.777725
1.776919
1.776919
1.776114
1.776114
1.776114
1.776114
1.776114
1.775308
1.775308
1.775308
1.774502
1.773696
1.772085
1.775308
1.772085
1.776114
1.768057
1.776114
1.767251
1.776114
1.76564
1.776114
1.764834
1.774502
1.766445
1.771279
1.768057
1.768057
1.770474
1.764834
1.769668
1.763223
1.771279
1.761611
1.770474
1.76
1.769668
1.76
1.767251
1.761611
1.767251
1.76
1.76564
1.760806
1.764834
1.760806
1.763223
1.759194
1.762417
1.760806
1.760806
1.76
1.760806
1.757583
1.759194
1.758389
1.758389
1.758389
1.757583
1.757583
1.755972
1.755972
1.757583
1.755972
1.755972
1.75436
1.755166
1.755166
1.75436
1.753555
1.753555
1.751943
1.75436
1.750332
1.755972
1.748721
1.75436
1.745498
1.755166
1.747109
1.75436
1.743886
1.75436
1.743081
1.75436
1.743081
1.752749
1.743081
1.751943
1.742275
1.748721
1.743081
1.747109
1.743886
1.744692
1.745498
1.743081
1.746303
1.739052
1.747109
1.738247
1.747109
1.737441
1.745498
1.736635
1.746303
1.73583
1.744692
1.73583
1.743886
1.735024
1.743081
1.733413
1.742275
1.736635
1.739858
1.735024
1.739858
1.734218
1.739052
1.730996
1.738247
1.732607
1.736635
1.732607
1.735024
1.733413
1.73583
1.732607
1.735024
1.730996
1.730996
1.730996
1.731801
1.730996
1.730996
1.73019
1.729384
1.729384
1.729384
1.727773
1.728579
1.728579
1.727773
1.728579
1.726162
1.726967
1.726162
1.726967
1.725356
1.72455
1.723744
1.726162
1.725356
1.723744
1.72455
1.722133
1.723744
1.722133
1.723744
1.721328
1.722939
1.71891
1.722939
1.718105
1.720522
1.718105
1.721328
1.716493
1.720522
1.716493
1.720522
1.714076
1.719716
1.714076
1.71891
1.714076
1.718105
1.712465
1.718105
1.710854
1.717299
1.711659
1.718105
1.710048
1.715688
1.708437
1.716493
1.706825
1.716493
1.706825
1.716493
1.70602
1.716493
1.705214
1.714882
1.704408
1.712465
1.704408
1.712465
1.704408
1.710854
1.705214
1.710854
1.703603
1.709242
1.702797
1.706825
1.702797
1.706825
1.702797
1.705214
1.703603
1.702797
1.704408
1.701186
1.704408
1.699574
1.704408
1.697963
1.704408
1.697963
1.704408
1.695546
1.704408
1.693934
1.703603
1.692323
1.702797
1.692323
1.701991
1.692323
1.70038
1.690712
1.699574
1.690712
1.698769
1.690712
1.697963
1.689906
1.696352
1.689906
1.695546
1.6891
1.695546
1.688295
1.693129
1.688295
1.692323
1.687489
1.691517
1.688295
1.691517
1.687489
1.689906
1.688295
1.6891
1.686683
1.686683
1.685878
1.687489
1.685878
1.686683
1.685072
1.685878
1.685072
1.684266
1.684266
1.683461
1.683461
1.683461
1.682655
1.682655
1.681849
1.681849
1.681044
1.681849
1.680238
1.681044
1.679432
1.681849
1.677821
1.681044
1.677821
1.681044
1.675404
1.679432
1.673793
1.680238
1.672987
1.679432
1.672181
1.679432
1.67057
1.680238
1.668959
1.679432
1.669764
1.677821
1.671376
1.673793
1.672181
1.67057
1.672987
1.668959
1.674598
1.666541
1.672987
1.66493
1.673793
1.66493
1.672987
1.66493
1.671376
1.664124
1.669764
1.665736
1.667347
1.66493
1.666541
1.66493
1.66493
1.664124
1.66493
1.661707
1.661707
1.663319
1.662513
1.663319
1.662513
1.662513
1.661707
1.663319
1.660902
1.660902
1.663319
1.660096
1.660096
1.656873
1.660902
1.656068
1.660096
1.654456
1.661707
1.652845
1.661707
1.652845
1.661707
1.650428
1.65929
1.651234
1.65929
1.652845
1.655262
1.653651
1.652039
1.656068
1.647155
1.658485
1.646349
1.657679
1.645544
1.655262
1.645544
1.652845
1.644738
1.652845
1.644738
1.652845
1.644738
1.650428
1.643932
1.647155
1.644738
1.645544
1.644738
1.644738
1.644738
1.643932
1.644738
1.642321
1.642321
1.642321
1.643932
1.641515
1.641515
1.642321
1.641515
1.641515
1.640709
1.640709
1.639098
1.639098
1.638292
1.639098
1.638292
1.639904
1.636681
1.640709
1.634264
1.639904
1.634264
1.639098
1.631847
1.639098
1.631041
1.640709
1.631041
1.639904
1.628624
1.639904
1.628624
1.638292
1.627819
1.635875
1.627819
1.63507
1.631041
1.631847
1.631041
1.62943
1.631847
1.624596
1.633458
1.625402
1.631041
1.624596
1.633458
1.624596
1.633458
1.62379
1.631041
1.622985
1.62943
1.624596
1.628624
1.621373
1.628624
1.622179
1.627013
1.62379
1.624596
1.622985
1.624596
1.622179
1.62379
1.621373
1.621373
1.621373
1.619762
1.620568
1.621373
1.619762
1.619762
1.618956
1.618956
1.618151
1.618151
1.618151
1.618956
1.617345
1.618151
1.615734
1.616539
1.614122
1.617345
1.612511
1.616539
1.609288
1.615734
1.609288
1.616539
1.608482
1.614928
1.606871
1.616539
1.606065
1.614928
1.60526
1.614122
1.606065
1.612511
1.606065
1.610094
1.608482
1.607677
1.609288
1.60526
1.610094
1.603648
1.612511
1.602037
1.610094
1.601231
1.609288
1.601231
1.607677
1.600426
1.607677
1.600426
1.60526
1.600426
1.602843
1.601231
1.602843
1.602037
1.602843
1.600426
1.600426
1.600426
1.59962
1.59962
1.59962
1.600426
1.59962
1.59962
1.598814
1.596397
1.598814
1.597203
1.598009
1.596397
1.598009
1.594786
1.598009
1.593175
1.597203
1.590758
1.598009
1.590758
1.596397
1.590758
1.598009
1.587535
1.598814
1.587535
1.598009
1.587535
1.595592
1.589146
1.592369
1.590758
1.589146
1.591563
1.585924
1.59398
1.582701
1.593175
1.583506
1.592369
1.582701
1.591563
1.582701
1.589952
1.583506
1.588341
1.582701
1.586729
1.582701
1.585924
1.583506
1.585924
1.582701
1.585118
1.582701
1.582701
1.581895
1.581089
1.582701
1.581089
1.581895
1.580284
1.579478
1.579478
1.577867
1.580284
1.577867
1.580284
1.577867
1.579478
1.57545
1.577867
1.57545
1.577867
1.573838
1.577061
1.572227
1.580284
1.570616
1.577867
1.570616
1.577867
1.569004
1.577867
1.568199
1.577867
1.567393
1.577061
1.566587
1.576255
1.566587
1.57545
1.566587
1.574644
1.566587
1.572227
1.566587
1.56981
1.566587
1.569004
1.569004
1.567393
1.568199
1.564976
1.568199
1.563365
1.569004
1.560142
1.56981
1.560948
1.568199
1.559336
1.569004
1.560142
1.56417
1.558531
1.567393
1.557725
1.566587
1.558531
1.56417
1.557725
1.56417
1.556919
1.563365
1.557725
1.560948
1.556113
1.560142
1.556919
1.558531
1.556113
1.557725
1.556113
1.556919
1.557725
1.556113
1.556113
1.556113
1.555308
1.554502
1.554502
1.554502
1.554502
1.554502
1.553696
1.554502
1.553696
1.552891
1.550474
1.551279
1.549668
1.551279
1.548862
1.551279
1.548862
1.548862
1.549668
1.549668
1.547251
1.548862
1.54564
1.548862
1.544028
1.548057
1.543223
1.550474
1.542417
1.547251
1.541611
1.548862
1.541611
1.548862
1.538389
1.548057
1.538389
1.548057
1.536777
1.547251
1.536777
1.547251
1.536777
1.544028
1.537583
1.543223
1.536777
1.541611
1.537583
1.54
1.537583
1.536777
1.539194
1.53436
1.54
1.531943
1.539194
1.530332
1.54
1.530332
1.538389
1.52872
1.538389
1.52872
1.536777
1.527915
1.535166
1.527109
1.531943
1.526303
1.531137
1.525498
1.530332
1.524692
1.529526
1.523886
1.52872
1.524692
1.527915
1.523886
1.525498
1.524692
1.525498
1.523081
1.524692
1.523886
1.523081
1.523886
1.522275
1.522275
1.522275
1.520664
1.521469
1.521469
1.520664
1.520664
1.520664
1.519858
1.519858
1.518247
1.519052
1.518247
1.519052
1.516635
1.518247
1.51583
1.518247
1.515024
1.519052
1.510996
1.518247
1.511801
1.516635
1.51019
1.518247
1.509384
1.518247
1.508579
1.518247
1.507773
1.517441
1.506967
1.51583
1.507773
1.514218
1.507773
1.511801
1.510996
1.508579
1.512607
1.505356
1.513413
1.503745
1.512607
1.501328
1.512607
1.502939
1.51019
1.502939
1.508579
1.502939
1.507773
1.50455
1.506162
1.502133
1.505356
1.502939
1.50455
1.502939
1.502133
1.502939
1.499716
1.502939
1.501328
1.501328
1.500522
1.500522
1.500522
1.499716
1.500522
1.498105
1.500522
1.498105
1.499716
1.495688
1.501328
1.494076
1.49891
1.494076
1.500522
1.492465
1.501328
1.490048
1.500522
1.490048
1.49891
1.490854
1.497299
1.490854
1.495688
1.494076
1.490854
1.494882
1.489242
1.494882
1.486825
1.496493
1.486825
1.495688
1.486825
1.494882
1.487631
1.494076
1.48602
1.492465
1.484408
1.490854
1.484408
1.489242
1.487631
1.487631
1.48602
1.487631
1.485214
1.48602
1.485214
1.484408
1.485214
1.484408
1.485214
1.484408
1.483603
1.483603
1.483603
1.482797
1.482797
1.481186
1.481991
1.482797
1.481186
1.483603
1.48038
1.482797
1.478769
1.481186
1.477963
1.481186
1.477963
1.483603
1.476351
1.481991
1.476351
1.481186
1.473935
1.482797
1.473129
1.48038
1.470712
1.481186
1.469906
1.481186
1.470712
1.48038
1.470712
1.477963
1.469906
1.477157
1.472323
1.472323
1.473129
1.472323
1.47474
1.4691
1.476351
1.467489
1.477963
1.465878
1.475546
1.465072
1.475546
1.465072
1.47474
1.465878
1.473129
1.464266
1.472323
1.465072
1.472323
1.465072
1.470712
1.465072
1.469906
1.465072
1.469906
1.464266
1.467489
1.464266
1.467489
1.465878
1.467489
1.462655
1.465878
1.462655
1.465878
1.464266
1.464266
1.463461
1.463461
1.462655
1.463461
1.461849
1.463461
1.461849
1.461849
1.461849
1.461849
1.460238
1.459432
1.460238
1.460238
1.460238
1.459432
1.458627
1.460238
1.457821
1.458627
1.457821
1.458627
1.458627
1.459432
1.457015
1.458627
1.454598
1.459432
1.454598
1.458627
1.452987
1.458627
1.452181
1.459432
1.451376
1.457821
1.452181
1.460238
1.45057
1.458627
1.448153
1.459432
1.447347
1.457821
1.448958
1.45621
1.448153
1.455404
1.45057
1.453793
1.451376
1.45057
1.452987
1.447347
1.453793
1.446542
1.453793
1.44493
1.454598
1.44493
1.454598
1.443268
1.452987
1.444124
1.452181
1.444124
1.451376
1.443268
1.451376
1.444124
1.45057
1.443268
1.448958
1.44493
1.447347
1.444124
1.447347
1.444124
1.446542
1.444124
1.445736
1.444124
1.445736
1.444124
1.444124
1.443268
1.443268
1.444124
1.443268
1.443268
1.443268
1.443268
1.443268
1.443268
1.443268
1.443268
1.442463
1.441657
1.442463
1.441657
1.440851
1.440046
1.441657
1.440851
1.440046
1.440046
1.440046
1.440046
1.440851
1.43924
1.440851
1.438434
1.43924
1.438434
1.440851
1.436017
1.440851
1.435212
1.441657
1.434406
1.440851
1.4336
1.440851
1.4336
1.441657
1.431989
1.442463
1.431183
1.440851
1.430378
1.440851
1.428766
1.440046
1.430378
1.437629
1.430378
1.438434
1.431183
1.436823
1.431183
1.435212
1.432795
1.4336
1.4336
1.431989
1.432795
1.430378
1.435212
1.427961
1.436823
1.427155
1.434406
1.426349
1.436017
1.425544
1.436017
1.425544
1.435212
1.424738
1.434406
1.425544
1.432795
1.425544
1.4336
1.425544
1.4336
1.425544
1.431989
1.425544
1.429572
1.427961
1.428766
1.425544
1.427961
1.426349
1.427961
1.426349
1.427155
1.425544
1.425544
1.425544
1.424738
1.427155
1.425544
1.426349
1.425544
1.423932
1.423932
1.422321
1.423127
1.423932
1.423127
1.422321
1.423127
1.42071
1.423127
1.422321
1.423127
1.423127
1.422321
1.42071
1.42071
1.42071
1.421515
1.42071
1.419904
1.42071
1.419904
1.419098
1.42071
1.415875
1.421515
1.417487
1.42071
1.417487
1.421515
1.41507
1.422321
1.41507
1.422321
1.41507
1.421515
1.413458
1.423127
1.413458
1.421515
1.411847
1.422321
1.411847
1.421515
1.411847
1.421515
1.411041
1.419904
1.413458
1.419904
1.413458
1.415875
1.414264
1.41507
1.416681
1.411847
1.416681
1.411847
1.416681
1.408624
1.419904
1.410236
1.418293
1.407013
1.417487
1.408624
1.415875
1.407819
1.417487
1.40943
1.414264
1.408624
1.41507
1.408624
1.413458
1.407819
1.413458
1.408624
1.412653
1.40943
1.411041
1.410236
1.410236
1.40943
1.40943
1.40943
1.40943
1.408624
1.408624
1.408624
1.408624
1.408624
1.408624
1.408624
1.407819
1.407819
1.407819
1.407013
1.40943
1.406207
1.40943
1.402985
1.411041
1.402179
1.411041
1.399762
1.411041
1.400568
1.411041
1.400568
1.410236
1.400568
1.408624
1.402985
1.405402
1.40379
1.402179
1.407013
1.398956
1.407013
1.400568
1.408624
1.399762
1.407819
1.398956
1.408624
1.398151
1.407013
1.397345
1.405402
1.398151
1.405402
1.397345
1.40379
1.397345
1.402985
1.398151
1.402985
1.399762
1.400568
1.398956
1.400568
1.398956
1.400568
1.398956
1.399762
1.400568
1.399762
1.398151
1.398956
1.399762
1.398956
1.398151
1.398956
1.397345
1.398151
1.397345
1.396539
1.396539
1.398151
1.397345
1.397345
1.395734
1.396539
1.394928
1.397345
1.394928
1.398151
1.393317
1.396539
1.393317
1.398151
1.391705
1.397345
1.390094
1.398956
1.389288
1.400568
1.388482
1.398956
1.387677
1.398151
1.388482
1.396539
1.390094
1.395734
1.392511
1.390899
1.394122
1.389288
1.395734
1.387677
1.396539
1.386871
1.395734
1.386871
1.396539
1.387677
1.394122
1.388482
1.392511
1.387677
1.394122
1.389288
1.390899
1.388482
1.389288
1.388482
1.390094
1.390899
1.389288
1.387677
1.388482
1.388482
1.388482
1.386871
1.387677
1.386065
1.387677
1.386871
1.387677
1.384454
1.389288
1.383648
1.390094
1.383648
1.389288
1.382037
1.390094
1.380426
1.392511
1.380426
1.390899
1.37962
1.389288
1.380426
1.386065
1.382037
1.383648
1.384454
1.380426
1.388482
1.378814
1.390094
1.377203
1.390094
1.377203
1.386065
1.377203
1.384454
1.378814
1.383648
1.378009
1.382843
1.380426
1.382037
1.380426
1.381231
1.380426
1.37962
1.37962
1.37962
1.378814
1.380426
1.378009
1.37962
1.378814
1.37962
1.378009
1.37962
1.375592
1.381231
1.37398
1.381231
1.373175
1.382037
1.373175
1.382037
1.372369
1.382843
1.371563
1.382037
1.373175
1.378009
1.375592
1.37398
1.378009
1.371563
1.380426
1.369952
1.380426
1.369146
1.378814
1.369146
1.378009
1.369952
1.376397
1.369952
1.376397
1.369952
1.375592
1.370758
1.37398
1.371563
1.373175
1.371563
1.372369
1.371563
1.372369
1.371563
1.371563
1.370758
1.370758
1.370758
1.369952
1.370758
1.369952
1.369952
1.370758
1.369146
1.36834
1.36834
1.369146
1.367535
1.370758
1.366729
1.371563
1.365924
1.370758
1.363506
1.371563
1.365118
1.371563
1.364312
1.371563
1.361895
1.373175
1.360284
1.372369
1.361895
1.370758
1.361089
1.369146
1.362701
1.366729
1.364312
1.363506
1.366729
1.361089
1.36834
1.359478
1.369146
1.358672
1.369952
1.358672
1.366729
1.359478
1.365924
1.358672
1.365118
1.360284
1.364312
1.360284
1.363506
1.361895
1.362701
1.361089
1.361089
1.361895
1.361089
1.361089
1.361089
1.361089
1.361895
1.358672
1.360284
1.358672
1.359478
1.357061
1.361089
1.35545
1.361089
1.353033
1.363506
1.354644
1.363506
1.351421
1.364312
1.352227
1.362701
1.351421
1.360284
1.352227
1.357867
1.356255
1.354644
1.357867
1.351421
1.360284
1.34981
1.360284
1.34981
1.359478
1.34981
1.357867
1.34981
1.357867
1.34981
1.35545
1.350616
1.354644
1.352227
1.353033
1.351421
1.351421
1.351421
1.351421
1.350616
1.350616
1.351421
1.350616
1.351421
1.350616
1.350616
1.34981
1.348199
1.350616
1.34981
1.349004
1.345782
1.351421
1.347393
1.351421
1.34417
1.351421
1.34417
1.352227
1.342559
1.353838
1.339336
1.352227
1.341753
1.350616
1.343365
1.346587
1.345782
1.344976
1.348199
1.340948
1.349004
1.340948
1.350616
1.338531
1.34981
1.340142
1.348199
1.339336
1.346587
1.341753
1.345782
1.340948
1.34417
1.340948
1.341753
1.341753
1.341753
1.340948
1.341753
1.341753
1.340948
1.339336
1.339336
1.340948
1.340142
1.338531
1.338531
1.339336
1.339336
1.339336
1.339336
1.337725
1.339336
1.336113
1.340142
1.334502
1.338531
1.333696
1.340142
1.332085
1.340948
1.331279
1.340948
1.328862
1.340948
1.328862
1.339336
1.328057
1.338531
1.329668
1.337725
1.331279
1.336113
1.332891
1.332085
1.332891
1.330474
1.336113
1.328057
1.335308
1.326445
1.336919
1.32564
1.335308
1.32564
1.334502
1.32564
1.334502
1.32564
1.332891
1.326445
1.331279
1.327251
1.329668
1.326445
1.328862
1.324834
1.328057
1.326445
1.328862
1.327251
1.32564
1.324834
1.326445
1.32564
1.32564
1.324834
1.324834
1.324834
1.324834
1.323223
1.323223
1.323223
1.324028
1.32
1.324028
1.320806
1.324834
1.318389
1.32564
1.316777
1.324834
1.316777
1.327251
1.315972
1.327251
1.31436
1.327251
1.31436
1.323223
1.319194
1.32
1.32
1.317583
1.320806
1.313555
1.322417
1.311943
1.321611
1.311138
1.322417
1.311943
1.32
1.310332
1.318389
1.312749
1.317583
1.313555
1.315972
1.312749
1.31436
1.312749
1.313555
1.313555
1.313555
1.313555
1.312749
1.312749
1.312749
1.311943
1.311138
1.311138
1.311943
1.310332
1.310332
1.309526
1.311943
1.30872
1.311138
1.307109
1.311943
1.304692
1.311138
1.304692
1.311943
1.302275
1.311943
1.302275
1.312749
1.300664
1.312749
1.300664
1.311138
1.301469
1.307915
1.301469
1.305498
1.303886
1.303081
1.305498
1.299858
1.305498
1.299052
1.307109
1.296635
1.306304
1.296635
1.306304
1.29583
1.304692
1.29583
1.303886
1.296635
1.303081
1.296635
1.302275
1.297441
1.299858
1.29583
1.299052
1.297441
1.299858
1.29583
1.298247
1.29583
1.297441
1.296635
1.29583
1.296635
1.29583
1.294218
1.294218
1.293413
1.292607
1.293413
1.293413
1.292607
1.291801
1.291801
1.290996
1.291801
1.290996
1.29019
1.29019
1.291801
1.290996
1.29019
1.29019
1.289384
1.288579
1.287773
1.288579
1.286967
1.287773
1.286967
1.286967
1.285356
1.286967
1.286967
1.285356
1.285356
1.28455
1.283745
1.286967
1.283745
1.28455
1.283745
1.283745
1.282939
1.283745
1.282939
1.281327
1.281327
1.281327
1.279716
1.280522
1.280522
1.279716
1.278911
1.279716
1.278105
1.279716
1.277299
1.277299
1.277299
1.276493
1.275688
1.276493
1.274882
1.277299
1.274076
1.277299
1.274882
1.274076
1.273271
1.275688
1.273271
1.274076
1.271659
1.271659
1.271659
1.271659
1.270048
1.271659
1.268437
1.271659
1.269242
1.270854
1.267631
1.269242
1.266825
1.267631
1.26602
1.268437
1.265214
1.267631
1.264408
1.266825
1.263603
1.26602
1.263603
1.264408
1.262797
1.264408
1.261186
1.264408
1.259574
1.262797
1.258769
1.262797
1.257157
1.262797
1.256352
1.262797
1.253935
1.262797
1.253935
1.261991
1.253935
1.261186
1.253129
1.257963
1.252323
1.259574
1.251517
1.26038
1.249906
1.258769
1.2491
1.258769
1.248295
1.257963
1.248295
1.257963
1.245072
1.256352
1.245072
1.256352
1.243461
1.255546
1.242655
1.25474
1.242655
1.252323
1.241044
1.251517
1.240238
1.252323
1.240238
1.2491
1.240238
1.249906
1.239432
1.248295
1.240238
1.246683
1.237821
1.245878
1.237821
1.244266
1.238627
1.242655
1.234548
1.243461
1.233742
1.245072
1.234548
1.241044
1.234548
1.239432
1.233742
1.239432
1.232131
1.237821
1.231325
1.235354
1.231325
1.233742
1.229714
1.233742
1.228908
1.232131
1.228102
1.232131
1.227297
1.23052
1.225685
1.228102
1.225685
1.228102
1.225685
1.225685
1.225685
1.22488
1.225685
1.22488
1.22488
1.22488
1.224074
1.222463
1.222463
1.220046
1.221657
1.21924
1.223268
1.218434
1.220851
1.217629
1.221657
1.216017
1.221657
1.211183
1.220851
1.211989
1.21924
1.209572
1.220046
1.209572
1.21924
1.209572
1.21924
1.207961
1.218434
1.207961
1.216823
1.204738
1.215212
1.207155
1.215212
1.203127
1.211989
1.204738
1.211989
1.203127
1.210378
1.202321
1.209572
1.203127
1.207155
1.201515
1.207155
1.201515
1.206349
1.200709
1.204738
1.199904
1.203932
1.199098
1.202321
1.198292
1.201515
1.199098
1.200709
1.198292
1.197487
1.195875
1.19507
1.197487
1.196681
1.195875
1.196681
1.19507
1.194264
1.193458
1.192653
1.194264
1.191041
1.192653
1.191041
1.192653
1.191041
1.190236
1.190236
1.18943
1.190236
1.188624
1.187819
1.188624
1.187819
1.187013
1.187013
1.182179
1.187013
1.185402
1.185402
1.185402
1.185402
1.184596
1.18379
1.182985
1.182985
1.181373
1.181373
1.180568
1.181373
1.180568
1.180568
1.179762
1.180568
1.178956
1.178956
1.176539
1.177345
1.176539
1.176539
1.175734
1.175734
1.174928
1.176539
1.175734
1.175734
1.173316
1.174928
1.172511
1.173316
1.171705
1.172511
1.170094
1.171705
1.169288
1.171705
1.167677
1.170094
1.166065
1.170094
1.164454
1.169288
1.163648
1.170094
1.162843
1.169288
1.160426
1.168482
1.162037
1.167677
1.15962
1.167677
1.158009
1.167677
1.158009
1.167677
1.156397
1.166871
1.154786
1.167677
1.15398
1.16526
1.152369
1.163648
1.153175
1.162843
1.153175
1.161231
1.15398
1.15962
1.154786
1.156397
1.154786
1.15398
1.155592
1.151563
1.158009
1.151563
1.156397
1.148341
1.157203
1.145118
1.157203
1.144312
1.156397
1.145118
1.155592
1.145118
1.153175
1.143507
1.153175
1.144312
1.151563
1.141895
1.150758
1.141895
1.149146
1.141089
1.149952
1.141089
1.147535
1.142701
1.146729
1.140284
1.145923
1.140284
1.143507
1.138672
1.141895
1.139478
1.143507
1.138672
1.141895
1.137061
1.141089
1.137867
1.141089
1.136255
1.137061
1.136255
1.137867
1.136255
1.137061
1.136255
1.134644
1.133838
1.13545
1.133033
1.134644
1.133033
1.132227
1.131421
1.133033
1.131421
1.131421
1.130616
1.12981
1.12981
1.12981
1.12981
1.128199
1.127393
1.128199
1.128199
1.128199
1.127393
1.127393
1.124976
1.126587
1.124976
1.125782
1.12417
1.124976
1.125782
1.124976
1.123365
1.12417
1.122559
1.125782
1.120948
1.12417
1.118531
1.12417
1.116114
1.124976
1.116919
1.12417
1.115308
1.12417
1.115308
1.124976
1.112891
1.123365
1.112085
1.12417
1.111279
1.122559
1.110474
1.121753
1.109668
1.120948
1.113696
1.118531
1.111279
1.116919
1.112891
1.113696
1.112891
1.112891
1.112891
1.109668
1.116114
1.106445
1.116114
1.10564
1.114502
1.104028
1.115308
1.104834
1.113696
1.103223
1.113696
1.102417
1.112085
1.102417
1.112085
1.102417
1.110474
1.101611
1.108862
1.102417
1.107251
1.100806
1.107251
1.101611
1.10564
1.100806
1.103223
1.104028
1.103223
1.102417
1.1
1.100806
1.101611
1.100806
1.101611
1.1
1.099194
1.1
1.099194
1.098389
1.098389
1.097583
1.095972
1.097583
1.097583
1.095972
1.096777
1.095972
1.096777
1.093555
1.095972
1.093555
1.09436
1.092749
1.09436
1.091138
1.093555
1.091138
1.093555
1.089526
1.092749
1.089526
1.09436
1.086303
1.092749
1.083886
1.092749
1.083081
1.090332
1.082275
1.090332
1.080664
1.091138
1.079858
1.089526
1.079052
1.08872
1.077441
1.091138
1.076635
1.087915
1.076635
1.087109
1.076635
1.085498
1.076635
1.085498
1.07583
1.083886
1.078247
1.083081
1.078247
1.080664
1.077441
1.079052
1.077441
1.077441
1.078247
1.075024
1.078247
1.071801
1.079052
1.072607
1.079052
1.072607
1.079052
1.070996
1.078247
1.07019
1.078247
1.067773
1.079052
1.067773
1.078247
1.066162
1.077441
1.066162
1.076635
1.06455
1.076635
1.063745
1.074218
1.063745
1.075024
1.062939
1.073413
1.06455
1.072607
1.063745
1.070996
1.062133
1.069384
1.062133
1.068579
1.062133
1.068579
1.060522
1.067773
1.060522
1.065356
1.060522
1.065356
1.060522
1.063745
1.061327
1.063745
1.061327
1.062133
1.060522
1.060522
1.05891
1.061327
1.059716
1.05891
1.05891
1.05891
1.05891
1.05891
1.058105
1.057299
1.056493
1.056493
1.057299
1.055688
1.055688
1.055688
1.055688
1.054882
1.054076
1.054882
1.052465
1.054076
1.053271
1.052465
1.051659
1.053271
1.051659
1.051659
1.049242
1.052465
1.049242
1.051659
1.047631
1.052465
1.046825
1.050048
1.046825
1.051659
1.044408
1.051659
1.043603
1.050854
1.042797
1.050854
1.039574
1.048437
1.042797
1.049242
1.04038
1.047631
1.04038
1.048437
1.038769
1.050048
1.037963
1.047631
1.037157
1.047631
1.036352
1.046825
1.033934
1.04602
1.03474
1.045214
1.033934
1.046825
1.032323
1.045214
1.032323
1.042797
1.031518
1.041991
1.030661
1.042797
1.032323
1.041186
1.031518
1.04038
1.031518
1.038769
1.032323
1.037157
1.033129
1.033934
1.033129
1.033129
1.033934
1.030661
1.03474
1.029856
1.035546
1.028244
1.035546
1.026633
1.035546
1.026633
1.03474
1.025827
1.03474
1.025022
1.03474
1.024216
1.033934
1.02341
1.033129
1.021799
1.032323
1.022605
1.031518
1.021799
1.031518
1.020993
1.031518
1.021799
1.030661
1.019382
1.02905
1.020188
1.028244
1.019382
1.026633
1.018576
1.027439
1.017771
1.027439
1.018576
1.026633
1.016159
1.027439
1.013742
1.025022
1.016159
1.025022
1.014548
1.024216
1.013742
1.024216
1.012937
1.022605
1.012937
1.022605
1.011325
1.020993
1.011325
1.021799
1.01052
1.020993
1.01052
1.020188
1.009714
1.020993
1.008103
1.019382
1.008103
1.019382
1.005685
1.018576
1.007297
1.016965
1.00488
1.016159
1.004074
1.015354
1.003268
1.013742
1.002463
1.012937
1.000851
1.012937
1.000046
1.01052
1.000046
1.011325
1.000046
1.009714
1.000046
1.009714
0.9960174
1.008908
0.996823
1.008103
0.9952117
1.008103
0.9960174
1.007297
0.9960174
1.006491
0.9960174
1.005685
0.9944059
1.004074
0.9952117
1.004074
0.9927946
1.003268
0.9944059
1.001657
0.9944059
1.002463
0.9936003
1.000851
0.9944059
0.9984344
0.9903776
0.9976288
0.9903776
0.9952117
0.989572
0.9936003
0.9911833
0.9936003
0.989572
0.9911833
0.989572
0.9903776
0.9887663
0.9887663
0.989572
0.9887663
0.989572
0.9887663
0.9879606
0.9871549
0.9871549
0.9879606
0.9871549
0.9863492
0.9855435
0.9855435
0.9847379
0.9847379
0.9855435
0.9855435
0.9839322
0.9847379
0.9831265
0.9847379
0.9823209
0.9847379
0.9807095
0.9839322
0.9790981
0.9823209
0.9774868
0.9847379
0.9766811
0.9831265
0.974264
0.9847379
0.974264
0.9855435
0.974264
0.9855435
0.9718471
0.9847379
0.9710414
0.9831265
0.9718471
0.9807095
0.9726527
0.9799038
0.9734584
0.9758755
0.9766811
0.9750698
0.9774868
0.9702357
0.9790981
0.9686243
0.9782925
0.9678186
0.9790981
0.967013
0.9766811
0.967013
0.9774868
0.9678186
0.9750698
0.967013
0.974264
0.967013
0.9718471
0.9678186
0.9702357
0.9678186
0.9694301
0.9686243
0.9694301
0.9686243
0.9678186
0.967013
0.967013
0.9654016
0.967013
0.9662073
0.9654016
0.964596
0.9654016
0.964596
0.9654016
0.9637903
0.964596
0.9629847
0.964596
0.9605676
0.964596
0.9589562
0.9662073
0.9557335
0.964596
0.9565392
0.9654016
0.9549278
0.9654016
0.9541222
0.9662073
0.9533165
0.9662073
0.9525108
0.962179
0.9525108
0.9629847
0.9549278
0.9589562
0.9541222
0.9565392
0.9573449
0.9533165
0.9581506
0.9517052
0.9573449
0.9492882
0.9589562
0.9476768
0.9589562
0.9476768
0.9581506
0.9460654
0.9557335
0.9468711
0.9557335
0.9468711
0.9549278
0.9468711
0.9533165
0.9460654
0.9508995
0.9452598
0.9492882
0.9452598
0.9492882
0.9460654
0.9476768
0.9460654
0.9468711
0.9484824
0.9460654
0.9452598
0.9444541
0.9444541
0.9444541
0.9452598
0.9444541
0.9436484
0.9428427
0.9428427
0.9436484
0.9404257
0.9436484
0.9404257
0.942037
0.9380087
0.9444541
0.9355916
0.9428427
0.9355916
0.9444541
0.9347859
0.9444541
0.9331746
0.9452598
0.9315633
0.9436484
0.9307576
0.9428427
0.9315633
0.9412313
0.9331746
0.9380087
0.9355916
0.9355916
0.937203
0.9315633
0.9380087
0.9291462
0.93962
0.9275349
0.93962
0.9267292
0.93962
0.9259235
0.9380087
0.9259235
0.9380087
0.9267292
0.9355916
0.9259235
0.9347859
0.9267292
0.9339803
0.9259235
0.9339803
0.9259235
0.9315633
0.9267292
0.9299519
0.9259235
0.9283405
0.9259235
0.9283405
0.9267292
0.9267292
0.9251179
0.9259235
0.9259235
0.9259235
0.9251179
0.9243122
0.9243122
0.9243122
0.9251179
0.9227008
0.9235065
0.9227008
0.9218951
0.9227008
0.9218951
0.9227008
0.9210895
0.9218951
0.9202838
0.9235065
0.9194781
0.9210895
0.917061
0.9210895
0.9154497
0.9202838
0.9130327
0.9227008
0.9138384
0.9218951
0.9122271
0.9210895
0.9130327
0.9235065
0.907393
0.9227008
0.907393
0.9227008
0.9090043
0.9210895
0.9090043
0.9178668
0.90981
0.917061
0.9114214
0.9122271
0.9130327
0.9106157
0.9154497
0.9081986
0.9162554
0.9057817
0.9178668
0.9041702
0.9162554
0.9041702
0.9154497
0.9041702
0.9130327
0.9033646
0.9122271
0.9033646
0.9114214
0.9025589
0.9106157
0.9041702
0.90981
0.9033646
0.9090043
0.9025589
0.9081986
0.9033646
0.9065873
0.9033646
0.9041702
0.9017532
0.9033646
0.9041702
0.9017532
0.9017532
0.9017532
0.9017532
0.9009476
0.9017532
0.9009476
0.9009476
0.9001419
0.8993362
0.8993362
0.8993362
0.9001419
0.8993362
0.8985306
0.8985306
0.8985306
0.8961135
0.8977249
0.8969192
0.8977249
0.8961135
0.8969192
0.8936965
0.8969192
0.8936965
0.8977249
0.8912794
0.8985306
0.8896681
0.8985306
0.8888624
0.8977249
0.8872511
0.8969192
0.8872511
0.8969192
0.8848341
0.8953078
0.8840283
0.8977249
0.8816113
0.8969192
0.8832227
0.8953078
0.8832227
0.8928908
0.8848341
0.8904737
0.8864454
0.8880568
0.8888624
0.8832227
0.8912794
0.8816113
0.8912794
0.8783886
0.8920852
0.88
0.8912794
0.8775829
0.8896681
0.8791944
0.8888624
0.8783886
0.8880568
0.88
0.8864454
0.8791944
0.8848341
0.8791944
0.8832227
0.8791944
0.8832227
0.8791944
0.8808057
0.8791944
0.8808057
0.8783886
0.8791944
0.8783886
0.8783886
0.8767773
0.8783886
0.8767773
0.8775829
0.8759716
0.8775829
0.8759716
0.8751659
0.8743603
0.8759716
0.8759716
0.8751659
0.8743603
0.8735546
0.8743603
0.8743603
0.8743603
0.8727489
0.8727489
0.8719433
0.8719433
0.8711375
0.8719433
0.8711375
0.8703319
0.8703319
0.8703319
0.8695262
0.8703319
0.8703319
0.8695262
0.8687205
0.8687205
0.8679149
0.8663035
0.8671092
0.8654978
0.8671092
0.8663035
0.8646921
0.8654978
0.8663035
0.8646921
0.8646921
0.8622751
0.8630808
0.8630808
0.8622751
0.8622751
0.8614695
0.8614695
0.8614695
0.8614695
0.8614695
0.8590524
0.8598581
0.8598581
0.8590524
0.8590524
0.8582467
0.857441
0.8582467
0.8566353
0.857441
0.8566353
0.8566353
0.8558296
0.8558296
0.8542183
0.8566353
0.8542183
0.855024
0.852607
0.8534126
0.852607
0.8542183
0.8518013
0.855024
0.8509956
0.852607
0.85019
0.8534126
0.8485785
0.852607
0.8477729
0.8518013
0.8469672
0.8518013
0.8453559
0.8518013
0.8445502
0.8518013
0.8421331
0.8518013
0.8413275
0.8509956
0.8405218
0.8509956
0.8397161
0.85019
0.8381048
0.8493842
0.8372992
0.8493842
0.8364934
0.8493842
0.8356877
0.8485785
0.8356877
0.8477729
0.8364934
0.8453559
0.8356877
0.8445502
0.8364934
0.8405218
0.8381048
0.8389105
0.8389105
0.8381048
0.8413275
0.8316594
0.8413275
0.830048
0.8421331
0.8292423
0.8421331
0.8268253
0.8421331
0.8268253
0.8397161
0.8268253
0.8372992
0.8260197
0.8372992
0.8268253
0.8364934
0.8260197
0.8340764
0.8268253
0.8332707
0.8268253
0.830048
0.8268253
0.8308537
0.827631
0.827631
0.8260197
0.827631
0.8260197
0.8260197
0.825214
0.8235522
0.8235522
0.8235522
0.8227466
0.8219409
0.8219409
0.8203296
0.8195239
0.8203296
0.8211352
0.8195239
0.8195239
0.8187181
0.8187181
0.8187181
0.8179125
0.8171068
0.8154955
0.8163012
0.8130785
0.8154955
0.8122728
0.8154955
0.8114671
0.8154955
0.8082444
0.8146898
0.8090501
0.8146898
0.8058273
0.8146898
0.8058273
0.8130785
0.804216
0.8138842
0.8026047
0.8146898
0.8009933
0.8138842
0.799382
0.8138842
0.799382
0.8122728
0.7977706
0.8106614
0.7977706
0.8090501
0.7977706
0.8074388
0.799382
0.8050217
0.8001877
0.8009933
0.801799
0.7969649
0.8034103
0.7945479
0.8050217
0.7913252
0.8058273
0.7889082
0.8034103
0.7872968
0.8026047
0.7872968
0.801799
0.7872968
0.799382
0.7872968
0.7969649
0.7864912
0.7945479
0.7864912
0.7921309
0.7856855
0.7897139
0.7872968
0.7872968
0.7864912
0.7872968
0.7864912
0.7856855
0.7848798
0.7832685
0.7840741
0.7832685
0.7832685
0.7832685
0.7824628
0.7824628
0.7792401
0.7816571
0.7792401
0.7816571
0.7776287
0.7824628
0.7736003
0.7816571
0.771989
0.7808514
0.769572
0.7808514
0.7679606
0.7808514
0.7655436
0.7800457
0.7639322
0.7800457
0.7655436
0.774406
0.7671549
0.769572
0.769572
0.7639322
0.771989
0.7599039
0.771989
0.7574868
0.771989
0.7566812
0.7703776
0.7558755
0.7679606
0.7566812
0.7663493
0.7566812
0.7639322
0.7590981
0.7590981
0.7566812
0.7574868
0.7566812
0.7566812
0.7550698
0.7558755
0.7550698
0.7542641
0.7542641
0.7526527
0.7518471
0.7510414
0.7494301
0.7510414
0.7494301
0.7526527
0.744596
0.7518471
0.7429847
0.7510414
0.7397619
0.7534585
0.7373449
0.7510414
0.7357336
0.7510414
0.7325109
0.7502357
0.7341222
0.7462073
0.7341222
0.742179
0.7381506
0.7373449
0.7405676
0.7317052
0.742179
0.7276768
0.7413733
0.7260654
0.7413733
0.7228427
0.7373449
0.7228427
0.7349279
0.7228427
0.7317052
0.7204257
0.7292881
0.7220371
0.7268711
0.7220371
0.7244541
0.7204257
0.7220371
0.71962
0.71962
0.7188144
0.7188144
0.7180087
0.7163973
0.717203
0.7155917
0.7139803
0.7139803
0.7099519
0.7131746
0.712369
0.7131746
0.7075349
0.7155917
0.7051179
0.7131746
0.7018952
0.7131746
0.7027009
0.7155917
0.6986725
0.7454017
0.6994781
0.7373449
0.7139803
0.7115633
0.7067292
0.7163973
0.7260654
0.7018952
0.712369
0.7091463
0.7252598
0.6994781
0.7099519
0.7027009
0.7091463
0.7437903
0.7204257
0.7043122
0.7260654
0.7075349
0.7260654
0.7083406
0.7268711
0.7099519
0.7276768
0.7075349
0.7292881
0.7091463
0.7325109
0.7075349
0.7397619
0.7067292
0.7437903
0.7051179
0.7462073
0.7043122
0.7510414
0.7035065
0.7518471
0.7051179
0.7486244
0.7075349
0.7357336
0.712369
0.7220371
0.7188144
0.7115633
0.7228427
0.7018952
0.7228427
0.6978668
0.7212314
0.6930327
0.7212314
0.6930327
0.7204257
0.6954497
0.71962
0.6970611
0.71962
0.6970611
0.7220371
0.7566812
0.7115633
0.7534585
0.712369
0.7454017
0.7139803
0.7373449
0.7163973
0.7284825
0.7188144
0.7220371
0.7228427
0.7155917
0.7244541
0.7051179
0.7292881
0.6986725
0.7317052
0.6930327
0.7308995
0.6890043
0.7292881
0.694644
0.7268711
0.6986725
0.7220371
0.7018952
0.7220371
0.7051179
0.7244541
0.7043122
0.7292881
0.7043122
0.7325109
0.7035065
0.7365393
0.7018952
0.742179
0.7002838
0.744596
0.6994781
0.7502357
0.7002838
0.7550698
0.7002838
0.7550698
0.6994781
0.7478187
0.7002838
0.7413733
0.7018952
0.7349279
0.7043122
0.7276768
0.7067292
0.7188144
0.7099519
0.7099519
0.7131746
0.7027009
0.7163973
0.694644
0.7188144
0.687393
0.7220371
0.6833646
0.7236485
0.6793362
0.7212314
0.6793362
0.71962
0.6817532
0.7163973
0.6857816
0.714786
0.6881986
0.7155917
0.687393
0.7212314
0.6865873
0.7268711
0.6857816
0.7308995
0.6857816
0.7365393
0.68981
0.7413733
0.7075349
0.687393
0.7059236
0.7462073
0.6841702
0.7381506
0.6914213
0.7558755
0.687393
0.6962554
0.68981
0.6986725
0.71962
0.7317052
0.6938384
0.6986725
0.7292881
0.717203
0.6994781
0.7002838
0.742179
0.7010895
0.7075349
0.7035065
0.7518471
0.687393
0.7131746
0.7067292
0.7558755
0.6809475
0.7115633
0.7268711
0.7365393
0.6906157
0.7091463
0.7429847
0.717203
0.6978668
0.7107576
0.7437903
0.7083406
0.6986725
0.7236485
0.7308995
0.7018952
0.6994781
0.7365393
0.712369
0.6906157
0.7010895
0.747013
0.6994781
0.6833646
0.7099519
0.7518471
0.6857816
0.687393
0.717203
0.7365393
0.6817532
0.692227
0.7308995
0.7204257
0.7349279
0.7131746
0.6938384
0.7059236
0.6962554
0.6938384
0.6994781
0.6938384
0.7566812
0.6849759
0.7590981
0.6962554
0.7615152
0.6761135
0.7059236
0.7115633
0.7035065
0.7188144
0.7623209
0.7284825
0.7010895
0.7341222
0.7647379
0.7381506
0.7010895
0.6817532
0.7139803
0.744596
0.7389563
0.6890043
0.712369
0.6833646
0.7526527
0.6881986
0.71962
0.7437903
0.7204257
0.7333165
0.7300939
0.7292881
0.7349279
0.7260654
0.7389563
0.7188144
0.7437903
0.7155917
0.7437903
0.712369
0.7462073
0.7059236
0.7486244
0.7018952
0.7510414
0.6978668
0.7437903
0.692227
0.747013
0.7027009
0.7349279
0.7083406
0.7381506
0.6809475
0.7317052
0.717203
0.7550698
0.7212314
0.7115633
0.7268711
0.7155917
0.7300939
0.7607095
0.7341222
0.694644
0.6865873
0.7550698
0.7486244
0.7454017
0.7478187
0.7454017
0.7534585
0.7397619
0.7526527
0.7333165
0.744596
0.7349279
0.7365393
0.7357336
0.7244541
0.7357336
0.7180087
0.7333165
0.7099519
0.7284825
0.7027009
0.7268711
0.692227
0.7228427
0.717203
0.7155917
0.7027009
0.712369
0.7059236
0.7099519
0.7115633
0.7018952
0.7180087
0.6970611
0.7212314
0.6914213
0.7260654
0.6881986
0.7284825
0.6833646
0.7317052
0.6809475
0.7357336
0.6817532
0.7405676
0.6849759
0.7437903
0.6857816
0.747013
0.6865873
0.7510414
0.68981
0.7526527
0.6930327
0.7486244
0.6954497
0.7462073
0.6994781
0.7397619
0.7043122
0.7333165
0.7099519
0.7292881
0.714786
0.7212314
0.7212314
0.714786
0.7252598
0.7099519
0.7325109
0.7043122
0.7373449
0.6962554
0.742179
0.6906157
0.7510414
0.6857816
0.7534585
0.6865873
0.7534585
0.694644
0.7486244
0.7059236
0.7381506
0.7139803
0.7252598
0.7252598
0.7163973
0.7308995
0.7067292
0.7381506
0.6986725
0.7413733
0.694644
0.744596
0.687393
0.5350698
0.6712794
0.7373449
0.6688624
0.742179
0.6704738
0.7333165
0.6833646
0.7236485
0.6962554
0.7139803
0.712369
0.7035065
0.7260654
0.6954497
0.7373449
0.687393
0.7405676
0.6785305
0.7308995
0.6720851
0.7228427
0.6680567
0.7107576
0.6616113
0.7035065
0.6769192
0.692227
0.6938384
0.6841702
0.7091463
0.6736965
0.7244541
0.6632227
0.7357336
0.6559716
0.7429847
0.6551659
0.7389563
0.6543602
0.7317052
0.6583886
0.7155917
0.6680567
0.6986725
0.6865873
0.6914213
0.7027009
0.6857816
0.7115633
0.6809475
0.7300939
0.6793362
0.7244541
0.6712794
0.7357336
0.6680567
0.7397619
0.6688624
0.7389563
0.6704738
0.7333165
0.6801419
0.7244541
0.6962554
0.7188144
0.6970611
0.7131746
0.7059236
0.7083406
0.7163973
0.7010895
0.7244541
0.6970611
0.7357336
0.692227
0.7389563
0.6881986
0.7437903
0.6833646
0.7357336
0.6777248
0.7292881
0.6728908
0.7204257
0.6696681
0.7131746
0.6632227
0.7067292
0.6672511
0.6970611
0.6841702
0.6881986
0.6970611
0.6809475
0.7107576
0.6696681
0.7276768
0.6608057
0.7389563
0.6559716
0.744596
0.6503319
0.7454017
0.6551659
0.7333165
0.6543602
0.7180087
0.6640284
0.7051179
0.6817532
0.6962554
0.6978668
0.6857816
0.7099519
0.6809475
0.7139803
0.6801419
0.7236485
0.6753078
0.7349279
0.6704738
0.7389563
0.6664454
0.7437903
0.6704738
0.7325109
0.6801419
0.7252598
0.68981
0.7180087
0.7002838
0.712369
0.7075349
0.7051179
0.7188144
0.7002838
0.7276768
0.6954497
0.7365393
0.6906157
0.7413733
0.6841702
0.7381506
0.6793362
0.7308995
0.6769192
0.7260654
0.6728908
0.7204257
0.6688624
0.7131746
0.6640284
0.7035065
0.6656397
0.6954497
0.6801419
0.68981
0.6914213
0.6825589
0.7043122
0.6720851
0.7204257
0.664834
0.7300939
0.657583
0.7397619
0.6535545
0.7454017
0.6511375
0.7462073
0.6511375
0.7429847
0.6551659
0.7300939
0.6567773
0.7131746
0.6672511
0.7010895
0.6785305
0.6914213
0.6930327
0.6833646
0.7051179
0.6833646
0.7091463
0.6817532
0.7155917
0.6745021
0.7252598
0.6704738
0.7349279
0.6696681
0.7389563
0.6688624
0.7389563
0.6672511
0.7365393
0.6712794
0.7292881
0.6793362
0.7204257
0.6914213
0.7155917
0.6994781
0.7107576
0.7083406
0.7051179
0.717203
0.7027009
0.7252598
0.6954497
0.7333165
0.6914213
0.7462073
0.6865873
0.7397619
0.6809475
0.7349279
0.6769192
0.7284825
0.6736965
0.7188144
0.6680567
0.7131746
0.662417
0.7067292
0.6591943
0.6986725
0.6672511
0.6914213
0.6809475
0.6841702
0.692227
0.6793362
0.7051179
0.6712794
0.7139803
0.664834
0.7244541
0.6583886
0.7349279
0.6559716
0.7389563
0.6503319
0.7454017
0.6495262
0.7462073
0.6487205
0.7454017
0.6511375
0.7397619
0.6519432
0.7325109
0.6519432
0.7188144
0.6543602
0.7051179
0.6672511
0.7002838
0.6720851
0.692227
0.6801419
0.6841702
0.6930327
0.6825589
0.7018952
0.6801419
0.7083406
0.6801419
0.7180087
0.6777248
0.7268711
0.6712794
0.7308995
0.6704738
0.7357336
0.6672511
0.7365393
0.6680567
0.7381506
0.6656397
0.7308995
0.6745021
0.7252598
0.6809475
0.71962
0.6930327
0.7139803
0.7002838
0.7091463
0.7091463
0.7059236
0.7188144
0.7010895
0.7308995
0.6962554
0.7357336
0.692227
0.7413733
0.6849759
0.7365393
0.6817532
0.7317052
0.6777248
0.7252598
0.6728908
0.717203
0.6672511
0.7115633
0.6688624
0.7043122
0.664834
0.6978668
0.6567773
0.6890043
0.6656397
0.6825589
0.6793362
0.6753078
0.6930327
0.6688624
0.7043122
0.6616113
0.7188144
0.6535545
0.7292881
0.6471091
0.7365393
0.6454978
0.742179
0.6446921
0.7454017
0.6446921
0.747013
0.6454978
0.744596
0.6463035
0.7413733
0.6511375
0.7325109
0.6511375
0.7236485
0.6543602
0.7155917
0.6543602
0.7067292
0.6519432
0.7035065
0.657583
0.7002838
0.6632227
0.694644
0.6720851
0.6914213
0.6769192
0.6857816
0.6833646
0.6841702
0.687393
0.6833646
0.692227
0.6841702
0.692227
0.6801419
0.6938384
0.6809475
0.6986725
0.6809475
0.7018952
0.6793362
0.7059236
0.6809475
0.7067292
0.6809475
0.7107576
0.6793362
0.7115633
0.6785305
0.7107576
0.6801419
0.7107576
0.6793362
0.7131746
0.6793362
0.7099519
0.6785305
0.7075349
0.6793362
0.7035065
0.6785305
0.7091463
0.6801419
0.7099519
0.6817532
0.7067292
0.6793362
0.7027009
0.6809475
0.7035065
0.6801419
0.7051179
0.6817532
0.7002838
0.6793362
0.7043122
0.6793362
0.7035065
0.6801419
0.7035065
0.6777248
0.7035065
0.6793362
0.6994781
0.6817532
0.7002838
0.6817532
0.6986725
0.6809475
0.6962554
0.6833646
0.6970611
0.6817532
0.6914213
0.6801419
0.6954497
0.6809475
0.6954497
0.6809475
0.6954497
0.6785305
0.6954497
0.6801419
0.6930327
0.6817532
0.6930327
0.6841702
0.68981
0.6849759
0.68981
0.6841702
0.6890043
0.6833646
0.6890043
0.6841702
0.687393
0.6841702
0.6881986
0.6833646
0.68981
0.6841702
0.6930327
0.6809475
0.692227
0.6817532
0.692227
0.6801419
0.6962554
0.6825589
0.7018952
0.6809475
0.7018952
0.6809475
0.7035065
0.6801419
0.7067292
0.6801419
0.7099519
0.6728908
0.7091463
0.6785305
0.7115633
0.6745021
0.7228427
0.6696681
0.7228427
0.6704738
0.7284825
0.6688624
0.7308995
0.6696681
0.7325109
0.6696681
0.7357336
0.6696681
0.7357336
0.6664454
0.7397619
0.6656397
0.7389563
0.664834
0.7333165
0.664834
0.7300939
0.6656397
0.7268711
0.6720851
0.7244541
0.6793362
0.7204257
0.6801419
0.7188144
0.6825589
0.7188144
0.6857816
0.714786
0.6906157
0.7131746
0.6962554
0.712369
0.6962554
0.7099519
0.7010895
0.7075349
0.7035065
0.7075349
0.7107576
0.7035065
0.7180087
0.7035065
0.7155917
0.7018952
0.7163973
0.6994781
0.7212314
0.6978668
0.7244541
0.6986725
0.7268711
0.6962554
0.7317052
0.6930327
0.7341222
0.6914213
0.7373449
0.6906157
0.7413733
0.6865873
0.7397619
0.6857816
0.7365393
0.6825589
0.7341222
0.6801419
0.7308995
0.6801419
0.7308995
0.6777248
0.7292881
0.6753078
0.7244541
0.6736965
0.7204257
0.6720851
0.7163973
0.6704738
0.7139803
0.6704738
0.7115633
0.6696681
0.7091463
0.6680567
0.7051179
0.6664454
0.7018952
0.6632227
0.6986725
0.6632227
0.6954497
0.6583886
0.6906157
0.6591943
0.6865873
0.6527489
0.6833646
0.6583886
0.6817532
0.6640284
0.6793362
0.6664454
0.6769192
0.6704738
0.6736965
0.6761135
0.6745021
0.6833646
0.6688624
0.687393
0.6672511
0.6938384
0.664834
0.6978668
0.6608057
0.7051179
0.6591943
0.7075349
0.6551659
0.7091463
0.6519432
0.7155917
0.6511375
0.7180087
0.6495262
0.7228427
0.6503319
0.7252598
0.6471091
0.7276768
0.6463035
0.7333165
0.6446921
0.7349279
0.6430808
0.7381506
0.6438865
0.7405676
0.6430808
0.742179
0.6390524
0.7437903
0.6390524
0.7429847
0.6390524
0.744596
0.6374411
0.7462073
0.6382467
0.7478187
0.6414694
0.7478187
0.6390524
0.747013
0.6406637
0.747013
0.6406637
0.7454017
0.664834
0.7284825
0.6656397
0.7252598
0.6696681
0.7236485
0.6728908
0.7236485
0.6785305
0.7220371
0.6809475
0.7188144
0.6769192
0.7204257
0.6785305
0.7180087
0.6825589
0.7188144
0.6825589
0.717203
0.6857816
0.7163973
0.6865873
0.7155917
0.692227
0.7155917
0.6938384
0.7131746
0.6906157
0.7139803
0.6914213
0.7139803
0.68981
0.7139803
0.6865873
0.7139803
0.692227
0.712369
0.694644
0.712369
0.687393
0.7115633
0.6930327
0.7107576
0.6962554
0.712369
0.6930327
0.7139803
0.6930327
0.712369
0.6954497
0.7139803
0.6881986
0.712369
0.6914213
0.712369
0.6930327
0.7131746
0.6906157
0.7139803
0.68981
0.7139803
0.6954497
0.712369
0.694644
0.7115633
0.6978668
0.7107576
0.7010895
0.7099519
0.7010895
0.7099519
0.6954497
0.7099519
0.6978668
0.7107576
0.7059236
0.7099519
0.7051179
0.7075349
0.7051179
0.7075349
0.7043122
0.7075349
0.7035065
0.7051179
0.7091463
0.7083406
0.7067292
0.7043122
0.7107576
0.7067292
0.7099519
0.7043122
0.7163973
0.7035065
0.7188144
0.7043122
0.7204257
0.7002838
0.71962
0.7035065
0.71962
0.7010895
0.7220371
0.6994781
0.7236485
0.7002838
0.7220371
0.6986725
0.7220371
0.6986725
0.7260654
0.6986725
0.7220371
0.6994781
0.7228427
0.6978668
0.7260654
0.6978668
0.7236485
0.7002838
0.7188144
0.7002838
0.7204257
0.7002838
0.7212314
0.7027009
0.7163973
0.7043122
0.717203
0.7027009
0.717203
0.7043122
0.7131746
0.7051179
0.7083406
0.7027009
0.7075349
0.7067292
0.7083406
0.7059236
0.7051179
0.7099519
0.7010895
0.7115633
0.6954497
0.7131746
0.6938384
0.714786
0.6890043
0.7155917
0.687393
0.7163973
0.6841702
0.7188144
0.6761135
0.7228427
0.6712794
0.7244541
0.6704738
0.7244541
0.6680567
0.7292881
0.6632227
0.7317052
0.662417
0.7333165
0.664834
0.7381506
0.6640284
0.7405676
0.664834
0.742179
0.6680567
0.7373449
0.6664454
0.7333165
0.6656397
0.7333165
0.6672511
0.7325109
0.6696681
0.7292881
0.6664454
0.7228427
0.6696681
0.7220371
0.6728908
0.7139803
0.6745021
0.7131746
0.6736965
0.7067292
0.6769192
0.7075349
0.6785305
0.7010895
0.6753078
0.6978668
0.6777248
0.6962554
0.6777248
0.6890043
0.6793362
0.6857816
0.6801419
0.6825589
0.6793362
0.6785305
0.6793362
0.6728908
0.6849759
0.6656397
0.6881986
0.657583
0.6914213
0.6495262
0.6970611
0.6535545
0.7051179
0.6535545
0.7091463
0.6487205
0.7180087
0.6479148
0.7284825
0.6471091
0.7365393
0.6438865
0.7454017
0.6406637
0.7454017
0.6398581
0.7478187
0.6366354
0.7405676
0.6390524
0.7349279
0.6438865
0.7220371
0.6495262
0.7067292
0.6591943
0.6881986
0.6664454
0.6680567
0.6736965
0.6519432
0.6825589
0.6608057
0.6930327
0.6640284
0.7018952
0.6688624
0.7131746
0.6728908
0.7244541
0.6777248
0.7325109
0.6841702
0.7381506
0.687393
0.7365393
0.6954497
0.7236485
0.7027009
0.712369
0.7059236
0.694644
0.717203
0.6809475
0.7220371
0.6664454
0.7292881
0.6616113
0.7333165
0.6688624
0.7405676
0.6672511
0.7349279
0.6656397
0.7260654
0.6680567
0.7155917
0.6745021
0.7099519
0.6785305
0.7002838
0.6777248
0.687393
0.6793362
0.6785305
0.6801419
0.6672511
0.687393
0.6527489
0.6962554
0.6527489
0.7051179
0.6511375
0.71962
0.6454978
0.7357336
0.6422751
0.7462073
0.6382467
0.7454017
0.6382467
0.7381506
0.6382467
0.7268711
0.6438865
0.7099519
0.6519432
0.6938384
0.6616113
0.6704738
0.6712794
0.6527489
0.6801419
0.657583
0.6906157
0.662417
0.7002838
0.6688624
0.712369
0.6704738
0.717203
0.6745021
0.7244541
0.6785305
0.7308995
0.6849759
0.7373449
0.6890043
0.7357336
0.6954497
0.7276768
0.7002838
0.7115633
0.7091463
0.7002838
0.7115633
0.6857816
0.71962
0.6745021
0.7260654
0.6599999
0.7333165
0.6656397
0.7381506
0.6672511
0.7341222
0.6672511
0.7284825
0.6632227
0.7236485
0.6745021
0.7107576
0.6745021
0.6986725
0.6745021
0.6865873
0.6745021
0.6849759
0.6769192
0.6720851
0.6793362
0.6616113
0.68981
0.6487205
0.6962554
0.6495262
0.7051179
0.6503319
0.7204257
0.6454978
0.7341222
0.6414694
0.7462073
0.6366354
0.7437903
0.6382467
0.7454017
0.6366354
0.7365393
0.6382467
0.7276768
0.6406637
0.7131746
0.6495262
0.6954497
0.6591943
0.6793362
0.6672511
0.6632227
0.6720851
0.6503319
0.6785305
0.657583
0.6865873
0.662417
0.6938384
0.664834
0.7027009
0.6672511
0.7115633
0.6704738
0.71962
0.6753078
0.7236485
0.6801419
0.7300939
0.6849759
0.7357336
0.6906157
0.7373449
0.6970611
0.7300939
0.7043122
0.7091463
0.7099519
0.6954497
0.717203
0.6769192
0.7244541
0.6656397
0.7308995
0.6664454
0.7389563
0.6640284
0.7357336
0.6672511
0.71962
0.6704738
0.7027009
0.6704738
0.6906157
0.6753078
0.6777248
0.6793362
0.6599999
0.68981
0.6519432
0.7059236
0.6479148
0.7244541
0.6438865
0.744596
0.6342183
0.7462073
0.635024
0.7365393
0.6382467
0.7228427
0.6463035
0.7010895
0.657583
0.6736965
0.6680567
0.6519432
0.6793362
0.6583886
0.6865873
0.6632227
0.6978668
0.6680567
0.7083406
0.6704738
0.7188144
0.6761135
0.7252598
0.6817532
0.7325109
0.6890043
0.7397619
0.6954497
0.7260654
0.7018952
0.7155917
0.7075349
0.6978668
0.7139803
0.6745021
0.7236485
0.6616113
0.7317052
0.664834
0.7413733
0.6664454
0.7349279
0.6664454
0.7268711
0.6680567
0.7091463
0.6736965
0.6986725
0.6736965
0.687393
0.6753078
0.6769192
0.6769192
0.6656397
0.6857816
0.6519432
0.6986725
0.6495262
0.712369
0.6446921
0.7317052
0.6390524
0.7462073
0.6342183
0.7478187
0.632607
0.7381506
0.6342183
0.7252598
0.6422751
0.7035065
0.6543602
0.6769192
0.6632227
0.6527489
0.6761135
0.6551659
0.6857816
0.6632227
0.6962554
0.6656397
0.7059236
0.6672511
0.7155917
0.6745021
0.7228427
0.6793362
0.7292881
0.6833646
0.7373449
0.692227
0.7381506
0.6978668
0.7163973
0.7067292
0.7059236
0.712369
0.6817532
0.7204257
0.6720851
0.7300939
0.6616113
0.7389563
0.6664454
0.7341222
0.6656397
0.7284825
0.6640284
0.7115633
0.6672511
0.6994781
0.6688624
0.6906157
0.6745021
0.6769192
0.6761135
0.664834
0.6849759
0.6511375
0.694644
0.6503319
0.7083406
0.6479148
0.7244541
0.6406637
0.7381506
0.6374411
0.7437903
0.6334126
0.7413733
0.6309957
0.7373449
0.6342183
0.7268711
0.6390524
0.7131746
0.6471091
0.6954497
0.6583886
0.6720851
0.6656397
0.6535545
0.6720851
0.657583
0.6809475
0.6616113
0.6857816
0.6640284
0.6954497
0.664834
0.7002838
0.6664454
0.7099519
0.6704738
0.7155917
0.6728908
0.7204257
0.6785305
0.7268711
0.6817532
0.7300939
0.687393
0.7357336
0.6906157
0.7413733
0.6970611
0.7268711
0.6986725
0.7131746
0.7075349
0.7083406
0.7131746
0.6954497
0.717203
0.6785305
0.7236485
0.6672511
0.7333165
0.664834
0.7405676
0.6640284
0.7333165
0.664834
0.7333165
0.6616113
0.7284825
0.6712794
0.7107576
0.6704738
0.7035065
0.6696681
0.6962554
0.6704738
0.6833646
0.6736965
0.6761135
0.6761135
0.664834
0.6801419
0.6567773
0.6857816
0.6487205
0.6906157
0.6519432
0.6978668
0.6487205
0.7051179
0.6479148
0.714786
0.6454978
0.7268711
0.6414694
0.7357336
0.6366354
0.7462073
0.632607
0.744596
0.6301899
0.7454017
0.6301899
0.7478187
0.6301899
0.742179
0.6309957
0.7365393
0.6309957
0.7292881
0.635024
0.7244541
0.6382467
0.7139803
0.6422751
0.7067292
0.6454978
0.6970611
0.6495262
0.6881986
0.6559716
0.6793362
0.6559716
0.6704738
0.6599999
0.6599999
0.6640284
0.6511375
0.6704738
0.6543602
0.6736965
0.6567773
0.6801419
0.6616113
0.6849759
0.6640284
0.6914213
0.6656397
0.6962554
0.6656397
0.7035065
0.6672511
0.7067292
0.6696681
0.712369
0.6720851
0.717203
0.6736965
0.7228427
0.6785305
0.7260654
0.6825589
0.7308995
0.6849759
0.7284825
0.68981
0.7389563
0.6930327
0.742179
0.6970611
0.7268711
0.7010895
0.717203
0.7059236
0.7115633
0.7115633
0.694644
0.7155917
0.6769192
0.7228427
0.6720851
0.7268711
0.6616113
0.7333165
0.6640284
0.7381506
0.664834
0.742179
0.6640284
0.7341222
0.6656397
0.7317052
0.664834
0.71962
0.6720851
0.712369
0.6688624
0.6978668
0.6704738
0.6954497
0.6704738
0.6849759
0.6728908
0.6769192
0.6753078
0.6672511
0.6809475
0.6559716
0.6906157
0.6511375
0.6954497
0.6495262
0.7067292
0.6471091
0.71962
0.6414694
0.7341222
0.6358297
0.7429847
0.6318013
0.7454017
0.6293843
0.742179
0.6309957
0.7317052
0.635024
0.714786
0.6422751
0.6986725
0.6511375
0.6745021
0.6591943
0.6535545
0.6672511
0.657583
0.6777248
0.6608057
0.6865873
0.6640284
0.6962554
0.6664454
0.7035065
0.6696681
0.7115633
0.6728908
0.7180087
0.6777248
0.7292881
0.6857816
0.7333165
0.692227
0.7413733
0.6970611
0.7268711
0.7002838
0.7139803
0.7091463
0.7010895
0.717203
0.6777248
0.7228427
0.662417
0.7325109
0.6608057
0.7405676
0.6640284
0.7325109
0.6632227
0.7341222
0.6640284
0.7115633
0.6664454
0.7059236
0.6696681
0.6962554
0.6720851
0.6833646
0.6712794
0.6728908
0.6793362
0.6559716
0.6841702
0.6511375
0.6938384
0.6495262
0.7067292
0.6454978
0.7220371
0.6406637
0.7365393
0.6366354
0.7437903
0.6285786
0.744596
0.6301899
0.7333165
0.6318013
0.71962
0.6406637
0.7002838
0.6511375
0.6793362
0.6608057
0.6535545
0.6688624
0.6567773
0.6793362
0.6583886
0.68981
0.664834
0.7010895
0.6664454
0.7107576
0.6720851
0.717203
0.6777248
0.7236485
0.6825589
0.7300939
0.68981
0.7373449
0.6962554
0.7268711
0.7035065
0.7059236
0.7115633
0.6801419
0.7236485
0.6680567
0.7325109
0.6616113
0.7373449
0.6616113
0.7300939
0.6704738
0.7075349
0.6728908
0.692227
0.6696681
0.6736965
0.6720851
0.6535545
0.6865873
0.6495262
0.7010895
0.6430808
0.7220371
0.6374411
0.7429847
0.6301899
0.744596
0.6269672
0.7373449
0.6318013
0.7204257
0.6390524
0.6962554
0.6511375
0.6664454
0.662417
0.6535545
0.6728908
0.6583886
0.6833646
0.6656397
0.694644
0.6656397
0.7043122
0.6688624
0.712369
0.6736965
0.71962
0.6809475
0.7268711
0.6841702
0.7317052
0.6930327
0.7413733
0.6994781
0.7220371
0.7083406
0.6954497
0.7180087
0.6753078
0.7268711
0.6608057
0.7381506
0.6640284
0.7333165
0.6591943
0.7115633
0.6656397
0.6994781
0.6680567
0.6809475
0.6688624
0.664834
0.6817532
0.6487205
0.6962554
0.6438865
0.7204257
0.6390524
0.744596
0.6269672
0.747013
0.6277729
0.7268711
0.635024
0.6986725
0.6479148
0.6640284
0.664834
0.6559716
0.6801419
0.6656397
0.6914213
0.6672511
0.7051179
0.6728908
0.71962
0.6801419
0.7284825
0.6881986
0.7381506
0.6978668
0.7236485
0.7067292
0.6978668
0.717203
0.6745021
0.7308995
0.6616113
0.7373449
0.6616113
0.7252598
0.6656397
0.6962554
0.6680567
0.6817532
0.6680567
0.6559716
0.6865873
0.6479148
0.7067292
0.6406637
0.7317052
0.632607
0.7405676
0.6277729
0.7357336
0.6318013
0.7163973
0.6398581
0.6881986
0.6519432
0.657583
0.6632227
0.6567773
0.6761135
0.662417
0.6849759
0.664834
0.6994781
0.6688624
0.7067292
0.6704738
0.7180087
0.6761135
0.7236485
0.6833646
0.7308995
0.68981
0.7381506
0.694644
0.7333165
0.7010895
0.7188144
0.7083406
0.7051179
0.7139803
0.6825589
0.7228427
0.6656397
0.7300939
0.6608057
0.742179
0.6616113
0.7341222
0.6616113
0.7204257
0.6680567
0.7083406
0.6672511
0.6986725
0.6688624
0.6825589
0.6672511
0.6712794
0.6728908
0.6559716
0.6825589
0.6519432
0.6938384
0.6487205
0.7091463
0.6406637
0.7260654
0.635024
0.742179
0.6285786
0.742179
0.6269672
0.7437903
0.6261616
0.7381506
0.6293843
0.7260654
0.6334126
0.712369
0.6382467
0.6954497
0.6463035
0.6753078
0.6527489
0.6543602
0.6616113
0.6519432
0.6672511
0.6567773
0.6728908
0.6608057
0.6809475
0.6640284
0.6890043
0.662417
0.6938384
0.6656397
0.7002838
0.6680567
0.7083406
0.6688624
0.7131746
0.6720851
0.7188144
0.6753078
0.7228427
0.6793362
0.7252598
0.6841702
0.7268711
0.6865873
0.7317052
0.6914213
0.7373449
0.694644
0.7389563
0.6994781
0.7308995
0.7051179
0.7188144
0.7083406
0.7051179
0.7115633
0.687393
0.7155917
0.6785305
0.7228427
0.6680567
0.7284825
0.6616113
0.7365393
0.6616113
0.7413733
0.662417
0.7341222
0.6583886
0.7308995
0.6583886
0.7204257
0.6704738
0.7067292
0.6680567
0.7043122
0.6680567
0.6970611
0.6656397
0.6849759
0.6664454
0.6793362
0.6672511
0.6753078
0.664834
0.6704738
0.6728908
0.6583886
0.6753078
0.6495262
0.6817532
0.6487205
0.687393
0.6519432
0.6930327
0.6471091
0.6994781
0.6463035
0.7083406
0.6430808
0.717203
0.6390524
0.7284825
0.635024
0.7365393
0.6301899
0.744596
0.6261616
0.744596
0.6277729
0.7437903
0.6253559
0.744596
0.6213275
0.7381506
0.6237445
0.7357336
0.6269672
0.7308995
0.6269672
0.7220371
0.6318013
0.714786
0.6366354
0.7051179
0.6390524
0.6930327
0.6446921
0.6777248
0.6503319
0.6680567
0.6543602
0.6527489
0.657583
0.6527489
0.6680567
0.6551659
0.6720851
0.6583886
0.6793362
0.6616113
0.6865873
0.662417
0.6938384
0.662417
0.7010895
0.6680567
0.7091463
0.6712794
0.7139803
0.6736965
0.7212314
0.6785305
0.7252598
0.6833646
0.7284825
0.6881986
0.7349279
0.6938384
0.7389563
0.6906157
0.7300939
0.7035065
0.7155917
0.7083406
0.694644
0.714786
0.6793362
0.7228427
0.6672511
0.7300939
0.662417
0.7413733
0.6591943
0.7325109
0.6591943
0.7308995
0.662417
0.7083406
0.664834
0.7035065
0.6640284
0.6954497
0.6656397
0.6817532
0.6664454
0.6712794
0.6696681
0.6591943
0.6769192
0.6487205
0.6849759
0.6471091
0.6938384
0.6471091
0.7067292
0.6406637
0.71962
0.6358297
0.7317052
0.6318013
0.7454017
0.6285786
0.7437903
0.6245502
0.7454017
0.6245502
0.7373449
0.6253559
0.7300939
0.6277729
0.717203
0.632607
0.7002838
0.6422751
0.6849759
0.6454978
0.6672511
0.6511375
0.6503319
0.6608057
0.6535545
0.6656397
0.6535545
0.6704738
0.657583
0.6753078
0.6608057
0.6825589
0.6616113
0.687393
0.662417
0.6906157
0.6632227
0.6970611
0.6656397
0.7010895
0.6680567
0.7051179
0.6696681
0.7115633
0.6704738
0.7155917
0.6728908
0.7188144
0.6761135
0.7236485
0.6801419
0.7268711
0.6857816
0.7308995
0.6881986
0.7397619
0.692227
0.7373449
0.6978668
0.7276768
0.7027009
0.7115633
0.7067292
0.6994781
0.7155917
0.6793362
0.71962
0.6753078
0.7252598
0.6591943
0.7333165
0.6632227
0.7413733
0.6608057
0.7341222
0.657583
0.7292881
0.6640284
0.7107576
0.662417
0.7010895
0.662417
0.692227
0.6720851
0.6777248
0.6664454
0.6712794
0.6680567
0.6583886
0.6745021
0.6479148
0.6857816
0.6471091
0.6914213
0.6471091
0.7018952
0.6422751
0.7115633
0.6406637
0.7236485
0.635024
0.7325109
0.6301899
0.7437903
0.6269672
0.744596
0.6277729
0.7437903
0.6229389
0.7365393
0.6229389
0.7292881
0.6261616
0.7163973
0.6334126
0.6978668
0.6390524
0.6809475
0.6471091
0.6616113
0.6543602
0.6487205
0.6599999
0.6527489
0.6680567
0.6583886
0.6809475
0.662417
0.6865873
0.6632227
0.6962554
0.6664454
0.7043122
0.6664454
0.7115633
0.6728908
0.717203
0.6761135
0.71962
0.6817532
0.7244541
0.6849759
0.7308995
0.6906157
0.7357336
0.6954497
0.7389563
0.7018952
0.7220371
0.7075349
0.7067292
0.7139803
0.6857816
0.7228427
0.664834
0.7292881
0.6616113
0.742179
0.6591943
0.7333165
0.6591943
0.7308995
0.6640284
0.712369
0.6672511
0.694644
0.664834
0.6841702
0.664834
0.6777248
0.6672511
0.664834
0.6736965
0.6479148
0.6825589
0.6519432
0.6906157
0.6471091
0.6978668
0.6430808
0.712369
0.6406637
0.7220371
0.635024
0.7381506
0.6285786
0.7454017
0.6245502
0.7454017
0.6197162
0.7429847
0.6221332
0.7349279
0.6205218
0.7244541
0.6277729
0.712369
0.6334126
0.6970611
0.6390524
0.6793362
0.6471091
0.6567773
0.6543602
0.6479148
0.6591943
0.6559716
0.6664454
0.6583886
0.6745021
0.6591943
0.6817532
0.6616113
0.68981
0.664834
0.6938384
0.6640284
0.7002838
0.6664454
0.7035065
0.6680567
0.7131746
0.6712794
0.7155917
0.6745021
0.7188144
0.6793362
0.7236485
0.6825589
0.7244541
0.6849759
0.7308995
0.6890043
0.7349279
0.6938384
0.7405676
0.6986725
0.7373449
0.7043122
0.7107576
0.7043122
0.712369
0.712369
0.6890043
0.7163973
0.6801419
0.7260654
0.6608057
0.7317052
0.6583886
0.7357336
0.6608057
0.7381506
0.6583886
0.7333165
0.6567773
0.7260654
0.6656397
0.7091463
0.6599999
0.7083406
0.6664454
0.694644
0.662417
0.6914213
0.6688624
0.6809475
0.664834
0.6736965
0.6680567
0.6616113
0.6696681
0.6487205
0.6793362
0.6487205
0.6849759
0.6487205
0.6978668
0.6438865
0.7075349
0.6422751
0.7204257
0.6366354
0.7308995
0.6309957
0.7397619
0.6253559
0.744596
0.6245502
0.7454017
0.6221332
0.7405676
0.6213275
0.7341222
0.6229389
0.7276768
0.6253559
0.7180087
0.6277729
0.7091463
0.6318013
0.7010895
0.635024
0.68981
0.6398581
0.6817532
0.6446921
0.6680567
0.6479148
0.657583
0.6487205
0.6471091
0.6543602
0.6479148
0.657583
0.6511375
0.6616113
0.6551659
0.6616113
0.6551659
0.6656397
0.6608057
0.6688624
0.657583
0.6728908
0.6583886
0.6769192
0.6608057
0.6825589
0.6608057
0.6857816
0.6616113
0.6890043
0.6616113
0.6914213
0.6640284
0.6938384
0.6656397
0.7027009
0.6664454
0.7051179
0.664834
0.7067292
0.6672511
0.7091463
0.6696681
0.7115633
0.6688624
0.714786
0.6745021
0.7163973
0.6753078
0.7180087
0.6785305
0.71962
0.6793362
0.7228427
0.6817532
0.7244541
0.6825589
0.7236485
0.6857816
0.7292881
0.6890043
0.7317052
0.6890043
0.7333165
0.692227
0.7365393
0.6954497
0.7357336
0.6978668
0.7389563
0.6986725
0.7389563
0.7002838
0.7188144
0.7075349
0.7043122
0.7083406
0.7155917
0.714786
0.6962554
0.7163973
0.6865873
0.7188144
0.6753078
0.7228427
0.6696681
0.7276768
0.657583
0.7308995
0.6551659
0.7349279
0.6567773
0.7397619
0.6608057
0.7405676
0.6591943
0.742179
0.657583
0.7349279
0.6583886
0.7325109
0.657583
0.7325109
0.6591943
0.7341222
0.6559716
0.7325109
0.6680567
0.7099519
0.664834
0.7067292
0.6599999
0.6994781
0.662417
0.6930327
0.6632227
0.6825589
0.6608057
0.6777248
0.6608057
0.6688624
0.6664454
0.657583
0.6712794
0.6463035
0.6777248
0.6487205
0.6881986
0.6454978
0.7010895
0.6414694
0.7107576
0.6318013
0.7300939
0.6269672
0.7462073
0.6197162
0.7429847
0.6189105
0.7429847
0.6189105
0.7317052
0.6197162
0.7188144
0.6237445
0.7075349
0.6301899
0.6857816
0.6406637
0.6680567
0.6463035
0.6495262
0.6519432
0.6527489
0.6559716
0.6551659
0.6632227
0.6591943
0.6712794
0.6599999
0.6785305
0.6599999
0.6865873
0.664834
0.6938384
0.6640284
0.6978668
0.6640284
0.7051179
0.6672511
0.7091463
0.6696681
0.7155917
0.6761135
0.7180087
0.6817532
0.7244541
0.6849759
0.7292881
0.6914213
0.7325109
0.6962554
0.7381506
0.7035065
0.7236485
0.7099519
0.6978668
0.7180087
0.6736965
0.7284825
0.6599999
0.742179
0.6551659
0.7341222
0.6543602
0.7107576
0.6599999
0.7027009
0.6599999
0.6865873
0.662417
0.6728908
0.6656397
0.657583
0.6736965
0.6487205
0.6833646
0.6471091
0.7010895
0.6390524
0.7212314
0.6301899
0.7405676
0.6221332
0.7429847
0.6180544
0.742179
0.6180544
0.7333165
0.6180544
0.7204257
0.6237445
0.7002838
0.6318013
0.6777248
0.6414694
0.6519432
0.6495262
0.6527489
0.6551659
0.6551659
0.6656397
0.6559716
0.6745021
0.6608057
0.6825589
0.6616113
0.6906157
0.6632227
0.7018952
0.6656397
0.7083406
0.6720851
0.714786
0.6761135
0.7204257
0.6825589
0.7260654
0.6881986
0.7317052
0.6930327
0.7389563
0.6994781
0.7268711
0.7099519
0.6978668
0.717203
0.6801419
0.7308995
0.6599999
0.7389563
0.6567773
0.7292881
0.664834
0.7083406
0.6656397
0.6890043
0.6616113
0.6728908
0.662417
0.6519432
0.6753078
0.6446921
0.692227
0.6398581
0.7188144
0.6309957
0.7373449
0.6229389
0.7437903
0.6172488
0.7397619
0.6180544
0.7212314
0.6213275
0.6986725
0.632607
0.6664454
0.6471091
0.6479148
0.6567773
0.6559716
0.6672511
0.6583886
0.6785305
0.6616113
0.6906157
0.6640284
0.6986725
0.6664454
0.7075349
0.6712794
0.7155917
0.6761135
0.7212314
0.6849759
0.7300939
0.6914213
0.7357336
0.6994781
0.7397619
0.7051179
0.7180087
0.7139803
0.68981
0.7228427
0.662417
0.7349279
0.6608057
0.7349279
0.662417
0.7333165
0.662417
0.7059236
0.6640284
0.6914213
0.6640284
0.6793362
0.6591943
0.6720851
0.662417
0.6543602
0.6769192
0.6438865
0.6809475
0.6463035
0.694644
0.6406637
0.7099519
0.6358297
0.7252598
0.6285786
0.7397619
0.6213275
0.7454017
0.6180544
0.742179
0.6164431
0.7317052
0.6180544
0.7139803
0.6229389
0.6970611
0.632607
0.6696681
0.6454978
0.6438865
0.6519432
0.6543602
0.6599999
0.6583886
0.6704738
0.6591943
0.6841702
0.662417
0.6962554
0.664834
0.7067292
0.6696681
0.7163973
0.6769192
0.7244541
0.6857816
0.7292881
0.6914213
0.7349279
0.7018952
0.7244541
0.7139803
0.6890043
0.7244541
0.664834
0.7397619
0.6608057
0.7317052
0.6640284
0.7075349
0.6696681
0.6865873
0.6616113
0.6672511
0.6712794
0.6414694
0.6817532
0.6446921
0.7099519
0.6318013
0.7381506
0.6213275
0.742179
0.6148317
0.7341222
0.6180544
0.7059236
0.6318013
0.6680567
0.6479148
0.6551659
0.6599999
0.6583886
0.6728908
0.6591943
0.6890043
0.664834
0.7010895
0.6672511
0.712369
0.6777248
0.7228427
0.6849759
0.7292881
0.6938384
0.7381506
0.7043122
0.7107576
0.7155917
0.6881986
0.7300939
0.6583886
0.7317052
0.6559716
0.7083406
0.6696681
0.6890043
0.662417
0.6640284
0.6736965
0.6479148
0.6930327
0.6422751
0.717203
0.6318013
0.7397619
0.6197162
0.742179
0.6164431
0.7300939
0.6213275
0.7002838
0.635024
0.657583
0.6479148
0.6551659
0.6616113
0.6599999
0.6753078
0.6608057
0.68981
0.6656397
0.6994781
0.6672511
0.7091463
0.6728908
0.71962
0.6793362
0.7228427
0.687393
0.7317052
0.6962554
0.7357336
0.7002838
0.7325109
0.7091463
0.7091463
0.717203
0.6712794
0.7284825
0.6543602
0.7405676
0.6616113
0.7325109
0.6591943
0.71962
0.6640284
0.7051179
0.6680567
0.6890043
0.6672511
0.6696681
0.6640284
0.6608057
0.6712794
0.6495262
0.6777248
0.6495262
0.687393
0.6454978
0.7002838
0.6390524
0.7139803
0.6293843
0.7317052
0.6285786
0.7413733
0.6197162
0.7437903
0.6156374
0.744596
0.6156374
0.7365393
0.6148317
0.7284825
0.6180544
0.712369
0.6213275
0.6962554
0.6277729
0.6809475
0.6334126
0.6680567
0.6366354
0.6511375
0.6446921
0.6479148
0.6495262
0.6519432
0.6551659
0.6527489
0.662417
0.657583
0.6640284
0.657583
0.6704738
0.6591943
0.6777248
0.6583886
0.6825589
0.6616113
0.6890043
0.6599999
0.6930327
0.6632227
0.6994781
0.664834
0.7018952
0.6672511
0.7051179
0.6688624
0.7099519
0.6704738
0.7155917
0.6761135
0.7155917
0.6793362
0.7180087
0.6809475
0.7236485
0.6833646
0.7252598
0.6890043
0.7317052
0.6930327
0.7325109
0.694644
0.7349279
0.7027009
0.7349279
0.7051179
0.7284825
0.7075349
0.714786
0.714786
0.7035065
0.7220371
0.6745021
0.7292881
0.6608057
0.7381506
0.6608057
0.7333165
0.6599999
0.7333165
0.6583886
0.7244541
0.6688624
0.7059236
0.6640284
0.7043122
0.6672511
0.6890043
0.664834
0.6745021
0.6640284
0.6720851
0.6656397
0.6559716
0.6672511
0.6446921
0.6777248
0.6487205
0.6849759
0.6446921
0.6938384
0.6422751
0.7075349
0.6358297
0.7236485
0.6301899
0.7357336
0.6229389
0.7494301
0.6172488
0.7454017
0.6148317
0.742179
0.6164431
0.7276768
0.6172488
0.7107576
0.6229389
0.6857816
0.6334126
0.6535545
0.6422751
0.6463035
0.657583
0.6535545
0.6640284
0.6591943
0.6753078
0.6599999
0.6857816
0.6616113
0.6962554
0.664834
0.7059236
0.6704738
0.7115633
0.6745021
0.7188144
0.6793362
0.7228427
0.6857816
0.7292881
0.6906157
0.7341222
0.6994781
0.7397619
0.7059236
0.7389563
0.7107576
0.7188144
0.7107576
0.6962554
0.7188144
0.6793362
0.7244541
0.664834
0.7317052
0.6591943
0.7389563
0.6616113
0.7437903
0.6640284
0.7373449
0.6608057
0.7308995
0.6591943
0.7341222
0.6599999
0.7268711
0.664834
0.717203
0.6672511
0.7099519
0.664834
0.7059236
0.6640284
0.7099519
0.6632227
0.7035065
0.6664454
